{
  "total_count": 16,
  "incomplete_results": false,
  "items": [
    {
      "id": 31865176,
      "node_id": "MDEwOlJlcG9zaXRvcnkzMTg2NTE3Ng==",
      "name": "Material-Animations",
      "full_name": "lgvalle/Material-Animations",
      "private": false,
      "owner": {
        "login": "lgvalle",
        "id": 354372,
        "node_id": "MDQ6VXNlcjM1NDM3Mg==",
        "avatar_url": "https://avatars0.githubusercontent.com/u/354372?v=4",
        "gravatar_id": "",
        "url": "https://api.github.com/users/lgvalle",
        "html_url": "https://github.com/lgvalle",
        "followers_url": "https://api.github.com/users/lgvalle/followers",
        "following_url": "https://api.github.com/users/lgvalle/following{/other_user}",
        "gists_url": "https://api.github.com/users/lgvalle/gists{/gist_id}",
        "starred_url": "https://api.github.com/users/lgvalle/starred{/owner}{/repo}",
        "subscriptions_url": "https://api.github.com/users/lgvalle/subscriptions",
        "organizations_url": "https://api.github.com/users/lgvalle/orgs",
        "repos_url": "https://api.github.com/users/lgvalle/repos",
        "events_url": "https://api.github.com/users/lgvalle/events{/privacy}",
        "received_events_url": "https://api.github.com/users/lgvalle/received_events",
        "type": "User",
        "site_admin": false
      },
      "html_url": "https://github.com/lgvalle/Material-Animations",
      "description": "Android Transition animations explanation with examples.",
      "fork": false,
      "url": "https://api.github.com/repos/lgvalle/Material-Animations",
      "forks_url": "https://api.github.com/repos/lgvalle/Material-Animations/forks",
      "keys_url": "https://api.github.com/repos/lgvalle/Material-Animations/keys{/key_id}",
      "collaborators_url": "https://api.github.com/repos/lgvalle/Material-Animations/collaborators{/collaborator}",
      "teams_url": "https://api.github.com/repos/lgvalle/Material-Animations/teams",
      "hooks_url": "https://api.github.com/repos/lgvalle/Material-Animations/hooks",
      "issue_events_url": "https://api.github.com/repos/lgvalle/Material-Animations/issues/events{/number}",
      "events_url": "https://api.github.com/repos/lgvalle/Material-Animations/events",
      "assignees_url": "https://api.github.com/repos/lgvalle/Material-Animations/assignees{/user}",
      "branches_url": "https://api.github.com/repos/lgvalle/Material-Animations/branches{/branch}",
      "tags_url": "https://api.github.com/repos/lgvalle/Material-Animations/tags",
      "blobs_url": "https://api.github.com/repos/lgvalle/Material-Animations/git/blobs{/sha}",
      "git_tags_url": "https://api.github.com/repos/lgvalle/Material-Animations/git/tags{/sha}",
      "git_refs_url": "https://api.github.com/repos/lgvalle/Material-Animations/git/refs{/sha}",
      "trees_url": "https://api.github.com/repos/lgvalle/Material-Animations/git/trees{/sha}",
      "statuses_url": "https://api.github.com/repos/lgvalle/Material-Animations/statuses/{sha}",
      "languages_url": "https://api.github.com/repos/lgvalle/Material-Animations/languages",
      "stargazers_url": "https://api.github.com/repos/lgvalle/Material-Animations/stargazers",
      "contributors_url": "https://api.github.com/repos/lgvalle/Material-Animations/contributors",
      "subscribers_url": "https://api.github.com/repos/lgvalle/Material-Animations/subscribers",
      "subscription_url": "https://api.github.com/repos/lgvalle/Material-Animations/subscription",
      "commits_url": "https://api.github.com/repos/lgvalle/Material-Animations/commits{/sha}",
      "git_commits_url": "https://api.github.com/repos/lgvalle/Material-Animations/git/commits{/sha}",
      "comments_url": "https://api.github.com/repos/lgvalle/Material-Animations/comments{/number}",
      "issue_comment_url": "https://api.github.com/repos/lgvalle/Material-Animations/issues/comments{/number}",
      "contents_url": "https://api.github.com/repos/lgvalle/Material-Animations/contents/{+path}",
      "compare_url": "https://api.github.com/repos/lgvalle/Material-Animations/compare/{base}...{head}",
      "merges_url": "https://api.github.com/repos/lgvalle/Material-Animations/merges",
      "archive_url": "https://api.github.com/repos/lgvalle/Material-Animations/{archive_format}{/ref}",
      "downloads_url": "https://api.github.com/repos/lgvalle/Material-Animations/downloads",
      "issues_url": "https://api.github.com/repos/lgvalle/Material-Animations/issues{/number}",
      "pulls_url": "https://api.github.com/repos/lgvalle/Material-Animations/pulls{/number}",
      "milestones_url": "https://api.github.com/repos/lgvalle/Material-Animations/milestones{/number}",
      "notifications_url": "https://api.github.com/repos/lgvalle/Material-Animations/notifications{?since,all,participating}",
      "labels_url": "https://api.github.com/repos/lgvalle/Material-Animations/labels{/name}",
      "releases_url": "https://api.github.com/repos/lgvalle/Material-Animations/releases{/id}",
      "deployments_url": "https://api.github.com/repos/lgvalle/Material-Animations/deployments",
      "created_at": "2015-03-08T20:54:00Z",
      "updated_at": "2018-11-29T17:33:04Z",
      "pushed_at": "2018-02-02T16:39:50Z",
      "git_url": "git://github.com/lgvalle/Material-Animations.git",
      "ssh_url": "git@github.com:lgvalle/Material-Animations.git",
      "clone_url": "https://github.com/lgvalle/Material-Animations.git",
      "svn_url": "https://github.com/lgvalle/Material-Animations",
      "homepage": "",
      "size": 8692,
      "stargazers_count": 12256,
      "watchers_count": 12256,
      "language": "Java",
      "has_issues": true,
      "has_projects": true,
      "has_downloads": true,
      "has_wiki": true,
      "has_pages": false,
      "forks_count": 2454,
      "mirror_url": null,
      "archived": false,
      "open_issues_count": 15,
      "license": {
        "key": "mit",
        "name": "MIT License",
        "spdx_id": "MIT",
        "url": "https://api.github.com/licenses/mit",
        "node_id": "MDc6TGljZW5zZTEz"
      },
      "forks": 2454,
      "open_issues": 15,
      "watchers": 12256,
      "default_branch": "master",
      "score": 51.801334
    },
    {
      "id": 14305312,
      "node_id": "MDEwOlJlcG9zaXRvcnkxNDMwNTMxMg==",
      "name": "AndroidRecording",
      "full_name": "steelkiwi/AndroidRecording",
      "private": false,
      "owner": {
        "login": "steelkiwi",
        "id": 5279650,
        "node_id": "MDEyOk9yZ2FuaXphdGlvbjUyNzk2NTA=",
        "avatar_url": "https://avatars3.githubusercontent.com/u/5279650?v=4",
        "gravatar_id": "",
        "url": "https://api.github.com/users/steelkiwi",
        "html_url": "https://github.com/steelkiwi",
        "followers_url": "https://api.github.com/users/steelkiwi/followers",
        "following_url": "https://api.github.com/users/steelkiwi/following{/other_user}",
        "gists_url": "https://api.github.com/users/steelkiwi/gists{/gist_id}",
        "starred_url": "https://api.github.com/users/steelkiwi/starred{/owner}{/repo}",
        "subscriptions_url": "https://api.github.com/users/steelkiwi/subscriptions",
        "organizations_url": "https://api.github.com/users/steelkiwi/orgs",
        "repos_url": "https://api.github.com/users/steelkiwi/repos",
        "events_url": "https://api.github.com/users/steelkiwi/events{/privacy}",
        "received_events_url": "https://api.github.com/users/steelkiwi/received_events",
        "type": "Organization",
        "site_admin": false
      },
      "html_url": "https://github.com/steelkiwi/AndroidRecording",
      "description": "Android Recording library offers convenient tools for audio/video recording and playback",
      "fork": false,
      "url": "https://api.github.com/repos/steelkiwi/AndroidRecording",
      "forks_url": "https://api.github.com/repos/steelkiwi/AndroidRecording/forks",
      "keys_url": "https://api.github.com/repos/steelkiwi/AndroidRecording/keys{/key_id}",
      "collaborators_url": "https://api.github.com/repos/steelkiwi/AndroidRecording/collaborators{/collaborator}",
      "teams_url": "https://api.github.com/repos/steelkiwi/AndroidRecording/teams",
      "hooks_url": "https://api.github.com/repos/steelkiwi/AndroidRecording/hooks",
      "issue_events_url": "https://api.github.com/repos/steelkiwi/AndroidRecording/issues/events{/number}",
      "events_url": "https://api.github.com/repos/steelkiwi/AndroidRecording/events",
      "assignees_url": "https://api.github.com/repos/steelkiwi/AndroidRecording/assignees{/user}",
      "branches_url": "https://api.github.com/repos/steelkiwi/AndroidRecording/branches{/branch}",
      "tags_url": "https://api.github.com/repos/steelkiwi/AndroidRecording/tags",
      "blobs_url": "https://api.github.com/repos/steelkiwi/AndroidRecording/git/blobs{/sha}",
      "git_tags_url": "https://api.github.com/repos/steelkiwi/AndroidRecording/git/tags{/sha}",
      "git_refs_url": "https://api.github.com/repos/steelkiwi/AndroidRecording/git/refs{/sha}",
      "trees_url": "https://api.github.com/repos/steelkiwi/AndroidRecording/git/trees{/sha}",
      "statuses_url": "https://api.github.com/repos/steelkiwi/AndroidRecording/statuses/{sha}",
      "languages_url": "https://api.github.com/repos/steelkiwi/AndroidRecording/languages",
      "stargazers_url": "https://api.github.com/repos/steelkiwi/AndroidRecording/stargazers",
      "contributors_url": "https://api.github.com/repos/steelkiwi/AndroidRecording/contributors",
      "subscribers_url": "https://api.github.com/repos/steelkiwi/AndroidRecording/subscribers",
      "subscription_url": "https://api.github.com/repos/steelkiwi/AndroidRecording/subscription",
      "commits_url": "https://api.github.com/repos/steelkiwi/AndroidRecording/commits{/sha}",
      "git_commits_url": "https://api.github.com/repos/steelkiwi/AndroidRecording/git/commits{/sha}",
      "comments_url": "https://api.github.com/repos/steelkiwi/AndroidRecording/comments{/number}",
      "issue_comment_url": "https://api.github.com/repos/steelkiwi/AndroidRecording/issues/comments{/number}",
      "contents_url": "https://api.github.com/repos/steelkiwi/AndroidRecording/contents/{+path}",
      "compare_url": "https://api.github.com/repos/steelkiwi/AndroidRecording/compare/{base}...{head}",
      "merges_url": "https://api.github.com/repos/steelkiwi/AndroidRecording/merges",
      "archive_url": "https://api.github.com/repos/steelkiwi/AndroidRecording/{archive_format}{/ref}",
      "downloads_url": "https://api.github.com/repos/steelkiwi/AndroidRecording/downloads",
      "issues_url": "https://api.github.com/repos/steelkiwi/AndroidRecording/issues{/number}",
      "pulls_url": "https://api.github.com/repos/steelkiwi/AndroidRecording/pulls{/number}",
      "milestones_url": "https://api.github.com/repos/steelkiwi/AndroidRecording/milestones{/number}",
      "notifications_url": "https://api.github.com/repos/steelkiwi/AndroidRecording/notifications{?since,all,participating}",
      "labels_url": "https://api.github.com/repos/steelkiwi/AndroidRecording/labels{/name}",
      "releases_url": "https://api.github.com/repos/steelkiwi/AndroidRecording/releases{/id}",
      "deployments_url": "https://api.github.com/repos/steelkiwi/AndroidRecording/deployments",
      "created_at": "2013-11-11T15:49:55Z",
      "updated_at": "2018-11-28T18:31:33Z",
      "pushed_at": "2018-02-03T05:57:04Z",
      "git_url": "git://github.com/steelkiwi/AndroidRecording.git",
      "ssh_url": "git@github.com:steelkiwi/AndroidRecording.git",
      "clone_url": "https://github.com/steelkiwi/AndroidRecording.git",
      "svn_url": "https://github.com/steelkiwi/AndroidRecording",
      "homepage": null,
      "size": 744,
      "stargazers_count": 388,
      "watchers_count": 388,
      "language": "Java",
      "has_issues": true,
      "has_projects": true,
      "has_downloads": true,
      "has_wiki": true,
      "has_pages": false,
      "forks_count": 137,
      "mirror_url": null,
      "archived": false,
      "open_issues_count": 14,
      "license": {
        "key": "apache-2.0",
        "name": "Apache License 2.0",
        "spdx_id": "Apache-2.0",
        "url": "https://api.github.com/licenses/apache-2.0",
        "node_id": "MDc6TGljZW5zZTI="
      },
      "forks": 137,
      "open_issues": 14,
      "watchers": 388,
      "default_branch": "master",
      "score": 51.47187
    },
    {
      "id": 29018754,
      "node_id": "MDEwOlJlcG9zaXRvcnkyOTAxODc1NA==",
      "name": "android-tagview",
      "full_name": "kaedea/android-tagview",
      "private": false,
      "owner": {
        "login": "kaedea",
        "id": 3963397,
        "node_id": "MDQ6VXNlcjM5NjMzOTc=",
        "avatar_url": "https://avatars0.githubusercontent.com/u/3963397?v=4",
        "gravatar_id": "",
        "url": "https://api.github.com/users/kaedea",
        "html_url": "https://github.com/kaedea",
        "followers_url": "https://api.github.com/users/kaedea/followers",
        "following_url": "https://api.github.com/users/kaedea/following{/other_user}",
        "gists_url": "https://api.github.com/users/kaedea/gists{/gist_id}",
        "starred_url": "https://api.github.com/users/kaedea/starred{/owner}{/repo}",
        "subscriptions_url": "https://api.github.com/users/kaedea/subscriptions",
        "organizations_url": "https://api.github.com/users/kaedea/orgs",
        "repos_url": "https://api.github.com/users/kaedea/repos",
        "events_url": "https://api.github.com/users/kaedea/events{/privacy}",
        "received_events_url": "https://api.github.com/users/kaedea/received_events",
        "type": "User",
        "site_admin": false
      },
      "html_url": "https://github.com/kaedea/android-tagview",
      "description": "An Android TagView Widget. You can edit the tag's style, and set listener of selecting or deleting tag. ",
      "fork": false,
      "url": "https://api.github.com/repos/kaedea/android-tagview",
      "forks_url": "https://api.github.com/repos/kaedea/android-tagview/forks",
      "keys_url": "https://api.github.com/repos/kaedea/android-tagview/keys{/key_id}",
      "collaborators_url": "https://api.github.com/repos/kaedea/android-tagview/collaborators{/collaborator}",
      "teams_url": "https://api.github.com/repos/kaedea/android-tagview/teams",
      "hooks_url": "https://api.github.com/repos/kaedea/android-tagview/hooks",
      "issue_events_url": "https://api.github.com/repos/kaedea/android-tagview/issues/events{/number}",
      "events_url": "https://api.github.com/repos/kaedea/android-tagview/events",
      "assignees_url": "https://api.github.com/repos/kaedea/android-tagview/assignees{/user}",
      "branches_url": "https://api.github.com/repos/kaedea/android-tagview/branches{/branch}",
      "tags_url": "https://api.github.com/repos/kaedea/android-tagview/tags",
      "blobs_url": "https://api.github.com/repos/kaedea/android-tagview/git/blobs{/sha}",
      "git_tags_url": "https://api.github.com/repos/kaedea/android-tagview/git/tags{/sha}",
      "git_refs_url": "https://api.github.com/repos/kaedea/android-tagview/git/refs{/sha}",
      "trees_url": "https://api.github.com/repos/kaedea/android-tagview/git/trees{/sha}",
      "statuses_url": "https://api.github.com/repos/kaedea/android-tagview/statuses/{sha}",
      "languages_url": "https://api.github.com/repos/kaedea/android-tagview/languages",
      "stargazers_url": "https://api.github.com/repos/kaedea/android-tagview/stargazers",
      "contributors_url": "https://api.github.com/repos/kaedea/android-tagview/contributors",
      "subscribers_url": "https://api.github.com/repos/kaedea/android-tagview/subscribers",
      "subscription_url": "https://api.github.com/repos/kaedea/android-tagview/subscription",
      "commits_url": "https://api.github.com/repos/kaedea/android-tagview/commits{/sha}",
      "git_commits_url": "https://api.github.com/repos/kaedea/android-tagview/git/commits{/sha}",
      "comments_url": "https://api.github.com/repos/kaedea/android-tagview/comments{/number}",
      "issue_comment_url": "https://api.github.com/repos/kaedea/android-tagview/issues/comments{/number}",
      "contents_url": "https://api.github.com/repos/kaedea/android-tagview/contents/{+path}",
      "compare_url": "https://api.github.com/repos/kaedea/android-tagview/compare/{base}...{head}",
      "merges_url": "https://api.github.com/repos/kaedea/android-tagview/merges",
      "archive_url": "https://api.github.com/repos/kaedea/android-tagview/{archive_format}{/ref}",
      "downloads_url": "https://api.github.com/repos/kaedea/android-tagview/downloads",
      "issues_url": "https://api.github.com/repos/kaedea/android-tagview/issues{/number}",
      "pulls_url": "https://api.github.com/repos/kaedea/android-tagview/pulls{/number}",
      "milestones_url": "https://api.github.com/repos/kaedea/android-tagview/milestones{/number}",
      "notifications_url": "https://api.github.com/repos/kaedea/android-tagview/notifications{?since,all,participating}",
      "labels_url": "https://api.github.com/repos/kaedea/android-tagview/labels{/name}",
      "releases_url": "https://api.github.com/repos/kaedea/android-tagview/releases{/id}",
      "deployments_url": "https://api.github.com/repos/kaedea/android-tagview/deployments",
      "created_at": "2015-01-09T14:05:24Z",
      "updated_at": "2018-11-28T09:09:12Z",
      "pushed_at": "2018-02-01T14:47:58Z",
      "git_url": "git://github.com/kaedea/android-tagview.git",
      "ssh_url": "git@github.com:kaedea/android-tagview.git",
      "clone_url": "https://github.com/kaedea/android-tagview.git",
      "svn_url": "https://github.com/kaedea/android-tagview",
      "homepage": "",
      "size": 2889,
      "stargazers_count": 639,
      "watchers_count": 639,
      "language": "Java",
      "has_issues": true,
      "has_projects": true,
      "has_downloads": true,
      "has_wiki": true,
      "has_pages": false,
      "forks_count": 141,
      "mirror_url": null,
      "archived": false,
      "open_issues_count": 19,
      "license": null,
      "forks": 141,
      "open_issues": 19,
      "watchers": 639,
      "default_branch": "master",
      "score": 44.766945
    },
    {
      "id": 58458298,
      "node_id": "MDEwOlJlcG9zaXRvcnk1ODQ1ODI5OA==",
      "name": "600SeriesAndroidUploader",
      "full_name": "pazaan/600SeriesAndroidUploader",
      "private": false,
      "owner": {
        "login": "pazaan",
        "id": 96943,
        "node_id": "MDQ6VXNlcjk2OTQz",
        "avatar_url": "https://avatars3.githubusercontent.com/u/96943?v=4",
        "gravatar_id": "",
        "url": "https://api.github.com/users/pazaan",
        "html_url": "https://github.com/pazaan",
        "followers_url": "https://api.github.com/users/pazaan/followers",
        "following_url": "https://api.github.com/users/pazaan/following{/other_user}",
        "gists_url": "https://api.github.com/users/pazaan/gists{/gist_id}",
        "starred_url": "https://api.github.com/users/pazaan/starred{/owner}{/repo}",
        "subscriptions_url": "https://api.github.com/users/pazaan/subscriptions",
        "organizations_url": "https://api.github.com/users/pazaan/orgs",
        "repos_url": "https://api.github.com/users/pazaan/repos",
        "events_url": "https://api.github.com/users/pazaan/events{/privacy}",
        "received_events_url": "https://api.github.com/users/pazaan/received_events",
        "type": "User",
        "site_admin": false
      },
      "html_url": "https://github.com/pazaan/600SeriesAndroidUploader",
      "description": "Your Medtronic 600-series pump data, direct to Nightscout",
      "fork": false,
      "url": "https://api.github.com/repos/pazaan/600SeriesAndroidUploader",
      "forks_url": "https://api.github.com/repos/pazaan/600SeriesAndroidUploader/forks",
      "keys_url": "https://api.github.com/repos/pazaan/600SeriesAndroidUploader/keys{/key_id}",
      "collaborators_url": "https://api.github.com/repos/pazaan/600SeriesAndroidUploader/collaborators{/collaborator}",
      "teams_url": "https://api.github.com/repos/pazaan/600SeriesAndroidUploader/teams",
      "hooks_url": "https://api.github.com/repos/pazaan/600SeriesAndroidUploader/hooks",
      "issue_events_url": "https://api.github.com/repos/pazaan/600SeriesAndroidUploader/issues/events{/number}",
      "events_url": "https://api.github.com/repos/pazaan/600SeriesAndroidUploader/events",
      "assignees_url": "https://api.github.com/repos/pazaan/600SeriesAndroidUploader/assignees{/user}",
      "branches_url": "https://api.github.com/repos/pazaan/600SeriesAndroidUploader/branches{/branch}",
      "tags_url": "https://api.github.com/repos/pazaan/600SeriesAndroidUploader/tags",
      "blobs_url": "https://api.github.com/repos/pazaan/600SeriesAndroidUploader/git/blobs{/sha}",
      "git_tags_url": "https://api.github.com/repos/pazaan/600SeriesAndroidUploader/git/tags{/sha}",
      "git_refs_url": "https://api.github.com/repos/pazaan/600SeriesAndroidUploader/git/refs{/sha}",
      "trees_url": "https://api.github.com/repos/pazaan/600SeriesAndroidUploader/git/trees{/sha}",
      "statuses_url": "https://api.github.com/repos/pazaan/600SeriesAndroidUploader/statuses/{sha}",
      "languages_url": "https://api.github.com/repos/pazaan/600SeriesAndroidUploader/languages",
      "stargazers_url": "https://api.github.com/repos/pazaan/600SeriesAndroidUploader/stargazers",
      "contributors_url": "https://api.github.com/repos/pazaan/600SeriesAndroidUploader/contributors",
      "subscribers_url": "https://api.github.com/repos/pazaan/600SeriesAndroidUploader/subscribers",
      "subscription_url": "https://api.github.com/repos/pazaan/600SeriesAndroidUploader/subscription",
      "commits_url": "https://api.github.com/repos/pazaan/600SeriesAndroidUploader/commits{/sha}",
      "git_commits_url": "https://api.github.com/repos/pazaan/600SeriesAndroidUploader/git/commits{/sha}",
      "comments_url": "https://api.github.com/repos/pazaan/600SeriesAndroidUploader/comments{/number}",
      "issue_comment_url": "https://api.github.com/repos/pazaan/600SeriesAndroidUploader/issues/comments{/number}",
      "contents_url": "https://api.github.com/repos/pazaan/600SeriesAndroidUploader/contents/{+path}",
      "compare_url": "https://api.github.com/repos/pazaan/600SeriesAndroidUploader/compare/{base}...{head}",
      "merges_url": "https://api.github.com/repos/pazaan/600SeriesAndroidUploader/merges",
      "archive_url": "https://api.github.com/repos/pazaan/600SeriesAndroidUploader/{archive_format}{/ref}",
      "downloads_url": "https://api.github.com/repos/pazaan/600SeriesAndroidUploader/downloads",
      "issues_url": "https://api.github.com/repos/pazaan/600SeriesAndroidUploader/issues{/number}",
      "pulls_url": "https://api.github.com/repos/pazaan/600SeriesAndroidUploader/pulls{/number}",
      "milestones_url": "https://api.github.com/repos/pazaan/600SeriesAndroidUploader/milestones{/number}",
      "notifications_url": "https://api.github.com/repos/pazaan/600SeriesAndroidUploader/notifications{?since,all,participating}",
      "labels_url": "https://api.github.com/repos/pazaan/600SeriesAndroidUploader/labels{/name}",
      "releases_url": "https://api.github.com/repos/pazaan/600SeriesAndroidUploader/releases{/id}",
      "deployments_url": "https://api.github.com/repos/pazaan/600SeriesAndroidUploader/deployments",
      "created_at": "2016-05-10T12:12:28Z",
      "updated_at": "2018-11-17T16:50:35Z",
      "pushed_at": "2018-02-03T23:19:17Z",
      "git_url": "git://github.com/pazaan/600SeriesAndroidUploader.git",
      "ssh_url": "git@github.com:pazaan/600SeriesAndroidUploader.git",
      "clone_url": "https://github.com/pazaan/600SeriesAndroidUploader.git",
      "svn_url": "https://github.com/pazaan/600SeriesAndroidUploader",
      "homepage": "http://pazaan.github.io/600SeriesAndroidUploader/",
      "size": 3761,
      "stargazers_count": 100,
      "watchers_count": 100,
      "language": "Java",
      "has_issues": true,
      "has_projects": true,
      "has_downloads": true,
      "has_wiki": true,
      "has_pages": true,
      "forks_count": 173,
      "mirror_url": null,
      "archived": false,
      "open_issues_count": 51,
      "license": {
        "key": "mit",
        "name": "MIT License",
        "spdx_id": "MIT",
        "url": "https://api.github.com/licenses/mit",
        "node_id": "MDc6TGljZW5zZTEz"
      },
      "forks": 173,
      "open_issues": 51,
      "watchers": 100,
      "default_branch": "master",
      "score": 39.33014
    },
    {
      "id": 43891567,
      "node_id": "MDEwOlJlcG9zaXRvcnk0Mzg5MTU2Nw==",
      "name": "365browser",
      "full_name": "mogoweb/365browser",
      "private": false,
      "owner": {
        "login": "mogoweb",
        "id": 1333855,
        "node_id": "MDQ6VXNlcjEzMzM4NTU=",
        "avatar_url": "https://avatars2.githubusercontent.com/u/1333855?v=4",
        "gravatar_id": "",
        "url": "https://api.github.com/users/mogoweb",
        "html_url": "https://github.com/mogoweb",
        "followers_url": "https://api.github.com/users/mogoweb/followers",
        "following_url": "https://api.github.com/users/mogoweb/following{/other_user}",
        "gists_url": "https://api.github.com/users/mogoweb/gists{/gist_id}",
        "starred_url": "https://api.github.com/users/mogoweb/starred{/owner}{/repo}",
        "subscriptions_url": "https://api.github.com/users/mogoweb/subscriptions",
        "organizations_url": "https://api.github.com/users/mogoweb/orgs",
        "repos_url": "https://api.github.com/users/mogoweb/repos",
        "events_url": "https://api.github.com/users/mogoweb/events{/privacy}",
        "received_events_url": "https://api.github.com/users/mogoweb/received_events",
        "type": "User",
        "site_admin": false
      },
      "html_url": "https://github.com/mogoweb/365browser",
      "description": "An android browser based on chromium for android",
      "fork": false,
      "url": "https://api.github.com/repos/mogoweb/365browser",
      "forks_url": "https://api.github.com/repos/mogoweb/365browser/forks",
      "keys_url": "https://api.github.com/repos/mogoweb/365browser/keys{/key_id}",
      "collaborators_url": "https://api.github.com/repos/mogoweb/365browser/collaborators{/collaborator}",
      "teams_url": "https://api.github.com/repos/mogoweb/365browser/teams",
      "hooks_url": "https://api.github.com/repos/mogoweb/365browser/hooks",
      "issue_events_url": "https://api.github.com/repos/mogoweb/365browser/issues/events{/number}",
      "events_url": "https://api.github.com/repos/mogoweb/365browser/events",
      "assignees_url": "https://api.github.com/repos/mogoweb/365browser/assignees{/user}",
      "branches_url": "https://api.github.com/repos/mogoweb/365browser/branches{/branch}",
      "tags_url": "https://api.github.com/repos/mogoweb/365browser/tags",
      "blobs_url": "https://api.github.com/repos/mogoweb/365browser/git/blobs{/sha}",
      "git_tags_url": "https://api.github.com/repos/mogoweb/365browser/git/tags{/sha}",
      "git_refs_url": "https://api.github.com/repos/mogoweb/365browser/git/refs{/sha}",
      "trees_url": "https://api.github.com/repos/mogoweb/365browser/git/trees{/sha}",
      "statuses_url": "https://api.github.com/repos/mogoweb/365browser/statuses/{sha}",
      "languages_url": "https://api.github.com/repos/mogoweb/365browser/languages",
      "stargazers_url": "https://api.github.com/repos/mogoweb/365browser/stargazers",
      "contributors_url": "https://api.github.com/repos/mogoweb/365browser/contributors",
      "subscribers_url": "https://api.github.com/repos/mogoweb/365browser/subscribers",
      "subscription_url": "https://api.github.com/repos/mogoweb/365browser/subscription",
      "commits_url": "https://api.github.com/repos/mogoweb/365browser/commits{/sha}",
      "git_commits_url": "https://api.github.com/repos/mogoweb/365browser/git/commits{/sha}",
      "comments_url": "https://api.github.com/repos/mogoweb/365browser/comments{/number}",
      "issue_comment_url": "https://api.github.com/repos/mogoweb/365browser/issues/comments{/number}",
      "contents_url": "https://api.github.com/repos/mogoweb/365browser/contents/{+path}",
      "compare_url": "https://api.github.com/repos/mogoweb/365browser/compare/{base}...{head}",
      "merges_url": "https://api.github.com/repos/mogoweb/365browser/merges",
      "archive_url": "https://api.github.com/repos/mogoweb/365browser/{archive_format}{/ref}",
      "downloads_url": "https://api.github.com/repos/mogoweb/365browser/downloads",
      "issues_url": "https://api.github.com/repos/mogoweb/365browser/issues{/number}",
      "pulls_url": "https://api.github.com/repos/mogoweb/365browser/pulls{/number}",
      "milestones_url": "https://api.github.com/repos/mogoweb/365browser/milestones{/number}",
      "notifications_url": "https://api.github.com/repos/mogoweb/365browser/notifications{?since,all,participating}",
      "labels_url": "https://api.github.com/repos/mogoweb/365browser/labels{/name}",
      "releases_url": "https://api.github.com/repos/mogoweb/365browser/releases{/id}",
      "deployments_url": "https://api.github.com/repos/mogoweb/365browser/deployments",
      "created_at": "2015-10-08T13:49:19Z",
      "updated_at": "2018-11-28T01:08:32Z",
      "pushed_at": "2018-02-02T09:51:18Z",
      "git_url": "git://github.com/mogoweb/365browser.git",
      "ssh_url": "git@github.com:mogoweb/365browser.git",
      "clone_url": "https://github.com/mogoweb/365browser.git",
      "svn_url": "https://github.com/mogoweb/365browser",
      "homepage": null,
      "size": 187056,
      "stargazers_count": 238,
      "watchers_count": 238,
      "language": "Java",
      "has_issues": true,
      "has_projects": true,
      "has_downloads": true,
      "has_wiki": true,
      "has_pages": false,
      "forks_count": 96,
      "mirror_url": null,
      "archived": false,
      "open_issues_count": 5,
      "license": {
        "key": "apache-2.0",
        "name": "Apache License 2.0",
        "spdx_id": "Apache-2.0",
        "url": "https://api.github.com/licenses/apache-2.0",
        "node_id": "MDc6TGljZW5zZTI="
      },
      "forks": 96,
      "open_issues": 5,
      "watchers": 238,
      "default_branch": "master",
      "score": 38.30408
    },
    {
      "id": 82751879,
      "node_id": "MDEwOlJlcG9zaXRvcnk4Mjc1MTg3OQ==",
      "name": "Aceso",
      "full_name": "meili/Aceso",
      "private": false,
      "owner": {
        "login": "meili",
        "id": 24631212,
        "node_id": "MDEyOk9yZ2FuaXphdGlvbjI0NjMxMjEy",
        "avatar_url": "https://avatars1.githubusercontent.com/u/24631212?v=4",
        "gravatar_id": "",
        "url": "https://api.github.com/users/meili",
        "html_url": "https://github.com/meili",
        "followers_url": "https://api.github.com/users/meili/followers",
        "following_url": "https://api.github.com/users/meili/following{/other_user}",
        "gists_url": "https://api.github.com/users/meili/gists{/gist_id}",
        "starred_url": "https://api.github.com/users/meili/starred{/owner}{/repo}",
        "subscriptions_url": "https://api.github.com/users/meili/subscriptions",
        "organizations_url": "https://api.github.com/users/meili/orgs",
        "repos_url": "https://api.github.com/users/meili/repos",
        "events_url": "https://api.github.com/users/meili/events{/privacy}",
        "received_events_url": "https://api.github.com/users/meili/received_events",
        "type": "Organization",
        "site_admin": false
      },
      "html_url": "https://github.com/meili/Aceso",
      "description": "A hotfix library for Android",
      "fork": false,
      "url": "https://api.github.com/repos/meili/Aceso",
      "forks_url": "https://api.github.com/repos/meili/Aceso/forks",
      "keys_url": "https://api.github.com/repos/meili/Aceso/keys{/key_id}",
      "collaborators_url": "https://api.github.com/repos/meili/Aceso/collaborators{/collaborator}",
      "teams_url": "https://api.github.com/repos/meili/Aceso/teams",
      "hooks_url": "https://api.github.com/repos/meili/Aceso/hooks",
      "issue_events_url": "https://api.github.com/repos/meili/Aceso/issues/events{/number}",
      "events_url": "https://api.github.com/repos/meili/Aceso/events",
      "assignees_url": "https://api.github.com/repos/meili/Aceso/assignees{/user}",
      "branches_url": "https://api.github.com/repos/meili/Aceso/branches{/branch}",
      "tags_url": "https://api.github.com/repos/meili/Aceso/tags",
      "blobs_url": "https://api.github.com/repos/meili/Aceso/git/blobs{/sha}",
      "git_tags_url": "https://api.github.com/repos/meili/Aceso/git/tags{/sha}",
      "git_refs_url": "https://api.github.com/repos/meili/Aceso/git/refs{/sha}",
      "trees_url": "https://api.github.com/repos/meili/Aceso/git/trees{/sha}",
      "statuses_url": "https://api.github.com/repos/meili/Aceso/statuses/{sha}",
      "languages_url": "https://api.github.com/repos/meili/Aceso/languages",
      "stargazers_url": "https://api.github.com/repos/meili/Aceso/stargazers",
      "contributors_url": "https://api.github.com/repos/meili/Aceso/contributors",
      "subscribers_url": "https://api.github.com/repos/meili/Aceso/subscribers",
      "subscription_url": "https://api.github.com/repos/meili/Aceso/subscription",
      "commits_url": "https://api.github.com/repos/meili/Aceso/commits{/sha}",
      "git_commits_url": "https://api.github.com/repos/meili/Aceso/git/commits{/sha}",
      "comments_url": "https://api.github.com/repos/meili/Aceso/comments{/number}",
      "issue_comment_url": "https://api.github.com/repos/meili/Aceso/issues/comments{/number}",
      "contents_url": "https://api.github.com/repos/meili/Aceso/contents/{+path}",
      "compare_url": "https://api.github.com/repos/meili/Aceso/compare/{base}...{head}",
      "merges_url": "https://api.github.com/repos/meili/Aceso/merges",
      "archive_url": "https://api.github.com/repos/meili/Aceso/{archive_format}{/ref}",
      "downloads_url": "https://api.github.com/repos/meili/Aceso/downloads",
      "issues_url": "https://api.github.com/repos/meili/Aceso/issues{/number}",
      "pulls_url": "https://api.github.com/repos/meili/Aceso/pulls{/number}",
      "milestones_url": "https://api.github.com/repos/meili/Aceso/milestones{/number}",
      "notifications_url": "https://api.github.com/repos/meili/Aceso/notifications{?since,all,participating}",
      "labels_url": "https://api.github.com/repos/meili/Aceso/labels{/name}",
      "releases_url": "https://api.github.com/repos/meili/Aceso/releases{/id}",
      "deployments_url": "https://api.github.com/repos/meili/Aceso/deployments",
      "created_at": "2017-02-22T02:36:13Z",
      "updated_at": "2018-11-19T02:15:53Z",
      "pushed_at": "2018-01-31T02:01:33Z",
      "git_url": "git://github.com/meili/Aceso.git",
      "ssh_url": "git@github.com:meili/Aceso.git",
      "clone_url": "https://github.com/meili/Aceso.git",
      "svn_url": "https://github.com/meili/Aceso",
      "homepage": null,
      "size": 341,
      "stargazers_count": 768,
      "watchers_count": 768,
      "language": "Java",
      "has_issues": true,
      "has_projects": true,
      "has_downloads": true,
      "has_wiki": true,
      "has_pages": false,
      "forks_count": 118,
      "mirror_url": null,
      "archived": false,
      "open_issues_count": 2,
      "license": {
        "key": "apache-2.0",
        "name": "Apache License 2.0",
        "spdx_id": "Apache-2.0",
        "url": "https://api.github.com/licenses/apache-2.0",
        "node_id": "MDc6TGljZW5zZTI="
      },
      "forks": 118,
      "open_issues": 2,
      "watchers": 768,
      "default_branch": "master",
      "score": 37.738937
    },
    {
      "id": 52030103,
      "node_id": "MDEwOlJlcG9zaXRvcnk1MjAzMDEwMw==",
      "name": "WorldWindAndroid",
      "full_name": "NASAWorldWind/WorldWindAndroid",
      "private": false,
      "owner": {
        "login": "NASAWorldWind",
        "id": 14023654,
        "node_id": "MDEyOk9yZ2FuaXphdGlvbjE0MDIzNjU0",
        "avatar_url": "https://avatars1.githubusercontent.com/u/14023654?v=4",
        "gravatar_id": "",
        "url": "https://api.github.com/users/NASAWorldWind",
        "html_url": "https://github.com/NASAWorldWind",
        "followers_url": "https://api.github.com/users/NASAWorldWind/followers",
        "following_url": "https://api.github.com/users/NASAWorldWind/following{/other_user}",
        "gists_url": "https://api.github.com/users/NASAWorldWind/gists{/gist_id}",
        "starred_url": "https://api.github.com/users/NASAWorldWind/starred{/owner}{/repo}",
        "subscriptions_url": "https://api.github.com/users/NASAWorldWind/subscriptions",
        "organizations_url": "https://api.github.com/users/NASAWorldWind/orgs",
        "repos_url": "https://api.github.com/users/NASAWorldWind/repos",
        "events_url": "https://api.github.com/users/NASAWorldWind/events{/privacy}",
        "received_events_url": "https://api.github.com/users/NASAWorldWind/received_events",
        "type": "Organization",
        "site_admin": false
      },
      "html_url": "https://github.com/NASAWorldWind/WorldWindAndroid",
      "description": "The NASA WorldWind Java SDK for Android (WWA) includes the library, examples and tutorials for building 3D virtual globe applications for phones and tablets.",
      "fork": false,
      "url": "https://api.github.com/repos/NASAWorldWind/WorldWindAndroid",
      "forks_url": "https://api.github.com/repos/NASAWorldWind/WorldWindAndroid/forks",
      "keys_url": "https://api.github.com/repos/NASAWorldWind/WorldWindAndroid/keys{/key_id}",
      "collaborators_url": "https://api.github.com/repos/NASAWorldWind/WorldWindAndroid/collaborators{/collaborator}",
      "teams_url": "https://api.github.com/repos/NASAWorldWind/WorldWindAndroid/teams",
      "hooks_url": "https://api.github.com/repos/NASAWorldWind/WorldWindAndroid/hooks",
      "issue_events_url": "https://api.github.com/repos/NASAWorldWind/WorldWindAndroid/issues/events{/number}",
      "events_url": "https://api.github.com/repos/NASAWorldWind/WorldWindAndroid/events",
      "assignees_url": "https://api.github.com/repos/NASAWorldWind/WorldWindAndroid/assignees{/user}",
      "branches_url": "https://api.github.com/repos/NASAWorldWind/WorldWindAndroid/branches{/branch}",
      "tags_url": "https://api.github.com/repos/NASAWorldWind/WorldWindAndroid/tags",
      "blobs_url": "https://api.github.com/repos/NASAWorldWind/WorldWindAndroid/git/blobs{/sha}",
      "git_tags_url": "https://api.github.com/repos/NASAWorldWind/WorldWindAndroid/git/tags{/sha}",
      "git_refs_url": "https://api.github.com/repos/NASAWorldWind/WorldWindAndroid/git/refs{/sha}",
      "trees_url": "https://api.github.com/repos/NASAWorldWind/WorldWindAndroid/git/trees{/sha}",
      "statuses_url": "https://api.github.com/repos/NASAWorldWind/WorldWindAndroid/statuses/{sha}",
      "languages_url": "https://api.github.com/repos/NASAWorldWind/WorldWindAndroid/languages",
      "stargazers_url": "https://api.github.com/repos/NASAWorldWind/WorldWindAndroid/stargazers",
      "contributors_url": "https://api.github.com/repos/NASAWorldWind/WorldWindAndroid/contributors",
      "subscribers_url": "https://api.github.com/repos/NASAWorldWind/WorldWindAndroid/subscribers",
      "subscription_url": "https://api.github.com/repos/NASAWorldWind/WorldWindAndroid/subscription",
      "commits_url": "https://api.github.com/repos/NASAWorldWind/WorldWindAndroid/commits{/sha}",
      "git_commits_url": "https://api.github.com/repos/NASAWorldWind/WorldWindAndroid/git/commits{/sha}",
      "comments_url": "https://api.github.com/repos/NASAWorldWind/WorldWindAndroid/comments{/number}",
      "issue_comment_url": "https://api.github.com/repos/NASAWorldWind/WorldWindAndroid/issues/comments{/number}",
      "contents_url": "https://api.github.com/repos/NASAWorldWind/WorldWindAndroid/contents/{+path}",
      "compare_url": "https://api.github.com/repos/NASAWorldWind/WorldWindAndroid/compare/{base}...{head}",
      "merges_url": "https://api.github.com/repos/NASAWorldWind/WorldWindAndroid/merges",
      "archive_url": "https://api.github.com/repos/NASAWorldWind/WorldWindAndroid/{archive_format}{/ref}",
      "downloads_url": "https://api.github.com/repos/NASAWorldWind/WorldWindAndroid/downloads",
      "issues_url": "https://api.github.com/repos/NASAWorldWind/WorldWindAndroid/issues{/number}",
      "pulls_url": "https://api.github.com/repos/NASAWorldWind/WorldWindAndroid/pulls{/number}",
      "milestones_url": "https://api.github.com/repos/NASAWorldWind/WorldWindAndroid/milestones{/number}",
      "notifications_url": "https://api.github.com/repos/NASAWorldWind/WorldWindAndroid/notifications{?since,all,participating}",
      "labels_url": "https://api.github.com/repos/NASAWorldWind/WorldWindAndroid/labels{/name}",
      "releases_url": "https://api.github.com/repos/NASAWorldWind/WorldWindAndroid/releases{/id}",
      "deployments_url": "https://api.github.com/repos/NASAWorldWind/WorldWindAndroid/deployments",
      "created_at": "2016-02-18T18:46:52Z",
      "updated_at": "2018-11-27T18:38:02Z",
      "pushed_at": "2018-02-02T21:06:45Z",
      "git_url": "git://github.com/NASAWorldWind/WorldWindAndroid.git",
      "ssh_url": "git@github.com:NASAWorldWind/WorldWindAndroid.git",
      "clone_url": "https://github.com/NASAWorldWind/WorldWindAndroid.git",
      "svn_url": "https://github.com/NASAWorldWind/WorldWindAndroid",
      "homepage": "",
      "size": 27971,
      "stargazers_count": 118,
      "watchers_count": 118,
      "language": "Java",
      "has_issues": true,
      "has_projects": false,
      "has_downloads": true,
      "has_wiki": false,
      "has_pages": true,
      "forks_count": 60,
      "mirror_url": null,
      "archived": false,
      "open_issues_count": 85,
      "license": {
        "key": "other",
        "name": "Other",
        "spdx_id": "NOASSERTION",
        "url": null,
        "node_id": "MDc6TGljZW5zZTA="
      },
      "forks": 60,
      "open_issues": 85,
      "watchers": 118,
      "default_branch": "develop",
      "score": 34.582443
    },
    {
      "id": 36284548,
      "node_id": "MDEwOlJlcG9zaXRvcnkzNjI4NDU0OA==",
      "name": "android-tv-epg",
      "full_name": "korre/android-tv-epg",
      "private": false,
      "owner": {
        "login": "korre",
        "id": 9155705,
        "node_id": "MDQ6VXNlcjkxNTU3MDU=",
        "avatar_url": "https://avatars1.githubusercontent.com/u/9155705?v=4",
        "gravatar_id": "",
        "url": "https://api.github.com/users/korre",
        "html_url": "https://github.com/korre",
        "followers_url": "https://api.github.com/users/korre/followers",
        "following_url": "https://api.github.com/users/korre/following{/other_user}",
        "gists_url": "https://api.github.com/users/korre/gists{/gist_id}",
        "starred_url": "https://api.github.com/users/korre/starred{/owner}{/repo}",
        "subscriptions_url": "https://api.github.com/users/korre/subscriptions",
        "organizations_url": "https://api.github.com/users/korre/orgs",
        "repos_url": "https://api.github.com/users/korre/repos",
        "events_url": "https://api.github.com/users/korre/events{/privacy}",
        "received_events_url": "https://api.github.com/users/korre/received_events",
        "type": "User",
        "site_admin": false
      },
      "html_url": "https://github.com/korre/android-tv-epg",
      "description": "Classic TV electronic program guide (EPG) with multidirectional scroll",
      "fork": false,
      "url": "https://api.github.com/repos/korre/android-tv-epg",
      "forks_url": "https://api.github.com/repos/korre/android-tv-epg/forks",
      "keys_url": "https://api.github.com/repos/korre/android-tv-epg/keys{/key_id}",
      "collaborators_url": "https://api.github.com/repos/korre/android-tv-epg/collaborators{/collaborator}",
      "teams_url": "https://api.github.com/repos/korre/android-tv-epg/teams",
      "hooks_url": "https://api.github.com/repos/korre/android-tv-epg/hooks",
      "issue_events_url": "https://api.github.com/repos/korre/android-tv-epg/issues/events{/number}",
      "events_url": "https://api.github.com/repos/korre/android-tv-epg/events",
      "assignees_url": "https://api.github.com/repos/korre/android-tv-epg/assignees{/user}",
      "branches_url": "https://api.github.com/repos/korre/android-tv-epg/branches{/branch}",
      "tags_url": "https://api.github.com/repos/korre/android-tv-epg/tags",
      "blobs_url": "https://api.github.com/repos/korre/android-tv-epg/git/blobs{/sha}",
      "git_tags_url": "https://api.github.com/repos/korre/android-tv-epg/git/tags{/sha}",
      "git_refs_url": "https://api.github.com/repos/korre/android-tv-epg/git/refs{/sha}",
      "trees_url": "https://api.github.com/repos/korre/android-tv-epg/git/trees{/sha}",
      "statuses_url": "https://api.github.com/repos/korre/android-tv-epg/statuses/{sha}",
      "languages_url": "https://api.github.com/repos/korre/android-tv-epg/languages",
      "stargazers_url": "https://api.github.com/repos/korre/android-tv-epg/stargazers",
      "contributors_url": "https://api.github.com/repos/korre/android-tv-epg/contributors",
      "subscribers_url": "https://api.github.com/repos/korre/android-tv-epg/subscribers",
      "subscription_url": "https://api.github.com/repos/korre/android-tv-epg/subscription",
      "commits_url": "https://api.github.com/repos/korre/android-tv-epg/commits{/sha}",
      "git_commits_url": "https://api.github.com/repos/korre/android-tv-epg/git/commits{/sha}",
      "comments_url": "https://api.github.com/repos/korre/android-tv-epg/comments{/number}",
      "issue_comment_url": "https://api.github.com/repos/korre/android-tv-epg/issues/comments{/number}",
      "contents_url": "https://api.github.com/repos/korre/android-tv-epg/contents/{+path}",
      "compare_url": "https://api.github.com/repos/korre/android-tv-epg/compare/{base}...{head}",
      "merges_url": "https://api.github.com/repos/korre/android-tv-epg/merges",
      "archive_url": "https://api.github.com/repos/korre/android-tv-epg/{archive_format}{/ref}",
      "downloads_url": "https://api.github.com/repos/korre/android-tv-epg/downloads",
      "issues_url": "https://api.github.com/repos/korre/android-tv-epg/issues{/number}",
      "pulls_url": "https://api.github.com/repos/korre/android-tv-epg/pulls{/number}",
      "milestones_url": "https://api.github.com/repos/korre/android-tv-epg/milestones{/number}",
      "notifications_url": "https://api.github.com/repos/korre/android-tv-epg/notifications{?since,all,participating}",
      "labels_url": "https://api.github.com/repos/korre/android-tv-epg/labels{/name}",
      "releases_url": "https://api.github.com/repos/korre/android-tv-epg/releases{/id}",
      "deployments_url": "https://api.github.com/repos/korre/android-tv-epg/deployments",
      "created_at": "2015-05-26T09:07:17Z",
      "updated_at": "2018-10-24T14:32:45Z",
      "pushed_at": "2018-01-31T20:04:01Z",
      "git_url": "git://github.com/korre/android-tv-epg.git",
      "ssh_url": "git@github.com:korre/android-tv-epg.git",
      "clone_url": "https://github.com/korre/android-tv-epg.git",
      "svn_url": "https://github.com/korre/android-tv-epg",
      "homepage": "",
      "size": 104,
      "stargazers_count": 102,
      "watchers_count": 102,
      "language": "Java",
      "has_issues": true,
      "has_projects": true,
      "has_downloads": true,
      "has_wiki": true,
      "has_pages": false,
      "forks_count": 53,
      "mirror_url": null,
      "archived": false,
      "open_issues_count": 5,
      "license": {
        "key": "mit",
        "name": "MIT License",
        "spdx_id": "MIT",
        "url": "https://api.github.com/licenses/mit",
        "node_id": "MDc6TGljZW5zZTEz"
      },
      "forks": 53,
      "open_issues": 5,
      "watchers": 102,
      "default_branch": "master",
      "score": 33.372467
    },
    {
      "id": 24447087,
      "node_id": "MDEwOlJlcG9zaXRvcnkyNDQ0NzA4Nw==",
      "name": "cordova-androidwear",
      "full_name": "tgardner/cordova-androidwear",
      "private": false,
      "owner": {
        "login": "tgardner",
        "id": 778456,
        "node_id": "MDQ6VXNlcjc3ODQ1Ng==",
        "avatar_url": "https://avatars2.githubusercontent.com/u/778456?v=4",
        "gravatar_id": "",
        "url": "https://api.github.com/users/tgardner",
        "html_url": "https://github.com/tgardner",
        "followers_url": "https://api.github.com/users/tgardner/followers",
        "following_url": "https://api.github.com/users/tgardner/following{/other_user}",
        "gists_url": "https://api.github.com/users/tgardner/gists{/gist_id}",
        "starred_url": "https://api.github.com/users/tgardner/starred{/owner}{/repo}",
        "subscriptions_url": "https://api.github.com/users/tgardner/subscriptions",
        "organizations_url": "https://api.github.com/users/tgardner/orgs",
        "repos_url": "https://api.github.com/users/tgardner/repos",
        "events_url": "https://api.github.com/users/tgardner/events{/privacy}",
        "received_events_url": "https://api.github.com/users/tgardner/received_events",
        "type": "User",
        "site_admin": false
      },
      "html_url": "https://github.com/tgardner/cordova-androidwear",
      "description": "Android Wear Cordova Plugin",
      "fork": false,
      "url": "https://api.github.com/repos/tgardner/cordova-androidwear",
      "forks_url": "https://api.github.com/repos/tgardner/cordova-androidwear/forks",
      "keys_url": "https://api.github.com/repos/tgardner/cordova-androidwear/keys{/key_id}",
      "collaborators_url": "https://api.github.com/repos/tgardner/cordova-androidwear/collaborators{/collaborator}",
      "teams_url": "https://api.github.com/repos/tgardner/cordova-androidwear/teams",
      "hooks_url": "https://api.github.com/repos/tgardner/cordova-androidwear/hooks",
      "issue_events_url": "https://api.github.com/repos/tgardner/cordova-androidwear/issues/events{/number}",
      "events_url": "https://api.github.com/repos/tgardner/cordova-androidwear/events",
      "assignees_url": "https://api.github.com/repos/tgardner/cordova-androidwear/assignees{/user}",
      "branches_url": "https://api.github.com/repos/tgardner/cordova-androidwear/branches{/branch}",
      "tags_url": "https://api.github.com/repos/tgardner/cordova-androidwear/tags",
      "blobs_url": "https://api.github.com/repos/tgardner/cordova-androidwear/git/blobs{/sha}",
      "git_tags_url": "https://api.github.com/repos/tgardner/cordova-androidwear/git/tags{/sha}",
      "git_refs_url": "https://api.github.com/repos/tgardner/cordova-androidwear/git/refs{/sha}",
      "trees_url": "https://api.github.com/repos/tgardner/cordova-androidwear/git/trees{/sha}",
      "statuses_url": "https://api.github.com/repos/tgardner/cordova-androidwear/statuses/{sha}",
      "languages_url": "https://api.github.com/repos/tgardner/cordova-androidwear/languages",
      "stargazers_url": "https://api.github.com/repos/tgardner/cordova-androidwear/stargazers",
      "contributors_url": "https://api.github.com/repos/tgardner/cordova-androidwear/contributors",
      "subscribers_url": "https://api.github.com/repos/tgardner/cordova-androidwear/subscribers",
      "subscription_url": "https://api.github.com/repos/tgardner/cordova-androidwear/subscription",
      "commits_url": "https://api.github.com/repos/tgardner/cordova-androidwear/commits{/sha}",
      "git_commits_url": "https://api.github.com/repos/tgardner/cordova-androidwear/git/commits{/sha}",
      "comments_url": "https://api.github.com/repos/tgardner/cordova-androidwear/comments{/number}",
      "issue_comment_url": "https://api.github.com/repos/tgardner/cordova-androidwear/issues/comments{/number}",
      "contents_url": "https://api.github.com/repos/tgardner/cordova-androidwear/contents/{+path}",
      "compare_url": "https://api.github.com/repos/tgardner/cordova-androidwear/compare/{base}...{head}",
      "merges_url": "https://api.github.com/repos/tgardner/cordova-androidwear/merges",
      "archive_url": "https://api.github.com/repos/tgardner/cordova-androidwear/{archive_format}{/ref}",
      "downloads_url": "https://api.github.com/repos/tgardner/cordova-androidwear/downloads",
      "issues_url": "https://api.github.com/repos/tgardner/cordova-androidwear/issues{/number}",
      "pulls_url": "https://api.github.com/repos/tgardner/cordova-androidwear/pulls{/number}",
      "milestones_url": "https://api.github.com/repos/tgardner/cordova-androidwear/milestones{/number}",
      "notifications_url": "https://api.github.com/repos/tgardner/cordova-androidwear/notifications{?since,all,participating}",
      "labels_url": "https://api.github.com/repos/tgardner/cordova-androidwear/labels{/name}",
      "releases_url": "https://api.github.com/repos/tgardner/cordova-androidwear/releases{/id}",
      "deployments_url": "https://api.github.com/repos/tgardner/cordova-androidwear/deployments",
      "created_at": "2014-09-25T06:56:15Z",
      "updated_at": "2018-11-09T03:06:47Z",
      "pushed_at": "2018-02-01T10:32:32Z",
      "git_url": "git://github.com/tgardner/cordova-androidwear.git",
      "ssh_url": "git@github.com:tgardner/cordova-androidwear.git",
      "clone_url": "https://github.com/tgardner/cordova-androidwear.git",
      "svn_url": "https://github.com/tgardner/cordova-androidwear",
      "homepage": null,
      "size": 21,
      "stargazers_count": 109,
      "watchers_count": 109,
      "language": "Java",
      "has_issues": true,
      "has_projects": true,
      "has_downloads": true,
      "has_wiki": true,
      "has_pages": false,
      "forks_count": 33,
      "mirror_url": null,
      "archived": false,
      "open_issues_count": 0,
      "license": {
        "key": "apache-2.0",
        "name": "Apache License 2.0",
        "spdx_id": "Apache-2.0",
        "url": "https://api.github.com/licenses/apache-2.0",
        "node_id": "MDc6TGljZW5zZTI="
      },
      "forks": 33,
      "open_issues": 0,
      "watchers": 109,
      "default_branch": "master",
      "score": 33.35419
    },
    {
      "id": 35604995,
      "node_id": "MDEwOlJlcG9zaXRvcnkzNTYwNDk5NQ==",
      "name": "rxpresso",
      "full_name": "novoda/rxpresso",
      "private": false,
      "owner": {
        "login": "novoda",
        "id": 74874,
        "node_id": "MDEyOk9yZ2FuaXphdGlvbjc0ODc0",
        "avatar_url": "https://avatars2.githubusercontent.com/u/74874?v=4",
        "gravatar_id": "",
        "url": "https://api.github.com/users/novoda",
        "html_url": "https://github.com/novoda",
        "followers_url": "https://api.github.com/users/novoda/followers",
        "following_url": "https://api.github.com/users/novoda/following{/other_user}",
        "gists_url": "https://api.github.com/users/novoda/gists{/gist_id}",
        "starred_url": "https://api.github.com/users/novoda/starred{/owner}{/repo}",
        "subscriptions_url": "https://api.github.com/users/novoda/subscriptions",
        "organizations_url": "https://api.github.com/users/novoda/orgs",
        "repos_url": "https://api.github.com/users/novoda/repos",
        "events_url": "https://api.github.com/users/novoda/events{/privacy}",
        "received_events_url": "https://api.github.com/users/novoda/received_events",
        "type": "Organization",
        "site_admin": false
      },
      "html_url": "https://github.com/novoda/rxpresso",
      "description": "Easy Espresso UI testing for Android applications using RxJava.",
      "fork": false,
      "url": "https://api.github.com/repos/novoda/rxpresso",
      "forks_url": "https://api.github.com/repos/novoda/rxpresso/forks",
      "keys_url": "https://api.github.com/repos/novoda/rxpresso/keys{/key_id}",
      "collaborators_url": "https://api.github.com/repos/novoda/rxpresso/collaborators{/collaborator}",
      "teams_url": "https://api.github.com/repos/novoda/rxpresso/teams",
      "hooks_url": "https://api.github.com/repos/novoda/rxpresso/hooks",
      "issue_events_url": "https://api.github.com/repos/novoda/rxpresso/issues/events{/number}",
      "events_url": "https://api.github.com/repos/novoda/rxpresso/events",
      "assignees_url": "https://api.github.com/repos/novoda/rxpresso/assignees{/user}",
      "branches_url": "https://api.github.com/repos/novoda/rxpresso/branches{/branch}",
      "tags_url": "https://api.github.com/repos/novoda/rxpresso/tags",
      "blobs_url": "https://api.github.com/repos/novoda/rxpresso/git/blobs{/sha}",
      "git_tags_url": "https://api.github.com/repos/novoda/rxpresso/git/tags{/sha}",
      "git_refs_url": "https://api.github.com/repos/novoda/rxpresso/git/refs{/sha}",
      "trees_url": "https://api.github.com/repos/novoda/rxpresso/git/trees{/sha}",
      "statuses_url": "https://api.github.com/repos/novoda/rxpresso/statuses/{sha}",
      "languages_url": "https://api.github.com/repos/novoda/rxpresso/languages",
      "stargazers_url": "https://api.github.com/repos/novoda/rxpresso/stargazers",
      "contributors_url": "https://api.github.com/repos/novoda/rxpresso/contributors",
      "subscribers_url": "https://api.github.com/repos/novoda/rxpresso/subscribers",
      "subscription_url": "https://api.github.com/repos/novoda/rxpresso/subscription",
      "commits_url": "https://api.github.com/repos/novoda/rxpresso/commits{/sha}",
      "git_commits_url": "https://api.github.com/repos/novoda/rxpresso/git/commits{/sha}",
      "comments_url": "https://api.github.com/repos/novoda/rxpresso/comments{/number}",
      "issue_comment_url": "https://api.github.com/repos/novoda/rxpresso/issues/comments{/number}",
      "contents_url": "https://api.github.com/repos/novoda/rxpresso/contents/{+path}",
      "compare_url": "https://api.github.com/repos/novoda/rxpresso/compare/{base}...{head}",
      "merges_url": "https://api.github.com/repos/novoda/rxpresso/merges",
      "archive_url": "https://api.github.com/repos/novoda/rxpresso/{archive_format}{/ref}",
      "downloads_url": "https://api.github.com/repos/novoda/rxpresso/downloads",
      "issues_url": "https://api.github.com/repos/novoda/rxpresso/issues{/number}",
      "pulls_url": "https://api.github.com/repos/novoda/rxpresso/pulls{/number}",
      "milestones_url": "https://api.github.com/repos/novoda/rxpresso/milestones{/number}",
      "notifications_url": "https://api.github.com/repos/novoda/rxpresso/notifications{?since,all,participating}",
      "labels_url": "https://api.github.com/repos/novoda/rxpresso/labels{/name}",
      "releases_url": "https://api.github.com/repos/novoda/rxpresso/releases{/id}",
      "deployments_url": "https://api.github.com/repos/novoda/rxpresso/deployments",
      "created_at": "2015-05-14T10:18:48Z",
      "updated_at": "2018-11-01T06:57:40Z",
      "pushed_at": "2018-02-02T14:14:07Z",
      "git_url": "git://github.com/novoda/rxpresso.git",
      "ssh_url": "git@github.com:novoda/rxpresso.git",
      "clone_url": "https://github.com/novoda/rxpresso.git",
      "svn_url": "https://github.com/novoda/rxpresso",
      "homepage": "",
      "size": 128,
      "stargazers_count": 376,
      "watchers_count": 376,
      "language": "Java",
      "has_issues": true,
      "has_projects": true,
      "has_downloads": true,
      "has_wiki": true,
      "has_pages": false,
      "forks_count": 24,
      "mirror_url": null,
      "archived": false,
      "open_issues_count": 3,
      "license": {
        "key": "other",
        "name": "Other",
        "spdx_id": "NOASSERTION",
        "url": null,
        "node_id": "MDc6TGljZW5zZTA="
      },
      "forks": 24,
      "open_issues": 3,
      "watchers": 376,
      "default_branch": "master",
      "score": 23.81235
    },
    {
      "id": 25036566,
      "node_id": "MDEwOlJlcG9zaXRvcnkyNTAzNjU2Ng==",
      "name": "CrashlyticsDemo",
      "full_name": "plastiv/CrashlyticsDemo",
      "private": false,
      "owner": {
        "login": "plastiv",
        "id": 179550,
        "node_id": "MDQ6VXNlcjE3OTU1MA==",
        "avatar_url": "https://avatars3.githubusercontent.com/u/179550?v=4",
        "gravatar_id": "",
        "url": "https://api.github.com/users/plastiv",
        "html_url": "https://github.com/plastiv",
        "followers_url": "https://api.github.com/users/plastiv/followers",
        "following_url": "https://api.github.com/users/plastiv/following{/other_user}",
        "gists_url": "https://api.github.com/users/plastiv/gists{/gist_id}",
        "starred_url": "https://api.github.com/users/plastiv/starred{/owner}{/repo}",
        "subscriptions_url": "https://api.github.com/users/plastiv/subscriptions",
        "organizations_url": "https://api.github.com/users/plastiv/orgs",
        "repos_url": "https://api.github.com/users/plastiv/repos",
        "events_url": "https://api.github.com/users/plastiv/events{/privacy}",
        "received_events_url": "https://api.github.com/users/plastiv/received_events",
        "type": "User",
        "site_admin": false
      },
      "html_url": "https://github.com/plastiv/CrashlyticsDemo",
      "description": "Setup Fabric Crashlytics CI friendly",
      "fork": false,
      "url": "https://api.github.com/repos/plastiv/CrashlyticsDemo",
      "forks_url": "https://api.github.com/repos/plastiv/CrashlyticsDemo/forks",
      "keys_url": "https://api.github.com/repos/plastiv/CrashlyticsDemo/keys{/key_id}",
      "collaborators_url": "https://api.github.com/repos/plastiv/CrashlyticsDemo/collaborators{/collaborator}",
      "teams_url": "https://api.github.com/repos/plastiv/CrashlyticsDemo/teams",
      "hooks_url": "https://api.github.com/repos/plastiv/CrashlyticsDemo/hooks",
      "issue_events_url": "https://api.github.com/repos/plastiv/CrashlyticsDemo/issues/events{/number}",
      "events_url": "https://api.github.com/repos/plastiv/CrashlyticsDemo/events",
      "assignees_url": "https://api.github.com/repos/plastiv/CrashlyticsDemo/assignees{/user}",
      "branches_url": "https://api.github.com/repos/plastiv/CrashlyticsDemo/branches{/branch}",
      "tags_url": "https://api.github.com/repos/plastiv/CrashlyticsDemo/tags",
      "blobs_url": "https://api.github.com/repos/plastiv/CrashlyticsDemo/git/blobs{/sha}",
      "git_tags_url": "https://api.github.com/repos/plastiv/CrashlyticsDemo/git/tags{/sha}",
      "git_refs_url": "https://api.github.com/repos/plastiv/CrashlyticsDemo/git/refs{/sha}",
      "trees_url": "https://api.github.com/repos/plastiv/CrashlyticsDemo/git/trees{/sha}",
      "statuses_url": "https://api.github.com/repos/plastiv/CrashlyticsDemo/statuses/{sha}",
      "languages_url": "https://api.github.com/repos/plastiv/CrashlyticsDemo/languages",
      "stargazers_url": "https://api.github.com/repos/plastiv/CrashlyticsDemo/stargazers",
      "contributors_url": "https://api.github.com/repos/plastiv/CrashlyticsDemo/contributors",
      "subscribers_url": "https://api.github.com/repos/plastiv/CrashlyticsDemo/subscribers",
      "subscription_url": "https://api.github.com/repos/plastiv/CrashlyticsDemo/subscription",
      "commits_url": "https://api.github.com/repos/plastiv/CrashlyticsDemo/commits{/sha}",
      "git_commits_url": "https://api.github.com/repos/plastiv/CrashlyticsDemo/git/commits{/sha}",
      "comments_url": "https://api.github.com/repos/plastiv/CrashlyticsDemo/comments{/number}",
      "issue_comment_url": "https://api.github.com/repos/plastiv/CrashlyticsDemo/issues/comments{/number}",
      "contents_url": "https://api.github.com/repos/plastiv/CrashlyticsDemo/contents/{+path}",
      "compare_url": "https://api.github.com/repos/plastiv/CrashlyticsDemo/compare/{base}...{head}",
      "merges_url": "https://api.github.com/repos/plastiv/CrashlyticsDemo/merges",
      "archive_url": "https://api.github.com/repos/plastiv/CrashlyticsDemo/{archive_format}{/ref}",
      "downloads_url": "https://api.github.com/repos/plastiv/CrashlyticsDemo/downloads",
      "issues_url": "https://api.github.com/repos/plastiv/CrashlyticsDemo/issues{/number}",
      "pulls_url": "https://api.github.com/repos/plastiv/CrashlyticsDemo/pulls{/number}",
      "milestones_url": "https://api.github.com/repos/plastiv/CrashlyticsDemo/milestones{/number}",
      "notifications_url": "https://api.github.com/repos/plastiv/CrashlyticsDemo/notifications{?since,all,participating}",
      "labels_url": "https://api.github.com/repos/plastiv/CrashlyticsDemo/labels{/name}",
      "releases_url": "https://api.github.com/repos/plastiv/CrashlyticsDemo/releases{/id}",
      "deployments_url": "https://api.github.com/repos/plastiv/CrashlyticsDemo/deployments",
      "created_at": "2014-10-10T13:26:40Z",
      "updated_at": "2018-11-04T13:11:55Z",
      "pushed_at": "2018-02-04T18:10:24Z",
      "git_url": "git://github.com/plastiv/CrashlyticsDemo.git",
      "ssh_url": "git@github.com:plastiv/CrashlyticsDemo.git",
      "clone_url": "https://github.com/plastiv/CrashlyticsDemo.git",
      "svn_url": "https://github.com/plastiv/CrashlyticsDemo",
      "homepage": "",
      "size": 319,
      "stargazers_count": 142,
      "watchers_count": 142,
      "language": "Java",
      "has_issues": true,
      "has_projects": true,
      "has_downloads": true,
      "has_wiki": true,
      "has_pages": false,
      "forks_count": 27,
      "mirror_url": null,
      "archived": false,
      "open_issues_count": 3,
      "license": {
        "key": "mit",
        "name": "MIT License",
        "spdx_id": "MIT",
        "url": "https://api.github.com/licenses/mit",
        "node_id": "MDc6TGljZW5zZTEz"
      },
      "forks": 27,
      "open_issues": 3,
      "watchers": 142,
      "default_branch": "master",
      "score": 23.181667
    },
    {
      "id": 111669028,
      "node_id": "MDEwOlJlcG9zaXRvcnkxMTE2NjkwMjg=",
      "name": "ServiceKeep",
      "full_name": "xuningjack/ServiceKeep",
      "private": false,
      "owner": {
        "login": "xuningjack",
        "id": 4539886,
        "node_id": "MDQ6VXNlcjQ1Mzk4ODY=",
        "avatar_url": "https://avatars1.githubusercontent.com/u/4539886?v=4",
        "gravatar_id": "",
        "url": "https://api.github.com/users/xuningjack",
        "html_url": "https://github.com/xuningjack",
        "followers_url": "https://api.github.com/users/xuningjack/followers",
        "following_url": "https://api.github.com/users/xuningjack/following{/other_user}",
        "gists_url": "https://api.github.com/users/xuningjack/gists{/gist_id}",
        "starred_url": "https://api.github.com/users/xuningjack/starred{/owner}{/repo}",
        "subscriptions_url": "https://api.github.com/users/xuningjack/subscriptions",
        "organizations_url": "https://api.github.com/users/xuningjack/orgs",
        "repos_url": "https://api.github.com/users/xuningjack/repos",
        "events_url": "https://api.github.com/users/xuningjack/events{/privacy}",
        "received_events_url": "https://api.github.com/users/xuningjack/received_events",
        "type": "User",
        "site_admin": false
      },
      "html_url": "https://github.com/xuningjack/ServiceKeep",
      "description": "Android Service keep-alive module.（Android Service保活模块：5.0以下使用c来fork进程，5.0以上使用JobScheduler来保活进程）",
      "fork": false,
      "url": "https://api.github.com/repos/xuningjack/ServiceKeep",
      "forks_url": "https://api.github.com/repos/xuningjack/ServiceKeep/forks",
      "keys_url": "https://api.github.com/repos/xuningjack/ServiceKeep/keys{/key_id}",
      "collaborators_url": "https://api.github.com/repos/xuningjack/ServiceKeep/collaborators{/collaborator}",
      "teams_url": "https://api.github.com/repos/xuningjack/ServiceKeep/teams",
      "hooks_url": "https://api.github.com/repos/xuningjack/ServiceKeep/hooks",
      "issue_events_url": "https://api.github.com/repos/xuningjack/ServiceKeep/issues/events{/number}",
      "events_url": "https://api.github.com/repos/xuningjack/ServiceKeep/events",
      "assignees_url": "https://api.github.com/repos/xuningjack/ServiceKeep/assignees{/user}",
      "branches_url": "https://api.github.com/repos/xuningjack/ServiceKeep/branches{/branch}",
      "tags_url": "https://api.github.com/repos/xuningjack/ServiceKeep/tags",
      "blobs_url": "https://api.github.com/repos/xuningjack/ServiceKeep/git/blobs{/sha}",
      "git_tags_url": "https://api.github.com/repos/xuningjack/ServiceKeep/git/tags{/sha}",
      "git_refs_url": "https://api.github.com/repos/xuningjack/ServiceKeep/git/refs{/sha}",
      "trees_url": "https://api.github.com/repos/xuningjack/ServiceKeep/git/trees{/sha}",
      "statuses_url": "https://api.github.com/repos/xuningjack/ServiceKeep/statuses/{sha}",
      "languages_url": "https://api.github.com/repos/xuningjack/ServiceKeep/languages",
      "stargazers_url": "https://api.github.com/repos/xuningjack/ServiceKeep/stargazers",
      "contributors_url": "https://api.github.com/repos/xuningjack/ServiceKeep/contributors",
      "subscribers_url": "https://api.github.com/repos/xuningjack/ServiceKeep/subscribers",
      "subscription_url": "https://api.github.com/repos/xuningjack/ServiceKeep/subscription",
      "commits_url": "https://api.github.com/repos/xuningjack/ServiceKeep/commits{/sha}",
      "git_commits_url": "https://api.github.com/repos/xuningjack/ServiceKeep/git/commits{/sha}",
      "comments_url": "https://api.github.com/repos/xuningjack/ServiceKeep/comments{/number}",
      "issue_comment_url": "https://api.github.com/repos/xuningjack/ServiceKeep/issues/comments{/number}",
      "contents_url": "https://api.github.com/repos/xuningjack/ServiceKeep/contents/{+path}",
      "compare_url": "https://api.github.com/repos/xuningjack/ServiceKeep/compare/{base}...{head}",
      "merges_url": "https://api.github.com/repos/xuningjack/ServiceKeep/merges",
      "archive_url": "https://api.github.com/repos/xuningjack/ServiceKeep/{archive_format}{/ref}",
      "downloads_url": "https://api.github.com/repos/xuningjack/ServiceKeep/downloads",
      "issues_url": "https://api.github.com/repos/xuningjack/ServiceKeep/issues{/number}",
      "pulls_url": "https://api.github.com/repos/xuningjack/ServiceKeep/pulls{/number}",
      "milestones_url": "https://api.github.com/repos/xuningjack/ServiceKeep/milestones{/number}",
      "notifications_url": "https://api.github.com/repos/xuningjack/ServiceKeep/notifications{?since,all,participating}",
      "labels_url": "https://api.github.com/repos/xuningjack/ServiceKeep/labels{/name}",
      "releases_url": "https://api.github.com/repos/xuningjack/ServiceKeep/releases{/id}",
      "deployments_url": "https://api.github.com/repos/xuningjack/ServiceKeep/deployments",
      "created_at": "2017-11-22T10:19:46Z",
      "updated_at": "2018-11-26T13:04:02Z",
      "pushed_at": "2018-02-04T08:50:19Z",
      "git_url": "git://github.com/xuningjack/ServiceKeep.git",
      "ssh_url": "git@github.com:xuningjack/ServiceKeep.git",
      "clone_url": "https://github.com/xuningjack/ServiceKeep.git",
      "svn_url": "https://github.com/xuningjack/ServiceKeep",
      "homepage": "",
      "size": 192,
      "stargazers_count": 376,
      "watchers_count": 376,
      "language": "Java",
      "has_issues": true,
      "has_projects": true,
      "has_downloads": true,
      "has_wiki": true,
      "has_pages": false,
      "forks_count": 114,
      "mirror_url": null,
      "archived": false,
      "open_issues_count": 12,
      "license": null,
      "forks": 114,
      "open_issues": 12,
      "watchers": 376,
      "default_branch": "master",
      "score": 22.132483
    },
    {
      "id": 62368029,
      "node_id": "MDEwOlJlcG9zaXRvcnk2MjM2ODAyOQ==",
      "name": "MaterialContacts",
      "full_name": "skylineTan/MaterialContacts",
      "private": false,
      "owner": {
        "login": "skylineTan",
        "id": 10215371,
        "node_id": "MDQ6VXNlcjEwMjE1Mzcx",
        "avatar_url": "https://avatars0.githubusercontent.com/u/10215371?v=4",
        "gravatar_id": "",
        "url": "https://api.github.com/users/skylineTan",
        "html_url": "https://github.com/skylineTan",
        "followers_url": "https://api.github.com/users/skylineTan/followers",
        "following_url": "https://api.github.com/users/skylineTan/following{/other_user}",
        "gists_url": "https://api.github.com/users/skylineTan/gists{/gist_id}",
        "starred_url": "https://api.github.com/users/skylineTan/starred{/owner}{/repo}",
        "subscriptions_url": "https://api.github.com/users/skylineTan/subscriptions",
        "organizations_url": "https://api.github.com/users/skylineTan/orgs",
        "repos_url": "https://api.github.com/users/skylineTan/repos",
        "events_url": "https://api.github.com/users/skylineTan/events{/privacy}",
        "received_events_url": "https://api.github.com/users/skylineTan/received_events",
        "type": "User",
        "site_admin": false
      },
      "html_url": "https://github.com/skylineTan/MaterialContacts",
      "description": "Android Contacts based on Model-View-Presenter+Material Design+Glide",
      "fork": false,
      "url": "https://api.github.com/repos/skylineTan/MaterialContacts",
      "forks_url": "https://api.github.com/repos/skylineTan/MaterialContacts/forks",
      "keys_url": "https://api.github.com/repos/skylineTan/MaterialContacts/keys{/key_id}",
      "collaborators_url": "https://api.github.com/repos/skylineTan/MaterialContacts/collaborators{/collaborator}",
      "teams_url": "https://api.github.com/repos/skylineTan/MaterialContacts/teams",
      "hooks_url": "https://api.github.com/repos/skylineTan/MaterialContacts/hooks",
      "issue_events_url": "https://api.github.com/repos/skylineTan/MaterialContacts/issues/events{/number}",
      "events_url": "https://api.github.com/repos/skylineTan/MaterialContacts/events",
      "assignees_url": "https://api.github.com/repos/skylineTan/MaterialContacts/assignees{/user}",
      "branches_url": "https://api.github.com/repos/skylineTan/MaterialContacts/branches{/branch}",
      "tags_url": "https://api.github.com/repos/skylineTan/MaterialContacts/tags",
      "blobs_url": "https://api.github.com/repos/skylineTan/MaterialContacts/git/blobs{/sha}",
      "git_tags_url": "https://api.github.com/repos/skylineTan/MaterialContacts/git/tags{/sha}",
      "git_refs_url": "https://api.github.com/repos/skylineTan/MaterialContacts/git/refs{/sha}",
      "trees_url": "https://api.github.com/repos/skylineTan/MaterialContacts/git/trees{/sha}",
      "statuses_url": "https://api.github.com/repos/skylineTan/MaterialContacts/statuses/{sha}",
      "languages_url": "https://api.github.com/repos/skylineTan/MaterialContacts/languages",
      "stargazers_url": "https://api.github.com/repos/skylineTan/MaterialContacts/stargazers",
      "contributors_url": "https://api.github.com/repos/skylineTan/MaterialContacts/contributors",
      "subscribers_url": "https://api.github.com/repos/skylineTan/MaterialContacts/subscribers",
      "subscription_url": "https://api.github.com/repos/skylineTan/MaterialContacts/subscription",
      "commits_url": "https://api.github.com/repos/skylineTan/MaterialContacts/commits{/sha}",
      "git_commits_url": "https://api.github.com/repos/skylineTan/MaterialContacts/git/commits{/sha}",
      "comments_url": "https://api.github.com/repos/skylineTan/MaterialContacts/comments{/number}",
      "issue_comment_url": "https://api.github.com/repos/skylineTan/MaterialContacts/issues/comments{/number}",
      "contents_url": "https://api.github.com/repos/skylineTan/MaterialContacts/contents/{+path}",
      "compare_url": "https://api.github.com/repos/skylineTan/MaterialContacts/compare/{base}...{head}",
      "merges_url": "https://api.github.com/repos/skylineTan/MaterialContacts/merges",
      "archive_url": "https://api.github.com/repos/skylineTan/MaterialContacts/{archive_format}{/ref}",
      "downloads_url": "https://api.github.com/repos/skylineTan/MaterialContacts/downloads",
      "issues_url": "https://api.github.com/repos/skylineTan/MaterialContacts/issues{/number}",
      "pulls_url": "https://api.github.com/repos/skylineTan/MaterialContacts/pulls{/number}",
      "milestones_url": "https://api.github.com/repos/skylineTan/MaterialContacts/milestones{/number}",
      "notifications_url": "https://api.github.com/repos/skylineTan/MaterialContacts/notifications{?since,all,participating}",
      "labels_url": "https://api.github.com/repos/skylineTan/MaterialContacts/labels{/name}",
      "releases_url": "https://api.github.com/repos/skylineTan/MaterialContacts/releases{/id}",
      "deployments_url": "https://api.github.com/repos/skylineTan/MaterialContacts/deployments",
      "created_at": "2016-07-01T06:08:07Z",
      "updated_at": "2018-11-15T12:01:22Z",
      "pushed_at": "2018-01-31T08:58:01Z",
      "git_url": "git://github.com/skylineTan/MaterialContacts.git",
      "ssh_url": "git@github.com:skylineTan/MaterialContacts.git",
      "clone_url": "https://github.com/skylineTan/MaterialContacts.git",
      "svn_url": "https://github.com/skylineTan/MaterialContacts",
      "homepage": "",
      "size": 600,
      "stargazers_count": 105,
      "watchers_count": 105,
      "language": "Java",
      "has_issues": true,
      "has_projects": true,
      "has_downloads": true,
      "has_wiki": true,
      "has_pages": false,
      "forks_count": 21,
      "mirror_url": null,
      "archived": false,
      "open_issues_count": 1,
      "license": null,
      "forks": 21,
      "open_issues": 1,
      "watchers": 105,
      "default_branch": "master",
      "score": 21.458284
    },
    {
      "id": 42468727,
      "node_id": "MDEwOlJlcG9zaXRvcnk0MjQ2ODcyNw==",
      "name": "Custom-Calendar-View",
      "full_name": "npanigrahy/Custom-Calendar-View",
      "private": false,
      "owner": {
        "login": "npanigrahy",
        "id": 5485466,
        "node_id": "MDQ6VXNlcjU0ODU0NjY=",
        "avatar_url": "https://avatars1.githubusercontent.com/u/5485466?v=4",
        "gravatar_id": "",
        "url": "https://api.github.com/users/npanigrahy",
        "html_url": "https://github.com/npanigrahy",
        "followers_url": "https://api.github.com/users/npanigrahy/followers",
        "following_url": "https://api.github.com/users/npanigrahy/following{/other_user}",
        "gists_url": "https://api.github.com/users/npanigrahy/gists{/gist_id}",
        "starred_url": "https://api.github.com/users/npanigrahy/starred{/owner}{/repo}",
        "subscriptions_url": "https://api.github.com/users/npanigrahy/subscriptions",
        "organizations_url": "https://api.github.com/users/npanigrahy/orgs",
        "repos_url": "https://api.github.com/users/npanigrahy/repos",
        "events_url": "https://api.github.com/users/npanigrahy/events{/privacy}",
        "received_events_url": "https://api.github.com/users/npanigrahy/received_events",
        "type": "User",
        "site_admin": false
      },
      "html_url": "https://github.com/npanigrahy/Custom-Calendar-View",
      "description": "The CustomCalendarView provides an easy and customizable calendar to create a Calendar. It dispaly the days of a month in a grid layout and allows to navigate between months",
      "fork": false,
      "url": "https://api.github.com/repos/npanigrahy/Custom-Calendar-View",
      "forks_url": "https://api.github.com/repos/npanigrahy/Custom-Calendar-View/forks",
      "keys_url": "https://api.github.com/repos/npanigrahy/Custom-Calendar-View/keys{/key_id}",
      "collaborators_url": "https://api.github.com/repos/npanigrahy/Custom-Calendar-View/collaborators{/collaborator}",
      "teams_url": "https://api.github.com/repos/npanigrahy/Custom-Calendar-View/teams",
      "hooks_url": "https://api.github.com/repos/npanigrahy/Custom-Calendar-View/hooks",
      "issue_events_url": "https://api.github.com/repos/npanigrahy/Custom-Calendar-View/issues/events{/number}",
      "events_url": "https://api.github.com/repos/npanigrahy/Custom-Calendar-View/events",
      "assignees_url": "https://api.github.com/repos/npanigrahy/Custom-Calendar-View/assignees{/user}",
      "branches_url": "https://api.github.com/repos/npanigrahy/Custom-Calendar-View/branches{/branch}",
      "tags_url": "https://api.github.com/repos/npanigrahy/Custom-Calendar-View/tags",
      "blobs_url": "https://api.github.com/repos/npanigrahy/Custom-Calendar-View/git/blobs{/sha}",
      "git_tags_url": "https://api.github.com/repos/npanigrahy/Custom-Calendar-View/git/tags{/sha}",
      "git_refs_url": "https://api.github.com/repos/npanigrahy/Custom-Calendar-View/git/refs{/sha}",
      "trees_url": "https://api.github.com/repos/npanigrahy/Custom-Calendar-View/git/trees{/sha}",
      "statuses_url": "https://api.github.com/repos/npanigrahy/Custom-Calendar-View/statuses/{sha}",
      "languages_url": "https://api.github.com/repos/npanigrahy/Custom-Calendar-View/languages",
      "stargazers_url": "https://api.github.com/repos/npanigrahy/Custom-Calendar-View/stargazers",
      "contributors_url": "https://api.github.com/repos/npanigrahy/Custom-Calendar-View/contributors",
      "subscribers_url": "https://api.github.com/repos/npanigrahy/Custom-Calendar-View/subscribers",
      "subscription_url": "https://api.github.com/repos/npanigrahy/Custom-Calendar-View/subscription",
      "commits_url": "https://api.github.com/repos/npanigrahy/Custom-Calendar-View/commits{/sha}",
      "git_commits_url": "https://api.github.com/repos/npanigrahy/Custom-Calendar-View/git/commits{/sha}",
      "comments_url": "https://api.github.com/repos/npanigrahy/Custom-Calendar-View/comments{/number}",
      "issue_comment_url": "https://api.github.com/repos/npanigrahy/Custom-Calendar-View/issues/comments{/number}",
      "contents_url": "https://api.github.com/repos/npanigrahy/Custom-Calendar-View/contents/{+path}",
      "compare_url": "https://api.github.com/repos/npanigrahy/Custom-Calendar-View/compare/{base}...{head}",
      "merges_url": "https://api.github.com/repos/npanigrahy/Custom-Calendar-View/merges",
      "archive_url": "https://api.github.com/repos/npanigrahy/Custom-Calendar-View/{archive_format}{/ref}",
      "downloads_url": "https://api.github.com/repos/npanigrahy/Custom-Calendar-View/downloads",
      "issues_url": "https://api.github.com/repos/npanigrahy/Custom-Calendar-View/issues{/number}",
      "pulls_url": "https://api.github.com/repos/npanigrahy/Custom-Calendar-View/pulls{/number}",
      "milestones_url": "https://api.github.com/repos/npanigrahy/Custom-Calendar-View/milestones{/number}",
      "notifications_url": "https://api.github.com/repos/npanigrahy/Custom-Calendar-View/notifications{?since,all,participating}",
      "labels_url": "https://api.github.com/repos/npanigrahy/Custom-Calendar-View/labels{/name}",
      "releases_url": "https://api.github.com/repos/npanigrahy/Custom-Calendar-View/releases{/id}",
      "deployments_url": "https://api.github.com/repos/npanigrahy/Custom-Calendar-View/deployments",
      "created_at": "2015-09-14T18:30:15Z",
      "updated_at": "2018-11-24T05:01:38Z",
      "pushed_at": "2018-01-31T21:43:21Z",
      "git_url": "git://github.com/npanigrahy/Custom-Calendar-View.git",
      "ssh_url": "git@github.com:npanigrahy/Custom-Calendar-View.git",
      "clone_url": "https://github.com/npanigrahy/Custom-Calendar-View.git",
      "svn_url": "https://github.com/npanigrahy/Custom-Calendar-View",
      "homepage": "http://stacktips.com/tutorials/android/custom-calendar-view-library-in-android",
      "size": 265,
      "stargazers_count": 104,
      "watchers_count": 104,
      "language": "Java",
      "has_issues": true,
      "has_projects": true,
      "has_downloads": true,
      "has_wiki": true,
      "has_pages": true,
      "forks_count": 77,
      "mirror_url": null,
      "archived": false,
      "open_issues_count": 14,
      "license": null,
      "forks": 77,
      "open_issues": 14,
      "watchers": 104,
      "default_branch": "master",
      "score": 20.244385
    },
    {
      "id": 44315251,
      "node_id": "MDEwOlJlcG9zaXRvcnk0NDMxNTI1MQ==",
      "name": "retrofit-logansquare",
      "full_name": "mannodermaus/retrofit-logansquare",
      "private": false,
      "owner": {
        "login": "mannodermaus",
        "id": 3897705,
        "node_id": "MDQ6VXNlcjM4OTc3MDU=",
        "avatar_url": "https://avatars2.githubusercontent.com/u/3897705?v=4",
        "gravatar_id": "",
        "url": "https://api.github.com/users/mannodermaus",
        "html_url": "https://github.com/mannodermaus",
        "followers_url": "https://api.github.com/users/mannodermaus/followers",
        "following_url": "https://api.github.com/users/mannodermaus/following{/other_user}",
        "gists_url": "https://api.github.com/users/mannodermaus/gists{/gist_id}",
        "starred_url": "https://api.github.com/users/mannodermaus/starred{/owner}{/repo}",
        "subscriptions_url": "https://api.github.com/users/mannodermaus/subscriptions",
        "organizations_url": "https://api.github.com/users/mannodermaus/orgs",
        "repos_url": "https://api.github.com/users/mannodermaus/repos",
        "events_url": "https://api.github.com/users/mannodermaus/events{/privacy}",
        "received_events_url": "https://api.github.com/users/mannodermaus/received_events",
        "type": "User",
        "site_admin": false
      },
      "html_url": "https://github.com/mannodermaus/retrofit-logansquare",
      "description": "A Converter implementation using LoganSquare JSON serialization for Retrofit 2.",
      "fork": false,
      "url": "https://api.github.com/repos/mannodermaus/retrofit-logansquare",
      "forks_url": "https://api.github.com/repos/mannodermaus/retrofit-logansquare/forks",
      "keys_url": "https://api.github.com/repos/mannodermaus/retrofit-logansquare/keys{/key_id}",
      "collaborators_url": "https://api.github.com/repos/mannodermaus/retrofit-logansquare/collaborators{/collaborator}",
      "teams_url": "https://api.github.com/repos/mannodermaus/retrofit-logansquare/teams",
      "hooks_url": "https://api.github.com/repos/mannodermaus/retrofit-logansquare/hooks",
      "issue_events_url": "https://api.github.com/repos/mannodermaus/retrofit-logansquare/issues/events{/number}",
      "events_url": "https://api.github.com/repos/mannodermaus/retrofit-logansquare/events",
      "assignees_url": "https://api.github.com/repos/mannodermaus/retrofit-logansquare/assignees{/user}",
      "branches_url": "https://api.github.com/repos/mannodermaus/retrofit-logansquare/branches{/branch}",
      "tags_url": "https://api.github.com/repos/mannodermaus/retrofit-logansquare/tags",
      "blobs_url": "https://api.github.com/repos/mannodermaus/retrofit-logansquare/git/blobs{/sha}",
      "git_tags_url": "https://api.github.com/repos/mannodermaus/retrofit-logansquare/git/tags{/sha}",
      "git_refs_url": "https://api.github.com/repos/mannodermaus/retrofit-logansquare/git/refs{/sha}",
      "trees_url": "https://api.github.com/repos/mannodermaus/retrofit-logansquare/git/trees{/sha}",
      "statuses_url": "https://api.github.com/repos/mannodermaus/retrofit-logansquare/statuses/{sha}",
      "languages_url": "https://api.github.com/repos/mannodermaus/retrofit-logansquare/languages",
      "stargazers_url": "https://api.github.com/repos/mannodermaus/retrofit-logansquare/stargazers",
      "contributors_url": "https://api.github.com/repos/mannodermaus/retrofit-logansquare/contributors",
      "subscribers_url": "https://api.github.com/repos/mannodermaus/retrofit-logansquare/subscribers",
      "subscription_url": "https://api.github.com/repos/mannodermaus/retrofit-logansquare/subscription",
      "commits_url": "https://api.github.com/repos/mannodermaus/retrofit-logansquare/commits{/sha}",
      "git_commits_url": "https://api.github.com/repos/mannodermaus/retrofit-logansquare/git/commits{/sha}",
      "comments_url": "https://api.github.com/repos/mannodermaus/retrofit-logansquare/comments{/number}",
      "issue_comment_url": "https://api.github.com/repos/mannodermaus/retrofit-logansquare/issues/comments{/number}",
      "contents_url": "https://api.github.com/repos/mannodermaus/retrofit-logansquare/contents/{+path}",
      "compare_url": "https://api.github.com/repos/mannodermaus/retrofit-logansquare/compare/{base}...{head}",
      "merges_url": "https://api.github.com/repos/mannodermaus/retrofit-logansquare/merges",
      "archive_url": "https://api.github.com/repos/mannodermaus/retrofit-logansquare/{archive_format}{/ref}",
      "downloads_url": "https://api.github.com/repos/mannodermaus/retrofit-logansquare/downloads",
      "issues_url": "https://api.github.com/repos/mannodermaus/retrofit-logansquare/issues{/number}",
      "pulls_url": "https://api.github.com/repos/mannodermaus/retrofit-logansquare/pulls{/number}",
      "milestones_url": "https://api.github.com/repos/mannodermaus/retrofit-logansquare/milestones{/number}",
      "notifications_url": "https://api.github.com/repos/mannodermaus/retrofit-logansquare/notifications{?since,all,participating}",
      "labels_url": "https://api.github.com/repos/mannodermaus/retrofit-logansquare/labels{/name}",
      "releases_url": "https://api.github.com/repos/mannodermaus/retrofit-logansquare/releases{/id}",
      "deployments_url": "https://api.github.com/repos/mannodermaus/retrofit-logansquare/deployments",
      "created_at": "2015-10-15T12:16:30Z",
      "updated_at": "2018-11-27T20:54:31Z",
      "pushed_at": "2018-01-31T09:47:33Z",
      "git_url": "git://github.com/mannodermaus/retrofit-logansquare.git",
      "ssh_url": "git@github.com:mannodermaus/retrofit-logansquare.git",
      "clone_url": "https://github.com/mannodermaus/retrofit-logansquare.git",
      "svn_url": "https://github.com/mannodermaus/retrofit-logansquare",
      "homepage": null,
      "size": 244,
      "stargazers_count": 226,
      "watchers_count": 226,
      "language": "Java",
      "has_issues": true,
      "has_projects": true,
      "has_downloads": true,
      "has_wiki": true,
      "has_pages": false,
      "forks_count": 19,
      "mirror_url": null,
      "archived": false,
      "open_issues_count": 0,
      "license": {
        "key": "apache-2.0",
        "name": "Apache License 2.0",
        "spdx_id": "Apache-2.0",
        "url": "https://api.github.com/licenses/apache-2.0",
        "node_id": "MDc6TGljZW5zZTI="
      },
      "forks": 19,
      "open_issues": 0,
      "watchers": 226,
      "default_branch": "master",
      "score": 17.15674
    },
    {
      "id": 61610584,
      "node_id": "MDEwOlJlcG9zaXRvcnk2MTYxMDU4NA==",
      "name": "DroidMVP",
      "full_name": "andrzejchm/DroidMVP",
      "private": false,
      "owner": {
        "login": "andrzejchm",
        "id": 1711474,
        "node_id": "MDQ6VXNlcjE3MTE0NzQ=",
        "avatar_url": "https://avatars0.githubusercontent.com/u/1711474?v=4",
        "gravatar_id": "",
        "url": "https://api.github.com/users/andrzejchm",
        "html_url": "https://github.com/andrzejchm",
        "followers_url": "https://api.github.com/users/andrzejchm/followers",
        "following_url": "https://api.github.com/users/andrzejchm/following{/other_user}",
        "gists_url": "https://api.github.com/users/andrzejchm/gists{/gist_id}",
        "starred_url": "https://api.github.com/users/andrzejchm/starred{/owner}{/repo}",
        "subscriptions_url": "https://api.github.com/users/andrzejchm/subscriptions",
        "organizations_url": "https://api.github.com/users/andrzejchm/orgs",
        "repos_url": "https://api.github.com/users/andrzejchm/repos",
        "events_url": "https://api.github.com/users/andrzejchm/events{/privacy}",
        "received_events_url": "https://api.github.com/users/andrzejchm/received_events",
        "type": "User",
        "site_admin": false
      },
      "html_url": "https://github.com/andrzejchm/DroidMVP",
      "description": "Small Android library to help you incorporate MVP, Passive View and Presentation Model patterns in your app",
      "fork": false,
      "url": "https://api.github.com/repos/andrzejchm/DroidMVP",
      "forks_url": "https://api.github.com/repos/andrzejchm/DroidMVP/forks",
      "keys_url": "https://api.github.com/repos/andrzejchm/DroidMVP/keys{/key_id}",
      "collaborators_url": "https://api.github.com/repos/andrzejchm/DroidMVP/collaborators{/collaborator}",
      "teams_url": "https://api.github.com/repos/andrzejchm/DroidMVP/teams",
      "hooks_url": "https://api.github.com/repos/andrzejchm/DroidMVP/hooks",
      "issue_events_url": "https://api.github.com/repos/andrzejchm/DroidMVP/issues/events{/number}",
      "events_url": "https://api.github.com/repos/andrzejchm/DroidMVP/events",
      "assignees_url": "https://api.github.com/repos/andrzejchm/DroidMVP/assignees{/user}",
      "branches_url": "https://api.github.com/repos/andrzejchm/DroidMVP/branches{/branch}",
      "tags_url": "https://api.github.com/repos/andrzejchm/DroidMVP/tags",
      "blobs_url": "https://api.github.com/repos/andrzejchm/DroidMVP/git/blobs{/sha}",
      "git_tags_url": "https://api.github.com/repos/andrzejchm/DroidMVP/git/tags{/sha}",
      "git_refs_url": "https://api.github.com/repos/andrzejchm/DroidMVP/git/refs{/sha}",
      "trees_url": "https://api.github.com/repos/andrzejchm/DroidMVP/git/trees{/sha}",
      "statuses_url": "https://api.github.com/repos/andrzejchm/DroidMVP/statuses/{sha}",
      "languages_url": "https://api.github.com/repos/andrzejchm/DroidMVP/languages",
      "stargazers_url": "https://api.github.com/repos/andrzejchm/DroidMVP/stargazers",
      "contributors_url": "https://api.github.com/repos/andrzejchm/DroidMVP/contributors",
      "subscribers_url": "https://api.github.com/repos/andrzejchm/DroidMVP/subscribers",
      "subscription_url": "https://api.github.com/repos/andrzejchm/DroidMVP/subscription",
      "commits_url": "https://api.github.com/repos/andrzejchm/DroidMVP/commits{/sha}",
      "git_commits_url": "https://api.github.com/repos/andrzejchm/DroidMVP/git/commits{/sha}",
      "comments_url": "https://api.github.com/repos/andrzejchm/DroidMVP/comments{/number}",
      "issue_comment_url": "https://api.github.com/repos/andrzejchm/DroidMVP/issues/comments{/number}",
      "contents_url": "https://api.github.com/repos/andrzejchm/DroidMVP/contents/{+path}",
      "compare_url": "https://api.github.com/repos/andrzejchm/DroidMVP/compare/{base}...{head}",
      "merges_url": "https://api.github.com/repos/andrzejchm/DroidMVP/merges",
      "archive_url": "https://api.github.com/repos/andrzejchm/DroidMVP/{archive_format}{/ref}",
      "downloads_url": "https://api.github.com/repos/andrzejchm/DroidMVP/downloads",
      "issues_url": "https://api.github.com/repos/andrzejchm/DroidMVP/issues{/number}",
      "pulls_url": "https://api.github.com/repos/andrzejchm/DroidMVP/pulls{/number}",
      "milestones_url": "https://api.github.com/repos/andrzejchm/DroidMVP/milestones{/number}",
      "notifications_url": "https://api.github.com/repos/andrzejchm/DroidMVP/notifications{?since,all,participating}",
      "labels_url": "https://api.github.com/repos/andrzejchm/DroidMVP/labels{/name}",
      "releases_url": "https://api.github.com/repos/andrzejchm/DroidMVP/releases{/id}",
      "deployments_url": "https://api.github.com/repos/andrzejchm/DroidMVP/deployments",
      "created_at": "2016-06-21T07:05:02Z",
      "updated_at": "2018-11-21T11:50:13Z",
      "pushed_at": "2018-02-03T16:19:42Z",
      "git_url": "git://github.com/andrzejchm/DroidMVP.git",
      "ssh_url": "git@github.com:andrzejchm/DroidMVP.git",
      "clone_url": "https://github.com/andrzejchm/DroidMVP.git",
      "svn_url": "https://github.com/andrzejchm/DroidMVP",
      "homepage": "https://medium.com/@andrzejchm/presentation-model-and-passive-view-in-mvp-the-android-way-fdba56a35b1e#.o8rb6bwji",
      "size": 248,
      "stargazers_count": 228,
      "watchers_count": 228,
      "language": "Java",
      "has_issues": true,
      "has_projects": true,
      "has_downloads": true,
      "has_wiki": true,
      "has_pages": false,
      "forks_count": 27,
      "mirror_url": null,
      "archived": false,
      "open_issues_count": 2,
      "license": {
        "key": "apache-2.0",
        "name": "Apache License 2.0",
        "spdx_id": "Apache-2.0",
        "url": "https://api.github.com/licenses/apache-2.0",
        "node_id": "MDc6TGljZW5zZTI="
      },
      "forks": 27,
      "open_issues": 2,
      "watchers": 228,
      "default_branch": "develop",
      "score": 16.522078
    }
  ]
}
