{
  "total_count": 15,
  "incomplete_results": false,
  "items": [
    {
      "id": 40977450,
      "node_id": "MDEwOlJlcG9zaXRvcnk0MDk3NzQ1MA==",
      "name": "android",
      "full_name": "EliFUT/android",
      "private": false,
      "owner": {
        "login": "EliFUT",
        "id": 13853166,
        "node_id": "MDEyOk9yZ2FuaXphdGlvbjEzODUzMTY2",
        "avatar_url": "https://avatars3.githubusercontent.com/u/13853166?v=4",
        "gravatar_id": "",
        "url": "https://api.github.com/users/EliFUT",
        "html_url": "https://github.com/EliFUT",
        "followers_url": "https://api.github.com/users/EliFUT/followers",
        "following_url": "https://api.github.com/users/EliFUT/following{/other_user}",
        "gists_url": "https://api.github.com/users/EliFUT/gists{/gist_id}",
        "starred_url": "https://api.github.com/users/EliFUT/starred{/owner}{/repo}",
        "subscriptions_url": "https://api.github.com/users/EliFUT/subscriptions",
        "organizations_url": "https://api.github.com/users/EliFUT/orgs",
        "repos_url": "https://api.github.com/users/EliFUT/repos",
        "events_url": "https://api.github.com/users/EliFUT/events{/privacy}",
        "received_events_url": "https://api.github.com/users/EliFUT/received_events",
        "type": "Organization",
        "site_admin": false
      },
      "html_url": "https://github.com/EliFUT/android",
      "description": "EliFUT is a \"football manager\" style Android game",
      "fork": false,
      "url": "https://api.github.com/repos/EliFUT/android",
      "forks_url": "https://api.github.com/repos/EliFUT/android/forks",
      "keys_url": "https://api.github.com/repos/EliFUT/android/keys{/key_id}",
      "collaborators_url": "https://api.github.com/repos/EliFUT/android/collaborators{/collaborator}",
      "teams_url": "https://api.github.com/repos/EliFUT/android/teams",
      "hooks_url": "https://api.github.com/repos/EliFUT/android/hooks",
      "issue_events_url": "https://api.github.com/repos/EliFUT/android/issues/events{/number}",
      "events_url": "https://api.github.com/repos/EliFUT/android/events",
      "assignees_url": "https://api.github.com/repos/EliFUT/android/assignees{/user}",
      "branches_url": "https://api.github.com/repos/EliFUT/android/branches{/branch}",
      "tags_url": "https://api.github.com/repos/EliFUT/android/tags",
      "blobs_url": "https://api.github.com/repos/EliFUT/android/git/blobs{/sha}",
      "git_tags_url": "https://api.github.com/repos/EliFUT/android/git/tags{/sha}",
      "git_refs_url": "https://api.github.com/repos/EliFUT/android/git/refs{/sha}",
      "trees_url": "https://api.github.com/repos/EliFUT/android/git/trees{/sha}",
      "statuses_url": "https://api.github.com/repos/EliFUT/android/statuses/{sha}",
      "languages_url": "https://api.github.com/repos/EliFUT/android/languages",
      "stargazers_url": "https://api.github.com/repos/EliFUT/android/stargazers",
      "contributors_url": "https://api.github.com/repos/EliFUT/android/contributors",
      "subscribers_url": "https://api.github.com/repos/EliFUT/android/subscribers",
      "subscription_url": "https://api.github.com/repos/EliFUT/android/subscription",
      "commits_url": "https://api.github.com/repos/EliFUT/android/commits{/sha}",
      "git_commits_url": "https://api.github.com/repos/EliFUT/android/git/commits{/sha}",
      "comments_url": "https://api.github.com/repos/EliFUT/android/comments{/number}",
      "issue_comment_url": "https://api.github.com/repos/EliFUT/android/issues/comments{/number}",
      "contents_url": "https://api.github.com/repos/EliFUT/android/contents/{+path}",
      "compare_url": "https://api.github.com/repos/EliFUT/android/compare/{base}...{head}",
      "merges_url": "https://api.github.com/repos/EliFUT/android/merges",
      "archive_url": "https://api.github.com/repos/EliFUT/android/{archive_format}{/ref}",
      "downloads_url": "https://api.github.com/repos/EliFUT/android/downloads",
      "issues_url": "https://api.github.com/repos/EliFUT/android/issues{/number}",
      "pulls_url": "https://api.github.com/repos/EliFUT/android/pulls{/number}",
      "milestones_url": "https://api.github.com/repos/EliFUT/android/milestones{/number}",
      "notifications_url": "https://api.github.com/repos/EliFUT/android/notifications{?since,all,participating}",
      "labels_url": "https://api.github.com/repos/EliFUT/android/labels{/name}",
      "releases_url": "https://api.github.com/repos/EliFUT/android/releases{/id}",
      "deployments_url": "https://api.github.com/repos/EliFUT/android/deployments",
      "created_at": "2015-08-18T14:41:18Z",
      "updated_at": "2018-11-17T09:12:34Z",
      "pushed_at": "2018-03-11T16:45:15Z",
      "git_url": "git://github.com/EliFUT/android.git",
      "ssh_url": "git@github.com:EliFUT/android.git",
      "clone_url": "https://github.com/EliFUT/android.git",
      "svn_url": "https://github.com/EliFUT/android",
      "homepage": "http://elifut.com",
      "size": 20966,
      "stargazers_count": 126,
      "watchers_count": 126,
      "language": "Java",
      "has_issues": true,
      "has_projects": true,
      "has_downloads": true,
      "has_wiki": true,
      "has_pages": false,
      "forks_count": 74,
      "mirror_url": null,
      "archived": false,
      "open_issues_count": 9,
      "license": {
        "key": "apache-2.0",
        "name": "Apache License 2.0",
        "spdx_id": "Apache-2.0",
        "url": "https://api.github.com/licenses/apache-2.0",
        "node_id": "MDc6TGljZW5zZTI="
      },
      "forks": 74,
      "open_issues": 9,
      "watchers": 126,
      "default_branch": "master",
      "score": 67.50286
    },
    {
      "id": 2927004,
      "node_id": "MDEwOlJlcG9zaXRvcnkyOTI3MDA0",
      "name": "android-sqlite-asset-helper",
      "full_name": "jgilfelt/android-sqlite-asset-helper",
      "private": false,
      "owner": {
        "login": "jgilfelt",
        "id": 175697,
        "node_id": "MDQ6VXNlcjE3NTY5Nw==",
        "avatar_url": "https://avatars2.githubusercontent.com/u/175697?v=4",
        "gravatar_id": "",
        "url": "https://api.github.com/users/jgilfelt",
        "html_url": "https://github.com/jgilfelt",
        "followers_url": "https://api.github.com/users/jgilfelt/followers",
        "following_url": "https://api.github.com/users/jgilfelt/following{/other_user}",
        "gists_url": "https://api.github.com/users/jgilfelt/gists{/gist_id}",
        "starred_url": "https://api.github.com/users/jgilfelt/starred{/owner}{/repo}",
        "subscriptions_url": "https://api.github.com/users/jgilfelt/subscriptions",
        "organizations_url": "https://api.github.com/users/jgilfelt/orgs",
        "repos_url": "https://api.github.com/users/jgilfelt/repos",
        "events_url": "https://api.github.com/users/jgilfelt/events{/privacy}",
        "received_events_url": "https://api.github.com/users/jgilfelt/received_events",
        "type": "User",
        "site_admin": false
      },
      "html_url": "https://github.com/jgilfelt/android-sqlite-asset-helper",
      "description": "An Android helper class to manage database creation and version management using an application's raw asset files",
      "fork": false,
      "url": "https://api.github.com/repos/jgilfelt/android-sqlite-asset-helper",
      "forks_url": "https://api.github.com/repos/jgilfelt/android-sqlite-asset-helper/forks",
      "keys_url": "https://api.github.com/repos/jgilfelt/android-sqlite-asset-helper/keys{/key_id}",
      "collaborators_url": "https://api.github.com/repos/jgilfelt/android-sqlite-asset-helper/collaborators{/collaborator}",
      "teams_url": "https://api.github.com/repos/jgilfelt/android-sqlite-asset-helper/teams",
      "hooks_url": "https://api.github.com/repos/jgilfelt/android-sqlite-asset-helper/hooks",
      "issue_events_url": "https://api.github.com/repos/jgilfelt/android-sqlite-asset-helper/issues/events{/number}",
      "events_url": "https://api.github.com/repos/jgilfelt/android-sqlite-asset-helper/events",
      "assignees_url": "https://api.github.com/repos/jgilfelt/android-sqlite-asset-helper/assignees{/user}",
      "branches_url": "https://api.github.com/repos/jgilfelt/android-sqlite-asset-helper/branches{/branch}",
      "tags_url": "https://api.github.com/repos/jgilfelt/android-sqlite-asset-helper/tags",
      "blobs_url": "https://api.github.com/repos/jgilfelt/android-sqlite-asset-helper/git/blobs{/sha}",
      "git_tags_url": "https://api.github.com/repos/jgilfelt/android-sqlite-asset-helper/git/tags{/sha}",
      "git_refs_url": "https://api.github.com/repos/jgilfelt/android-sqlite-asset-helper/git/refs{/sha}",
      "trees_url": "https://api.github.com/repos/jgilfelt/android-sqlite-asset-helper/git/trees{/sha}",
      "statuses_url": "https://api.github.com/repos/jgilfelt/android-sqlite-asset-helper/statuses/{sha}",
      "languages_url": "https://api.github.com/repos/jgilfelt/android-sqlite-asset-helper/languages",
      "stargazers_url": "https://api.github.com/repos/jgilfelt/android-sqlite-asset-helper/stargazers",
      "contributors_url": "https://api.github.com/repos/jgilfelt/android-sqlite-asset-helper/contributors",
      "subscribers_url": "https://api.github.com/repos/jgilfelt/android-sqlite-asset-helper/subscribers",
      "subscription_url": "https://api.github.com/repos/jgilfelt/android-sqlite-asset-helper/subscription",
      "commits_url": "https://api.github.com/repos/jgilfelt/android-sqlite-asset-helper/commits{/sha}",
      "git_commits_url": "https://api.github.com/repos/jgilfelt/android-sqlite-asset-helper/git/commits{/sha}",
      "comments_url": "https://api.github.com/repos/jgilfelt/android-sqlite-asset-helper/comments{/number}",
      "issue_comment_url": "https://api.github.com/repos/jgilfelt/android-sqlite-asset-helper/issues/comments{/number}",
      "contents_url": "https://api.github.com/repos/jgilfelt/android-sqlite-asset-helper/contents/{+path}",
      "compare_url": "https://api.github.com/repos/jgilfelt/android-sqlite-asset-helper/compare/{base}...{head}",
      "merges_url": "https://api.github.com/repos/jgilfelt/android-sqlite-asset-helper/merges",
      "archive_url": "https://api.github.com/repos/jgilfelt/android-sqlite-asset-helper/{archive_format}{/ref}",
      "downloads_url": "https://api.github.com/repos/jgilfelt/android-sqlite-asset-helper/downloads",
      "issues_url": "https://api.github.com/repos/jgilfelt/android-sqlite-asset-helper/issues{/number}",
      "pulls_url": "https://api.github.com/repos/jgilfelt/android-sqlite-asset-helper/pulls{/number}",
      "milestones_url": "https://api.github.com/repos/jgilfelt/android-sqlite-asset-helper/milestones{/number}",
      "notifications_url": "https://api.github.com/repos/jgilfelt/android-sqlite-asset-helper/notifications{?since,all,participating}",
      "labels_url": "https://api.github.com/repos/jgilfelt/android-sqlite-asset-helper/labels{/name}",
      "releases_url": "https://api.github.com/repos/jgilfelt/android-sqlite-asset-helper/releases{/id}",
      "deployments_url": "https://api.github.com/repos/jgilfelt/android-sqlite-asset-helper/deployments",
      "created_at": "2011-12-06T18:41:57Z",
      "updated_at": "2018-11-29T14:59:53Z",
      "pushed_at": "2018-03-07T19:15:14Z",
      "git_url": "git://github.com/jgilfelt/android-sqlite-asset-helper.git",
      "ssh_url": "git@github.com:jgilfelt/android-sqlite-asset-helper.git",
      "clone_url": "https://github.com/jgilfelt/android-sqlite-asset-helper.git",
      "svn_url": "https://github.com/jgilfelt/android-sqlite-asset-helper",
      "homepage": "",
      "size": 1984,
      "stargazers_count": 2021,
      "watchers_count": 2021,
      "language": "Java",
      "has_issues": false,
      "has_projects": true,
      "has_downloads": true,
      "has_wiki": true,
      "has_pages": true,
      "forks_count": 525,
      "mirror_url": null,
      "archived": false,
      "open_issues_count": 78,
      "license": {
        "key": "apache-2.0",
        "name": "Apache License 2.0",
        "spdx_id": "Apache-2.0",
        "url": "https://api.github.com/licenses/apache-2.0",
        "node_id": "MDc6TGljZW5zZTI="
      },
      "forks": 525,
      "open_issues": 78,
      "watchers": 2021,
      "default_branch": "master",
      "score": 50.85094
    },
    {
      "id": 20296002,
      "node_id": "MDEwOlJlcG9zaXRvcnkyMDI5NjAwMg==",
      "name": "AndroidJSCore",
      "full_name": "ericwlange/AndroidJSCore",
      "private": false,
      "owner": {
        "login": "ericwlange",
        "id": 1191524,
        "node_id": "MDQ6VXNlcjExOTE1MjQ=",
        "avatar_url": "https://avatars0.githubusercontent.com/u/1191524?v=4",
        "gravatar_id": "",
        "url": "https://api.github.com/users/ericwlange",
        "html_url": "https://github.com/ericwlange",
        "followers_url": "https://api.github.com/users/ericwlange/followers",
        "following_url": "https://api.github.com/users/ericwlange/following{/other_user}",
        "gists_url": "https://api.github.com/users/ericwlange/gists{/gist_id}",
        "starred_url": "https://api.github.com/users/ericwlange/starred{/owner}{/repo}",
        "subscriptions_url": "https://api.github.com/users/ericwlange/subscriptions",
        "organizations_url": "https://api.github.com/users/ericwlange/orgs",
        "repos_url": "https://api.github.com/users/ericwlange/repos",
        "events_url": "https://api.github.com/users/ericwlange/events{/privacy}",
        "received_events_url": "https://api.github.com/users/ericwlange/received_events",
        "type": "User",
        "site_admin": false
      },
      "html_url": "https://github.com/ericwlange/AndroidJSCore",
      "description": "AndroidJSCore allows Android developers to use JavaScript natively in their apps.",
      "fork": false,
      "url": "https://api.github.com/repos/ericwlange/AndroidJSCore",
      "forks_url": "https://api.github.com/repos/ericwlange/AndroidJSCore/forks",
      "keys_url": "https://api.github.com/repos/ericwlange/AndroidJSCore/keys{/key_id}",
      "collaborators_url": "https://api.github.com/repos/ericwlange/AndroidJSCore/collaborators{/collaborator}",
      "teams_url": "https://api.github.com/repos/ericwlange/AndroidJSCore/teams",
      "hooks_url": "https://api.github.com/repos/ericwlange/AndroidJSCore/hooks",
      "issue_events_url": "https://api.github.com/repos/ericwlange/AndroidJSCore/issues/events{/number}",
      "events_url": "https://api.github.com/repos/ericwlange/AndroidJSCore/events",
      "assignees_url": "https://api.github.com/repos/ericwlange/AndroidJSCore/assignees{/user}",
      "branches_url": "https://api.github.com/repos/ericwlange/AndroidJSCore/branches{/branch}",
      "tags_url": "https://api.github.com/repos/ericwlange/AndroidJSCore/tags",
      "blobs_url": "https://api.github.com/repos/ericwlange/AndroidJSCore/git/blobs{/sha}",
      "git_tags_url": "https://api.github.com/repos/ericwlange/AndroidJSCore/git/tags{/sha}",
      "git_refs_url": "https://api.github.com/repos/ericwlange/AndroidJSCore/git/refs{/sha}",
      "trees_url": "https://api.github.com/repos/ericwlange/AndroidJSCore/git/trees{/sha}",
      "statuses_url": "https://api.github.com/repos/ericwlange/AndroidJSCore/statuses/{sha}",
      "languages_url": "https://api.github.com/repos/ericwlange/AndroidJSCore/languages",
      "stargazers_url": "https://api.github.com/repos/ericwlange/AndroidJSCore/stargazers",
      "contributors_url": "https://api.github.com/repos/ericwlange/AndroidJSCore/contributors",
      "subscribers_url": "https://api.github.com/repos/ericwlange/AndroidJSCore/subscribers",
      "subscription_url": "https://api.github.com/repos/ericwlange/AndroidJSCore/subscription",
      "commits_url": "https://api.github.com/repos/ericwlange/AndroidJSCore/commits{/sha}",
      "git_commits_url": "https://api.github.com/repos/ericwlange/AndroidJSCore/git/commits{/sha}",
      "comments_url": "https://api.github.com/repos/ericwlange/AndroidJSCore/comments{/number}",
      "issue_comment_url": "https://api.github.com/repos/ericwlange/AndroidJSCore/issues/comments{/number}",
      "contents_url": "https://api.github.com/repos/ericwlange/AndroidJSCore/contents/{+path}",
      "compare_url": "https://api.github.com/repos/ericwlange/AndroidJSCore/compare/{base}...{head}",
      "merges_url": "https://api.github.com/repos/ericwlange/AndroidJSCore/merges",
      "archive_url": "https://api.github.com/repos/ericwlange/AndroidJSCore/{archive_format}{/ref}",
      "downloads_url": "https://api.github.com/repos/ericwlange/AndroidJSCore/downloads",
      "issues_url": "https://api.github.com/repos/ericwlange/AndroidJSCore/issues{/number}",
      "pulls_url": "https://api.github.com/repos/ericwlange/AndroidJSCore/pulls{/number}",
      "milestones_url": "https://api.github.com/repos/ericwlange/AndroidJSCore/milestones{/number}",
      "notifications_url": "https://api.github.com/repos/ericwlange/AndroidJSCore/notifications{?since,all,participating}",
      "labels_url": "https://api.github.com/repos/ericwlange/AndroidJSCore/labels{/name}",
      "releases_url": "https://api.github.com/repos/ericwlange/AndroidJSCore/releases{/id}",
      "deployments_url": "https://api.github.com/repos/ericwlange/AndroidJSCore/deployments",
      "created_at": "2014-05-29T14:14:27Z",
      "updated_at": "2018-11-25T16:11:16Z",
      "pushed_at": "2018-03-11T10:12:04Z",
      "git_url": "git://github.com/ericwlange/AndroidJSCore.git",
      "ssh_url": "git@github.com:ericwlange/AndroidJSCore.git",
      "clone_url": "https://github.com/ericwlange/AndroidJSCore.git",
      "svn_url": "https://github.com/ericwlange/AndroidJSCore",
      "homepage": "",
      "size": 72391,
      "stargazers_count": 382,
      "watchers_count": 382,
      "language": "Java",
      "has_issues": true,
      "has_projects": true,
      "has_downloads": true,
      "has_wiki": true,
      "has_pages": false,
      "forks_count": 67,
      "mirror_url": null,
      "archived": false,
      "open_issues_count": 10,
      "license": null,
      "forks": 67,
      "open_issues": 10,
      "watchers": 382,
      "default_branch": "master",
      "score": 47.04036
    },
    {
      "id": 80124503,
      "node_id": "MDEwOlJlcG9zaXRvcnk4MDEyNDUwMw==",
      "name": "StatusView",
      "full_name": "iammert/StatusView",
      "private": false,
      "owner": {
        "login": "iammert",
        "id": 11799296,
        "node_id": "MDQ6VXNlcjExNzk5Mjk2",
        "avatar_url": "https://avatars3.githubusercontent.com/u/11799296?v=4",
        "gravatar_id": "",
        "url": "https://api.github.com/users/iammert",
        "html_url": "https://github.com/iammert",
        "followers_url": "https://api.github.com/users/iammert/followers",
        "following_url": "https://api.github.com/users/iammert/following{/other_user}",
        "gists_url": "https://api.github.com/users/iammert/gists{/gist_id}",
        "starred_url": "https://api.github.com/users/iammert/starred{/owner}{/repo}",
        "subscriptions_url": "https://api.github.com/users/iammert/subscriptions",
        "organizations_url": "https://api.github.com/users/iammert/orgs",
        "repos_url": "https://api.github.com/users/iammert/repos",
        "events_url": "https://api.github.com/users/iammert/events{/privacy}",
        "received_events_url": "https://api.github.com/users/iammert/received_events",
        "type": "User",
        "site_admin": false
      },
      "html_url": "https://github.com/iammert/StatusView",
      "description": "Custom status view for Android.",
      "fork": false,
      "url": "https://api.github.com/repos/iammert/StatusView",
      "forks_url": "https://api.github.com/repos/iammert/StatusView/forks",
      "keys_url": "https://api.github.com/repos/iammert/StatusView/keys{/key_id}",
      "collaborators_url": "https://api.github.com/repos/iammert/StatusView/collaborators{/collaborator}",
      "teams_url": "https://api.github.com/repos/iammert/StatusView/teams",
      "hooks_url": "https://api.github.com/repos/iammert/StatusView/hooks",
      "issue_events_url": "https://api.github.com/repos/iammert/StatusView/issues/events{/number}",
      "events_url": "https://api.github.com/repos/iammert/StatusView/events",
      "assignees_url": "https://api.github.com/repos/iammert/StatusView/assignees{/user}",
      "branches_url": "https://api.github.com/repos/iammert/StatusView/branches{/branch}",
      "tags_url": "https://api.github.com/repos/iammert/StatusView/tags",
      "blobs_url": "https://api.github.com/repos/iammert/StatusView/git/blobs{/sha}",
      "git_tags_url": "https://api.github.com/repos/iammert/StatusView/git/tags{/sha}",
      "git_refs_url": "https://api.github.com/repos/iammert/StatusView/git/refs{/sha}",
      "trees_url": "https://api.github.com/repos/iammert/StatusView/git/trees{/sha}",
      "statuses_url": "https://api.github.com/repos/iammert/StatusView/statuses/{sha}",
      "languages_url": "https://api.github.com/repos/iammert/StatusView/languages",
      "stargazers_url": "https://api.github.com/repos/iammert/StatusView/stargazers",
      "contributors_url": "https://api.github.com/repos/iammert/StatusView/contributors",
      "subscribers_url": "https://api.github.com/repos/iammert/StatusView/subscribers",
      "subscription_url": "https://api.github.com/repos/iammert/StatusView/subscription",
      "commits_url": "https://api.github.com/repos/iammert/StatusView/commits{/sha}",
      "git_commits_url": "https://api.github.com/repos/iammert/StatusView/git/commits{/sha}",
      "comments_url": "https://api.github.com/repos/iammert/StatusView/comments{/number}",
      "issue_comment_url": "https://api.github.com/repos/iammert/StatusView/issues/comments{/number}",
      "contents_url": "https://api.github.com/repos/iammert/StatusView/contents/{+path}",
      "compare_url": "https://api.github.com/repos/iammert/StatusView/compare/{base}...{head}",
      "merges_url": "https://api.github.com/repos/iammert/StatusView/merges",
      "archive_url": "https://api.github.com/repos/iammert/StatusView/{archive_format}{/ref}",
      "downloads_url": "https://api.github.com/repos/iammert/StatusView/downloads",
      "issues_url": "https://api.github.com/repos/iammert/StatusView/issues{/number}",
      "pulls_url": "https://api.github.com/repos/iammert/StatusView/pulls{/number}",
      "milestones_url": "https://api.github.com/repos/iammert/StatusView/milestones{/number}",
      "notifications_url": "https://api.github.com/repos/iammert/StatusView/notifications{?since,all,participating}",
      "labels_url": "https://api.github.com/repos/iammert/StatusView/labels{/name}",
      "releases_url": "https://api.github.com/repos/iammert/StatusView/releases{/id}",
      "deployments_url": "https://api.github.com/repos/iammert/StatusView/deployments",
      "created_at": "2017-01-26T15:01:57Z",
      "updated_at": "2018-11-20T15:01:59Z",
      "pushed_at": "2018-03-07T06:41:54Z",
      "git_url": "git://github.com/iammert/StatusView.git",
      "ssh_url": "git@github.com:iammert/StatusView.git",
      "clone_url": "https://github.com/iammert/StatusView.git",
      "svn_url": "https://github.com/iammert/StatusView",
      "homepage": null,
      "size": 591,
      "stargazers_count": 706,
      "watchers_count": 706,
      "language": "Java",
      "has_issues": true,
      "has_projects": true,
      "has_downloads": true,
      "has_wiki": true,
      "has_pages": false,
      "forks_count": 75,
      "mirror_url": null,
      "archived": false,
      "open_issues_count": 3,
      "license": null,
      "forks": 75,
      "open_issues": 3,
      "watchers": 706,
      "default_branch": "master",
      "score": 35.761578
    },
    {
      "id": 82539789,
      "node_id": "MDEwOlJlcG9zaXRvcnk4MjUzOTc4OQ==",
      "name": "TCP-Tester",
      "full_name": "HauyuChen/TCP-Tester",
      "private": false,
      "owner": {
        "login": "HauyuChen",
        "id": 17856142,
        "node_id": "MDQ6VXNlcjE3ODU2MTQy",
        "avatar_url": "https://avatars2.githubusercontent.com/u/17856142?v=4",
        "gravatar_id": "",
        "url": "https://api.github.com/users/HauyuChen",
        "html_url": "https://github.com/HauyuChen",
        "followers_url": "https://api.github.com/users/HauyuChen/followers",
        "following_url": "https://api.github.com/users/HauyuChen/following{/other_user}",
        "gists_url": "https://api.github.com/users/HauyuChen/gists{/gist_id}",
        "starred_url": "https://api.github.com/users/HauyuChen/starred{/owner}{/repo}",
        "subscriptions_url": "https://api.github.com/users/HauyuChen/subscriptions",
        "organizations_url": "https://api.github.com/users/HauyuChen/orgs",
        "repos_url": "https://api.github.com/users/HauyuChen/repos",
        "events_url": "https://api.github.com/users/HauyuChen/events{/privacy}",
        "received_events_url": "https://api.github.com/users/HauyuChen/received_events",
        "type": "User",
        "site_admin": false
      },
      "html_url": "https://github.com/HauyuChen/TCP-Tester",
      "description": "Android App",
      "fork": false,
      "url": "https://api.github.com/repos/HauyuChen/TCP-Tester",
      "forks_url": "https://api.github.com/repos/HauyuChen/TCP-Tester/forks",
      "keys_url": "https://api.github.com/repos/HauyuChen/TCP-Tester/keys{/key_id}",
      "collaborators_url": "https://api.github.com/repos/HauyuChen/TCP-Tester/collaborators{/collaborator}",
      "teams_url": "https://api.github.com/repos/HauyuChen/TCP-Tester/teams",
      "hooks_url": "https://api.github.com/repos/HauyuChen/TCP-Tester/hooks",
      "issue_events_url": "https://api.github.com/repos/HauyuChen/TCP-Tester/issues/events{/number}",
      "events_url": "https://api.github.com/repos/HauyuChen/TCP-Tester/events",
      "assignees_url": "https://api.github.com/repos/HauyuChen/TCP-Tester/assignees{/user}",
      "branches_url": "https://api.github.com/repos/HauyuChen/TCP-Tester/branches{/branch}",
      "tags_url": "https://api.github.com/repos/HauyuChen/TCP-Tester/tags",
      "blobs_url": "https://api.github.com/repos/HauyuChen/TCP-Tester/git/blobs{/sha}",
      "git_tags_url": "https://api.github.com/repos/HauyuChen/TCP-Tester/git/tags{/sha}",
      "git_refs_url": "https://api.github.com/repos/HauyuChen/TCP-Tester/git/refs{/sha}",
      "trees_url": "https://api.github.com/repos/HauyuChen/TCP-Tester/git/trees{/sha}",
      "statuses_url": "https://api.github.com/repos/HauyuChen/TCP-Tester/statuses/{sha}",
      "languages_url": "https://api.github.com/repos/HauyuChen/TCP-Tester/languages",
      "stargazers_url": "https://api.github.com/repos/HauyuChen/TCP-Tester/stargazers",
      "contributors_url": "https://api.github.com/repos/HauyuChen/TCP-Tester/contributors",
      "subscribers_url": "https://api.github.com/repos/HauyuChen/TCP-Tester/subscribers",
      "subscription_url": "https://api.github.com/repos/HauyuChen/TCP-Tester/subscription",
      "commits_url": "https://api.github.com/repos/HauyuChen/TCP-Tester/commits{/sha}",
      "git_commits_url": "https://api.github.com/repos/HauyuChen/TCP-Tester/git/commits{/sha}",
      "comments_url": "https://api.github.com/repos/HauyuChen/TCP-Tester/comments{/number}",
      "issue_comment_url": "https://api.github.com/repos/HauyuChen/TCP-Tester/issues/comments{/number}",
      "contents_url": "https://api.github.com/repos/HauyuChen/TCP-Tester/contents/{+path}",
      "compare_url": "https://api.github.com/repos/HauyuChen/TCP-Tester/compare/{base}...{head}",
      "merges_url": "https://api.github.com/repos/HauyuChen/TCP-Tester/merges",
      "archive_url": "https://api.github.com/repos/HauyuChen/TCP-Tester/{archive_format}{/ref}",
      "downloads_url": "https://api.github.com/repos/HauyuChen/TCP-Tester/downloads",
      "issues_url": "https://api.github.com/repos/HauyuChen/TCP-Tester/issues{/number}",
      "pulls_url": "https://api.github.com/repos/HauyuChen/TCP-Tester/pulls{/number}",
      "milestones_url": "https://api.github.com/repos/HauyuChen/TCP-Tester/milestones{/number}",
      "notifications_url": "https://api.github.com/repos/HauyuChen/TCP-Tester/notifications{?since,all,participating}",
      "labels_url": "https://api.github.com/repos/HauyuChen/TCP-Tester/labels{/name}",
      "releases_url": "https://api.github.com/repos/HauyuChen/TCP-Tester/releases{/id}",
      "deployments_url": "https://api.github.com/repos/HauyuChen/TCP-Tester/deployments",
      "created_at": "2017-02-20T09:26:53Z",
      "updated_at": "2018-10-30T11:38:59Z",
      "pushed_at": "2018-03-07T11:21:31Z",
      "git_url": "git://github.com/HauyuChen/TCP-Tester.git",
      "ssh_url": "git@github.com:HauyuChen/TCP-Tester.git",
      "clone_url": "https://github.com/HauyuChen/TCP-Tester.git",
      "svn_url": "https://github.com/HauyuChen/TCP-Tester",
      "homepage": "",
      "size": 505,
      "stargazers_count": 129,
      "watchers_count": 129,
      "language": "Java",
      "has_issues": true,
      "has_projects": true,
      "has_downloads": true,
      "has_wiki": true,
      "has_pages": false,
      "forks_count": 31,
      "mirror_url": null,
      "archived": false,
      "open_issues_count": 0,
      "license": null,
      "forks": 31,
      "open_issues": 0,
      "watchers": 129,
      "default_branch": "master",
      "score": 32.779926
    },
    {
      "id": 4315362,
      "node_id": "MDEwOlJlcG9zaXRvcnk0MzE1MzYy",
      "name": "calendar-widget",
      "full_name": "plusonelabs/calendar-widget",
      "private": false,
      "owner": {
        "login": "plusonelabs",
        "id": 1734923,
        "node_id": "MDQ6VXNlcjE3MzQ5MjM=",
        "avatar_url": "https://avatars1.githubusercontent.com/u/1734923?v=4",
        "gravatar_id": "",
        "url": "https://api.github.com/users/plusonelabs",
        "html_url": "https://github.com/plusonelabs",
        "followers_url": "https://api.github.com/users/plusonelabs/followers",
        "following_url": "https://api.github.com/users/plusonelabs/following{/other_user}",
        "gists_url": "https://api.github.com/users/plusonelabs/gists{/gist_id}",
        "starred_url": "https://api.github.com/users/plusonelabs/starred{/owner}{/repo}",
        "subscriptions_url": "https://api.github.com/users/plusonelabs/subscriptions",
        "organizations_url": "https://api.github.com/users/plusonelabs/orgs",
        "repos_url": "https://api.github.com/users/plusonelabs/repos",
        "events_url": "https://api.github.com/users/plusonelabs/events{/privacy}",
        "received_events_url": "https://api.github.com/users/plusonelabs/received_events",
        "type": "User",
        "site_admin": false
      },
      "html_url": "https://github.com/plusonelabs/calendar-widget",
      "description": "An calender widget for your Android home screen.",
      "fork": false,
      "url": "https://api.github.com/repos/plusonelabs/calendar-widget",
      "forks_url": "https://api.github.com/repos/plusonelabs/calendar-widget/forks",
      "keys_url": "https://api.github.com/repos/plusonelabs/calendar-widget/keys{/key_id}",
      "collaborators_url": "https://api.github.com/repos/plusonelabs/calendar-widget/collaborators{/collaborator}",
      "teams_url": "https://api.github.com/repos/plusonelabs/calendar-widget/teams",
      "hooks_url": "https://api.github.com/repos/plusonelabs/calendar-widget/hooks",
      "issue_events_url": "https://api.github.com/repos/plusonelabs/calendar-widget/issues/events{/number}",
      "events_url": "https://api.github.com/repos/plusonelabs/calendar-widget/events",
      "assignees_url": "https://api.github.com/repos/plusonelabs/calendar-widget/assignees{/user}",
      "branches_url": "https://api.github.com/repos/plusonelabs/calendar-widget/branches{/branch}",
      "tags_url": "https://api.github.com/repos/plusonelabs/calendar-widget/tags",
      "blobs_url": "https://api.github.com/repos/plusonelabs/calendar-widget/git/blobs{/sha}",
      "git_tags_url": "https://api.github.com/repos/plusonelabs/calendar-widget/git/tags{/sha}",
      "git_refs_url": "https://api.github.com/repos/plusonelabs/calendar-widget/git/refs{/sha}",
      "trees_url": "https://api.github.com/repos/plusonelabs/calendar-widget/git/trees{/sha}",
      "statuses_url": "https://api.github.com/repos/plusonelabs/calendar-widget/statuses/{sha}",
      "languages_url": "https://api.github.com/repos/plusonelabs/calendar-widget/languages",
      "stargazers_url": "https://api.github.com/repos/plusonelabs/calendar-widget/stargazers",
      "contributors_url": "https://api.github.com/repos/plusonelabs/calendar-widget/contributors",
      "subscribers_url": "https://api.github.com/repos/plusonelabs/calendar-widget/subscribers",
      "subscription_url": "https://api.github.com/repos/plusonelabs/calendar-widget/subscription",
      "commits_url": "https://api.github.com/repos/plusonelabs/calendar-widget/commits{/sha}",
      "git_commits_url": "https://api.github.com/repos/plusonelabs/calendar-widget/git/commits{/sha}",
      "comments_url": "https://api.github.com/repos/plusonelabs/calendar-widget/comments{/number}",
      "issue_comment_url": "https://api.github.com/repos/plusonelabs/calendar-widget/issues/comments{/number}",
      "contents_url": "https://api.github.com/repos/plusonelabs/calendar-widget/contents/{+path}",
      "compare_url": "https://api.github.com/repos/plusonelabs/calendar-widget/compare/{base}...{head}",
      "merges_url": "https://api.github.com/repos/plusonelabs/calendar-widget/merges",
      "archive_url": "https://api.github.com/repos/plusonelabs/calendar-widget/{archive_format}{/ref}",
      "downloads_url": "https://api.github.com/repos/plusonelabs/calendar-widget/downloads",
      "issues_url": "https://api.github.com/repos/plusonelabs/calendar-widget/issues{/number}",
      "pulls_url": "https://api.github.com/repos/plusonelabs/calendar-widget/pulls{/number}",
      "milestones_url": "https://api.github.com/repos/plusonelabs/calendar-widget/milestones{/number}",
      "notifications_url": "https://api.github.com/repos/plusonelabs/calendar-widget/notifications{?since,all,participating}",
      "labels_url": "https://api.github.com/repos/plusonelabs/calendar-widget/labels{/name}",
      "releases_url": "https://api.github.com/repos/plusonelabs/calendar-widget/releases{/id}",
      "deployments_url": "https://api.github.com/repos/plusonelabs/calendar-widget/deployments",
      "created_at": "2012-05-13T15:37:45Z",
      "updated_at": "2018-11-24T11:23:10Z",
      "pushed_at": "2018-03-10T10:17:25Z",
      "git_url": "git://github.com/plusonelabs/calendar-widget.git",
      "ssh_url": "git@github.com:plusonelabs/calendar-widget.git",
      "clone_url": "https://github.com/plusonelabs/calendar-widget.git",
      "svn_url": "https://github.com/plusonelabs/calendar-widget",
      "homepage": "",
      "size": 30095,
      "stargazers_count": 316,
      "watchers_count": 316,
      "language": "Java",
      "has_issues": true,
      "has_projects": true,
      "has_downloads": true,
      "has_wiki": true,
      "has_pages": false,
      "forks_count": 108,
      "mirror_url": null,
      "archived": false,
      "open_issues_count": 137,
      "license": {
        "key": "apache-2.0",
        "name": "Apache License 2.0",
        "spdx_id": "Apache-2.0",
        "url": "https://api.github.com/licenses/apache-2.0",
        "node_id": "MDc6TGljZW5zZTI="
      },
      "forks": 108,
      "open_issues": 137,
      "watchers": 316,
      "default_branch": "master",
      "score": 28.655472
    },
    {
      "id": 48878758,
      "node_id": "MDEwOlJlcG9zaXRvcnk0ODg3ODc1OA==",
      "name": "react-native-android-kit",
      "full_name": "adbayb/react-native-android-kit",
      "private": false,
      "owner": {
        "login": "adbayb",
        "id": 10498826,
        "node_id": "MDQ6VXNlcjEwNDk4ODI2",
        "avatar_url": "https://avatars3.githubusercontent.com/u/10498826?v=4",
        "gravatar_id": "",
        "url": "https://api.github.com/users/adbayb",
        "html_url": "https://github.com/adbayb",
        "followers_url": "https://api.github.com/users/adbayb/followers",
        "following_url": "https://api.github.com/users/adbayb/following{/other_user}",
        "gists_url": "https://api.github.com/users/adbayb/gists{/gist_id}",
        "starred_url": "https://api.github.com/users/adbayb/starred{/owner}{/repo}",
        "subscriptions_url": "https://api.github.com/users/adbayb/subscriptions",
        "organizations_url": "https://api.github.com/users/adbayb/orgs",
        "repos_url": "https://api.github.com/users/adbayb/repos",
        "events_url": "https://api.github.com/users/adbayb/events{/privacy}",
        "received_events_url": "https://api.github.com/users/adbayb/received_events",
        "type": "User",
        "site_admin": false
      },
      "html_url": "https://github.com/adbayb/react-native-android-kit",
      "description": ":package: Android Native Kit for React-Native",
      "fork": false,
      "url": "https://api.github.com/repos/adbayb/react-native-android-kit",
      "forks_url": "https://api.github.com/repos/adbayb/react-native-android-kit/forks",
      "keys_url": "https://api.github.com/repos/adbayb/react-native-android-kit/keys{/key_id}",
      "collaborators_url": "https://api.github.com/repos/adbayb/react-native-android-kit/collaborators{/collaborator}",
      "teams_url": "https://api.github.com/repos/adbayb/react-native-android-kit/teams",
      "hooks_url": "https://api.github.com/repos/adbayb/react-native-android-kit/hooks",
      "issue_events_url": "https://api.github.com/repos/adbayb/react-native-android-kit/issues/events{/number}",
      "events_url": "https://api.github.com/repos/adbayb/react-native-android-kit/events",
      "assignees_url": "https://api.github.com/repos/adbayb/react-native-android-kit/assignees{/user}",
      "branches_url": "https://api.github.com/repos/adbayb/react-native-android-kit/branches{/branch}",
      "tags_url": "https://api.github.com/repos/adbayb/react-native-android-kit/tags",
      "blobs_url": "https://api.github.com/repos/adbayb/react-native-android-kit/git/blobs{/sha}",
      "git_tags_url": "https://api.github.com/repos/adbayb/react-native-android-kit/git/tags{/sha}",
      "git_refs_url": "https://api.github.com/repos/adbayb/react-native-android-kit/git/refs{/sha}",
      "trees_url": "https://api.github.com/repos/adbayb/react-native-android-kit/git/trees{/sha}",
      "statuses_url": "https://api.github.com/repos/adbayb/react-native-android-kit/statuses/{sha}",
      "languages_url": "https://api.github.com/repos/adbayb/react-native-android-kit/languages",
      "stargazers_url": "https://api.github.com/repos/adbayb/react-native-android-kit/stargazers",
      "contributors_url": "https://api.github.com/repos/adbayb/react-native-android-kit/contributors",
      "subscribers_url": "https://api.github.com/repos/adbayb/react-native-android-kit/subscribers",
      "subscription_url": "https://api.github.com/repos/adbayb/react-native-android-kit/subscription",
      "commits_url": "https://api.github.com/repos/adbayb/react-native-android-kit/commits{/sha}",
      "git_commits_url": "https://api.github.com/repos/adbayb/react-native-android-kit/git/commits{/sha}",
      "comments_url": "https://api.github.com/repos/adbayb/react-native-android-kit/comments{/number}",
      "issue_comment_url": "https://api.github.com/repos/adbayb/react-native-android-kit/issues/comments{/number}",
      "contents_url": "https://api.github.com/repos/adbayb/react-native-android-kit/contents/{+path}",
      "compare_url": "https://api.github.com/repos/adbayb/react-native-android-kit/compare/{base}...{head}",
      "merges_url": "https://api.github.com/repos/adbayb/react-native-android-kit/merges",
      "archive_url": "https://api.github.com/repos/adbayb/react-native-android-kit/{archive_format}{/ref}",
      "downloads_url": "https://api.github.com/repos/adbayb/react-native-android-kit/downloads",
      "issues_url": "https://api.github.com/repos/adbayb/react-native-android-kit/issues{/number}",
      "pulls_url": "https://api.github.com/repos/adbayb/react-native-android-kit/pulls{/number}",
      "milestones_url": "https://api.github.com/repos/adbayb/react-native-android-kit/milestones{/number}",
      "notifications_url": "https://api.github.com/repos/adbayb/react-native-android-kit/notifications{?since,all,participating}",
      "labels_url": "https://api.github.com/repos/adbayb/react-native-android-kit/labels{/name}",
      "releases_url": "https://api.github.com/repos/adbayb/react-native-android-kit/releases{/id}",
      "deployments_url": "https://api.github.com/repos/adbayb/react-native-android-kit/deployments",
      "created_at": "2016-01-01T13:28:31Z",
      "updated_at": "2018-11-28T06:00:21Z",
      "pushed_at": "2018-03-08T06:16:18Z",
      "git_url": "git://github.com/adbayb/react-native-android-kit.git",
      "ssh_url": "git@github.com:adbayb/react-native-android-kit.git",
      "clone_url": "https://github.com/adbayb/react-native-android-kit.git",
      "svn_url": "https://github.com/adbayb/react-native-android-kit",
      "homepage": "",
      "size": 255,
      "stargazers_count": 104,
      "watchers_count": 104,
      "language": "Java",
      "has_issues": true,
      "has_projects": true,
      "has_downloads": true,
      "has_wiki": true,
      "has_pages": false,
      "forks_count": 16,
      "mirror_url": null,
      "archived": false,
      "open_issues_count": 6,
      "license": {
        "key": "mit",
        "name": "MIT License",
        "spdx_id": "MIT",
        "url": "https://api.github.com/licenses/mit",
        "node_id": "MDc6TGljZW5zZTEz"
      },
      "forks": 16,
      "open_issues": 6,
      "watchers": 104,
      "default_branch": "master",
      "score": 27.854885
    },
    {
      "id": 21539015,
      "node_id": "MDEwOlJlcG9zaXRvcnkyMTUzOTAxNQ==",
      "name": "SwipeActionAdapter",
      "full_name": "wdullaer/SwipeActionAdapter",
      "private": false,
      "owner": {
        "login": "wdullaer",
        "id": 6305221,
        "node_id": "MDQ6VXNlcjYzMDUyMjE=",
        "avatar_url": "https://avatars1.githubusercontent.com/u/6305221?v=4",
        "gravatar_id": "",
        "url": "https://api.github.com/users/wdullaer",
        "html_url": "https://github.com/wdullaer",
        "followers_url": "https://api.github.com/users/wdullaer/followers",
        "following_url": "https://api.github.com/users/wdullaer/following{/other_user}",
        "gists_url": "https://api.github.com/users/wdullaer/gists{/gist_id}",
        "starred_url": "https://api.github.com/users/wdullaer/starred{/owner}{/repo}",
        "subscriptions_url": "https://api.github.com/users/wdullaer/subscriptions",
        "organizations_url": "https://api.github.com/users/wdullaer/orgs",
        "repos_url": "https://api.github.com/users/wdullaer/repos",
        "events_url": "https://api.github.com/users/wdullaer/events{/privacy}",
        "received_events_url": "https://api.github.com/users/wdullaer/received_events",
        "type": "User",
        "site_admin": false
      },
      "html_url": "https://github.com/wdullaer/SwipeActionAdapter",
      "description": "The Mailbox-like Swipe gesture library for Android",
      "fork": false,
      "url": "https://api.github.com/repos/wdullaer/SwipeActionAdapter",
      "forks_url": "https://api.github.com/repos/wdullaer/SwipeActionAdapter/forks",
      "keys_url": "https://api.github.com/repos/wdullaer/SwipeActionAdapter/keys{/key_id}",
      "collaborators_url": "https://api.github.com/repos/wdullaer/SwipeActionAdapter/collaborators{/collaborator}",
      "teams_url": "https://api.github.com/repos/wdullaer/SwipeActionAdapter/teams",
      "hooks_url": "https://api.github.com/repos/wdullaer/SwipeActionAdapter/hooks",
      "issue_events_url": "https://api.github.com/repos/wdullaer/SwipeActionAdapter/issues/events{/number}",
      "events_url": "https://api.github.com/repos/wdullaer/SwipeActionAdapter/events",
      "assignees_url": "https://api.github.com/repos/wdullaer/SwipeActionAdapter/assignees{/user}",
      "branches_url": "https://api.github.com/repos/wdullaer/SwipeActionAdapter/branches{/branch}",
      "tags_url": "https://api.github.com/repos/wdullaer/SwipeActionAdapter/tags",
      "blobs_url": "https://api.github.com/repos/wdullaer/SwipeActionAdapter/git/blobs{/sha}",
      "git_tags_url": "https://api.github.com/repos/wdullaer/SwipeActionAdapter/git/tags{/sha}",
      "git_refs_url": "https://api.github.com/repos/wdullaer/SwipeActionAdapter/git/refs{/sha}",
      "trees_url": "https://api.github.com/repos/wdullaer/SwipeActionAdapter/git/trees{/sha}",
      "statuses_url": "https://api.github.com/repos/wdullaer/SwipeActionAdapter/statuses/{sha}",
      "languages_url": "https://api.github.com/repos/wdullaer/SwipeActionAdapter/languages",
      "stargazers_url": "https://api.github.com/repos/wdullaer/SwipeActionAdapter/stargazers",
      "contributors_url": "https://api.github.com/repos/wdullaer/SwipeActionAdapter/contributors",
      "subscribers_url": "https://api.github.com/repos/wdullaer/SwipeActionAdapter/subscribers",
      "subscription_url": "https://api.github.com/repos/wdullaer/SwipeActionAdapter/subscription",
      "commits_url": "https://api.github.com/repos/wdullaer/SwipeActionAdapter/commits{/sha}",
      "git_commits_url": "https://api.github.com/repos/wdullaer/SwipeActionAdapter/git/commits{/sha}",
      "comments_url": "https://api.github.com/repos/wdullaer/SwipeActionAdapter/comments{/number}",
      "issue_comment_url": "https://api.github.com/repos/wdullaer/SwipeActionAdapter/issues/comments{/number}",
      "contents_url": "https://api.github.com/repos/wdullaer/SwipeActionAdapter/contents/{+path}",
      "compare_url": "https://api.github.com/repos/wdullaer/SwipeActionAdapter/compare/{base}...{head}",
      "merges_url": "https://api.github.com/repos/wdullaer/SwipeActionAdapter/merges",
      "archive_url": "https://api.github.com/repos/wdullaer/SwipeActionAdapter/{archive_format}{/ref}",
      "downloads_url": "https://api.github.com/repos/wdullaer/SwipeActionAdapter/downloads",
      "issues_url": "https://api.github.com/repos/wdullaer/SwipeActionAdapter/issues{/number}",
      "pulls_url": "https://api.github.com/repos/wdullaer/SwipeActionAdapter/pulls{/number}",
      "milestones_url": "https://api.github.com/repos/wdullaer/SwipeActionAdapter/milestones{/number}",
      "notifications_url": "https://api.github.com/repos/wdullaer/SwipeActionAdapter/notifications{?since,all,participating}",
      "labels_url": "https://api.github.com/repos/wdullaer/SwipeActionAdapter/labels{/name}",
      "releases_url": "https://api.github.com/repos/wdullaer/SwipeActionAdapter/releases{/id}",
      "deployments_url": "https://api.github.com/repos/wdullaer/SwipeActionAdapter/deployments",
      "created_at": "2014-07-06T11:48:22Z",
      "updated_at": "2018-10-18T06:40:48Z",
      "pushed_at": "2018-03-11T14:07:01Z",
      "git_url": "git://github.com/wdullaer/SwipeActionAdapter.git",
      "ssh_url": "git@github.com:wdullaer/SwipeActionAdapter.git",
      "clone_url": "https://github.com/wdullaer/SwipeActionAdapter.git",
      "svn_url": "https://github.com/wdullaer/SwipeActionAdapter",
      "homepage": "",
      "size": 213,
      "stargazers_count": 192,
      "watchers_count": 192,
      "language": "Java",
      "has_issues": true,
      "has_projects": true,
      "has_downloads": true,
      "has_wiki": true,
      "has_pages": true,
      "forks_count": 58,
      "mirror_url": null,
      "archived": false,
      "open_issues_count": 16,
      "license": {
        "key": "apache-2.0",
        "name": "Apache License 2.0",
        "spdx_id": "Apache-2.0",
        "url": "https://api.github.com/licenses/apache-2.0",
        "node_id": "MDc6TGljZW5zZTI="
      },
      "forks": 58,
      "open_issues": 16,
      "watchers": 192,
      "default_branch": "master",
      "score": 25.801579
    },
    {
      "id": 124160075,
      "node_id": "MDEwOlJlcG9zaXRvcnkxMjQxNjAwNzU=",
      "name": "RemoteControlView",
      "full_name": "simplezhli/RemoteControlView",
      "private": false,
      "owner": {
        "login": "simplezhli",
        "id": 12456431,
        "node_id": "MDQ6VXNlcjEyNDU2NDMx",
        "avatar_url": "https://avatars1.githubusercontent.com/u/12456431?v=4",
        "gravatar_id": "",
        "url": "https://api.github.com/users/simplezhli",
        "html_url": "https://github.com/simplezhli",
        "followers_url": "https://api.github.com/users/simplezhli/followers",
        "following_url": "https://api.github.com/users/simplezhli/following{/other_user}",
        "gists_url": "https://api.github.com/users/simplezhli/gists{/gist_id}",
        "starred_url": "https://api.github.com/users/simplezhli/starred{/owner}{/repo}",
        "subscriptions_url": "https://api.github.com/users/simplezhli/subscriptions",
        "organizations_url": "https://api.github.com/users/simplezhli/orgs",
        "repos_url": "https://api.github.com/users/simplezhli/repos",
        "events_url": "https://api.github.com/users/simplezhli/events{/privacy}",
        "received_events_url": "https://api.github.com/users/simplezhli/received_events",
        "type": "User",
        "site_admin": false
      },
      "html_url": "https://github.com/simplezhli/RemoteControlView",
      "description": "一款万能遥控器的交互效果",
      "fork": false,
      "url": "https://api.github.com/repos/simplezhli/RemoteControlView",
      "forks_url": "https://api.github.com/repos/simplezhli/RemoteControlView/forks",
      "keys_url": "https://api.github.com/repos/simplezhli/RemoteControlView/keys{/key_id}",
      "collaborators_url": "https://api.github.com/repos/simplezhli/RemoteControlView/collaborators{/collaborator}",
      "teams_url": "https://api.github.com/repos/simplezhli/RemoteControlView/teams",
      "hooks_url": "https://api.github.com/repos/simplezhli/RemoteControlView/hooks",
      "issue_events_url": "https://api.github.com/repos/simplezhli/RemoteControlView/issues/events{/number}",
      "events_url": "https://api.github.com/repos/simplezhli/RemoteControlView/events",
      "assignees_url": "https://api.github.com/repos/simplezhli/RemoteControlView/assignees{/user}",
      "branches_url": "https://api.github.com/repos/simplezhli/RemoteControlView/branches{/branch}",
      "tags_url": "https://api.github.com/repos/simplezhli/RemoteControlView/tags",
      "blobs_url": "https://api.github.com/repos/simplezhli/RemoteControlView/git/blobs{/sha}",
      "git_tags_url": "https://api.github.com/repos/simplezhli/RemoteControlView/git/tags{/sha}",
      "git_refs_url": "https://api.github.com/repos/simplezhli/RemoteControlView/git/refs{/sha}",
      "trees_url": "https://api.github.com/repos/simplezhli/RemoteControlView/git/trees{/sha}",
      "statuses_url": "https://api.github.com/repos/simplezhli/RemoteControlView/statuses/{sha}",
      "languages_url": "https://api.github.com/repos/simplezhli/RemoteControlView/languages",
      "stargazers_url": "https://api.github.com/repos/simplezhli/RemoteControlView/stargazers",
      "contributors_url": "https://api.github.com/repos/simplezhli/RemoteControlView/contributors",
      "subscribers_url": "https://api.github.com/repos/simplezhli/RemoteControlView/subscribers",
      "subscription_url": "https://api.github.com/repos/simplezhli/RemoteControlView/subscription",
      "commits_url": "https://api.github.com/repos/simplezhli/RemoteControlView/commits{/sha}",
      "git_commits_url": "https://api.github.com/repos/simplezhli/RemoteControlView/git/commits{/sha}",
      "comments_url": "https://api.github.com/repos/simplezhli/RemoteControlView/comments{/number}",
      "issue_comment_url": "https://api.github.com/repos/simplezhli/RemoteControlView/issues/comments{/number}",
      "contents_url": "https://api.github.com/repos/simplezhli/RemoteControlView/contents/{+path}",
      "compare_url": "https://api.github.com/repos/simplezhli/RemoteControlView/compare/{base}...{head}",
      "merges_url": "https://api.github.com/repos/simplezhli/RemoteControlView/merges",
      "archive_url": "https://api.github.com/repos/simplezhli/RemoteControlView/{archive_format}{/ref}",
      "downloads_url": "https://api.github.com/repos/simplezhli/RemoteControlView/downloads",
      "issues_url": "https://api.github.com/repos/simplezhli/RemoteControlView/issues{/number}",
      "pulls_url": "https://api.github.com/repos/simplezhli/RemoteControlView/pulls{/number}",
      "milestones_url": "https://api.github.com/repos/simplezhli/RemoteControlView/milestones{/number}",
      "notifications_url": "https://api.github.com/repos/simplezhli/RemoteControlView/notifications{?since,all,participating}",
      "labels_url": "https://api.github.com/repos/simplezhli/RemoteControlView/labels{/name}",
      "releases_url": "https://api.github.com/repos/simplezhli/RemoteControlView/releases{/id}",
      "deployments_url": "https://api.github.com/repos/simplezhli/RemoteControlView/deployments",
      "created_at": "2018-03-07T01:20:14Z",
      "updated_at": "2018-11-09T02:25:07Z",
      "pushed_at": "2018-03-07T01:34:22Z",
      "git_url": "git://github.com/simplezhli/RemoteControlView.git",
      "ssh_url": "git@github.com:simplezhli/RemoteControlView.git",
      "clone_url": "https://github.com/simplezhli/RemoteControlView.git",
      "svn_url": "https://github.com/simplezhli/RemoteControlView",
      "homepage": null,
      "size": 5313,
      "stargazers_count": 282,
      "watchers_count": 282,
      "language": "Java",
      "has_issues": true,
      "has_projects": true,
      "has_downloads": true,
      "has_wiki": true,
      "has_pages": false,
      "forks_count": 44,
      "mirror_url": null,
      "archived": false,
      "open_issues_count": 0,
      "license": {
        "key": "apache-2.0",
        "name": "Apache License 2.0",
        "spdx_id": "Apache-2.0",
        "url": "https://api.github.com/licenses/apache-2.0",
        "node_id": "MDc6TGljZW5zZTI="
      },
      "forks": 44,
      "open_issues": 0,
      "watchers": 282,
      "default_branch": "master",
      "score": 25.773623
    },
    {
      "id": 65471950,
      "node_id": "MDEwOlJlcG9zaXRvcnk2NTQ3MTk1MA==",
      "name": "Floating-Navigation-View",
      "full_name": "andremion/Floating-Navigation-View",
      "private": false,
      "owner": {
        "login": "andremion",
        "id": 12762356,
        "node_id": "MDQ6VXNlcjEyNzYyMzU2",
        "avatar_url": "https://avatars2.githubusercontent.com/u/12762356?v=4",
        "gravatar_id": "",
        "url": "https://api.github.com/users/andremion",
        "html_url": "https://github.com/andremion",
        "followers_url": "https://api.github.com/users/andremion/followers",
        "following_url": "https://api.github.com/users/andremion/following{/other_user}",
        "gists_url": "https://api.github.com/users/andremion/gists{/gist_id}",
        "starred_url": "https://api.github.com/users/andremion/starred{/owner}{/repo}",
        "subscriptions_url": "https://api.github.com/users/andremion/subscriptions",
        "organizations_url": "https://api.github.com/users/andremion/orgs",
        "repos_url": "https://api.github.com/users/andremion/repos",
        "events_url": "https://api.github.com/users/andremion/events{/privacy}",
        "received_events_url": "https://api.github.com/users/andremion/received_events",
        "type": "User",
        "site_admin": false
      },
      "html_url": "https://github.com/andremion/Floating-Navigation-View",
      "description": "A simple Floating Action Button that shows an anchored Navigation View",
      "fork": false,
      "url": "https://api.github.com/repos/andremion/Floating-Navigation-View",
      "forks_url": "https://api.github.com/repos/andremion/Floating-Navigation-View/forks",
      "keys_url": "https://api.github.com/repos/andremion/Floating-Navigation-View/keys{/key_id}",
      "collaborators_url": "https://api.github.com/repos/andremion/Floating-Navigation-View/collaborators{/collaborator}",
      "teams_url": "https://api.github.com/repos/andremion/Floating-Navigation-View/teams",
      "hooks_url": "https://api.github.com/repos/andremion/Floating-Navigation-View/hooks",
      "issue_events_url": "https://api.github.com/repos/andremion/Floating-Navigation-View/issues/events{/number}",
      "events_url": "https://api.github.com/repos/andremion/Floating-Navigation-View/events",
      "assignees_url": "https://api.github.com/repos/andremion/Floating-Navigation-View/assignees{/user}",
      "branches_url": "https://api.github.com/repos/andremion/Floating-Navigation-View/branches{/branch}",
      "tags_url": "https://api.github.com/repos/andremion/Floating-Navigation-View/tags",
      "blobs_url": "https://api.github.com/repos/andremion/Floating-Navigation-View/git/blobs{/sha}",
      "git_tags_url": "https://api.github.com/repos/andremion/Floating-Navigation-View/git/tags{/sha}",
      "git_refs_url": "https://api.github.com/repos/andremion/Floating-Navigation-View/git/refs{/sha}",
      "trees_url": "https://api.github.com/repos/andremion/Floating-Navigation-View/git/trees{/sha}",
      "statuses_url": "https://api.github.com/repos/andremion/Floating-Navigation-View/statuses/{sha}",
      "languages_url": "https://api.github.com/repos/andremion/Floating-Navigation-View/languages",
      "stargazers_url": "https://api.github.com/repos/andremion/Floating-Navigation-View/stargazers",
      "contributors_url": "https://api.github.com/repos/andremion/Floating-Navigation-View/contributors",
      "subscribers_url": "https://api.github.com/repos/andremion/Floating-Navigation-View/subscribers",
      "subscription_url": "https://api.github.com/repos/andremion/Floating-Navigation-View/subscription",
      "commits_url": "https://api.github.com/repos/andremion/Floating-Navigation-View/commits{/sha}",
      "git_commits_url": "https://api.github.com/repos/andremion/Floating-Navigation-View/git/commits{/sha}",
      "comments_url": "https://api.github.com/repos/andremion/Floating-Navigation-View/comments{/number}",
      "issue_comment_url": "https://api.github.com/repos/andremion/Floating-Navigation-View/issues/comments{/number}",
      "contents_url": "https://api.github.com/repos/andremion/Floating-Navigation-View/contents/{+path}",
      "compare_url": "https://api.github.com/repos/andremion/Floating-Navigation-View/compare/{base}...{head}",
      "merges_url": "https://api.github.com/repos/andremion/Floating-Navigation-View/merges",
      "archive_url": "https://api.github.com/repos/andremion/Floating-Navigation-View/{archive_format}{/ref}",
      "downloads_url": "https://api.github.com/repos/andremion/Floating-Navigation-View/downloads",
      "issues_url": "https://api.github.com/repos/andremion/Floating-Navigation-View/issues{/number}",
      "pulls_url": "https://api.github.com/repos/andremion/Floating-Navigation-View/pulls{/number}",
      "milestones_url": "https://api.github.com/repos/andremion/Floating-Navigation-View/milestones{/number}",
      "notifications_url": "https://api.github.com/repos/andremion/Floating-Navigation-View/notifications{?since,all,participating}",
      "labels_url": "https://api.github.com/repos/andremion/Floating-Navigation-View/labels{/name}",
      "releases_url": "https://api.github.com/repos/andremion/Floating-Navigation-View/releases{/id}",
      "deployments_url": "https://api.github.com/repos/andremion/Floating-Navigation-View/deployments",
      "created_at": "2016-08-11T13:34:14Z",
      "updated_at": "2018-11-28T08:52:58Z",
      "pushed_at": "2018-03-09T18:52:19Z",
      "git_url": "git://github.com/andremion/Floating-Navigation-View.git",
      "ssh_url": "git@github.com:andremion/Floating-Navigation-View.git",
      "clone_url": "https://github.com/andremion/Floating-Navigation-View.git",
      "svn_url": "https://github.com/andremion/Floating-Navigation-View",
      "homepage": null,
      "size": 294,
      "stargazers_count": 979,
      "watchers_count": 979,
      "language": "Java",
      "has_issues": true,
      "has_projects": true,
      "has_downloads": true,
      "has_wiki": true,
      "has_pages": false,
      "forks_count": 155,
      "mirror_url": null,
      "archived": false,
      "open_issues_count": 1,
      "license": {
        "key": "apache-2.0",
        "name": "Apache License 2.0",
        "spdx_id": "Apache-2.0",
        "url": "https://api.github.com/licenses/apache-2.0",
        "node_id": "MDc6TGljZW5zZTI="
      },
      "forks": 155,
      "open_issues": 1,
      "watchers": 979,
      "default_branch": "master",
      "score": 24.396397
    },
    {
      "id": 105085685,
      "node_id": "MDEwOlJlcG9zaXRvcnkxMDUwODU2ODU=",
      "name": "Android-DeepLearning",
      "full_name": "dingjikerbo/Android-DeepLearning",
      "private": false,
      "owner": {
        "login": "dingjikerbo",
        "id": 1920252,
        "node_id": "MDQ6VXNlcjE5MjAyNTI=",
        "avatar_url": "https://avatars1.githubusercontent.com/u/1920252?v=4",
        "gravatar_id": "",
        "url": "https://api.github.com/users/dingjikerbo",
        "html_url": "https://github.com/dingjikerbo",
        "followers_url": "https://api.github.com/users/dingjikerbo/followers",
        "following_url": "https://api.github.com/users/dingjikerbo/following{/other_user}",
        "gists_url": "https://api.github.com/users/dingjikerbo/gists{/gist_id}",
        "starred_url": "https://api.github.com/users/dingjikerbo/starred{/owner}{/repo}",
        "subscriptions_url": "https://api.github.com/users/dingjikerbo/subscriptions",
        "organizations_url": "https://api.github.com/users/dingjikerbo/orgs",
        "repos_url": "https://api.github.com/users/dingjikerbo/repos",
        "events_url": "https://api.github.com/users/dingjikerbo/events{/privacy}",
        "received_events_url": "https://api.github.com/users/dingjikerbo/received_events",
        "type": "User",
        "site_admin": false
      },
      "html_url": "https://github.com/dingjikerbo/Android-DeepLearning",
      "description": "Android Mobile Deep Learning",
      "fork": false,
      "url": "https://api.github.com/repos/dingjikerbo/Android-DeepLearning",
      "forks_url": "https://api.github.com/repos/dingjikerbo/Android-DeepLearning/forks",
      "keys_url": "https://api.github.com/repos/dingjikerbo/Android-DeepLearning/keys{/key_id}",
      "collaborators_url": "https://api.github.com/repos/dingjikerbo/Android-DeepLearning/collaborators{/collaborator}",
      "teams_url": "https://api.github.com/repos/dingjikerbo/Android-DeepLearning/teams",
      "hooks_url": "https://api.github.com/repos/dingjikerbo/Android-DeepLearning/hooks",
      "issue_events_url": "https://api.github.com/repos/dingjikerbo/Android-DeepLearning/issues/events{/number}",
      "events_url": "https://api.github.com/repos/dingjikerbo/Android-DeepLearning/events",
      "assignees_url": "https://api.github.com/repos/dingjikerbo/Android-DeepLearning/assignees{/user}",
      "branches_url": "https://api.github.com/repos/dingjikerbo/Android-DeepLearning/branches{/branch}",
      "tags_url": "https://api.github.com/repos/dingjikerbo/Android-DeepLearning/tags",
      "blobs_url": "https://api.github.com/repos/dingjikerbo/Android-DeepLearning/git/blobs{/sha}",
      "git_tags_url": "https://api.github.com/repos/dingjikerbo/Android-DeepLearning/git/tags{/sha}",
      "git_refs_url": "https://api.github.com/repos/dingjikerbo/Android-DeepLearning/git/refs{/sha}",
      "trees_url": "https://api.github.com/repos/dingjikerbo/Android-DeepLearning/git/trees{/sha}",
      "statuses_url": "https://api.github.com/repos/dingjikerbo/Android-DeepLearning/statuses/{sha}",
      "languages_url": "https://api.github.com/repos/dingjikerbo/Android-DeepLearning/languages",
      "stargazers_url": "https://api.github.com/repos/dingjikerbo/Android-DeepLearning/stargazers",
      "contributors_url": "https://api.github.com/repos/dingjikerbo/Android-DeepLearning/contributors",
      "subscribers_url": "https://api.github.com/repos/dingjikerbo/Android-DeepLearning/subscribers",
      "subscription_url": "https://api.github.com/repos/dingjikerbo/Android-DeepLearning/subscription",
      "commits_url": "https://api.github.com/repos/dingjikerbo/Android-DeepLearning/commits{/sha}",
      "git_commits_url": "https://api.github.com/repos/dingjikerbo/Android-DeepLearning/git/commits{/sha}",
      "comments_url": "https://api.github.com/repos/dingjikerbo/Android-DeepLearning/comments{/number}",
      "issue_comment_url": "https://api.github.com/repos/dingjikerbo/Android-DeepLearning/issues/comments{/number}",
      "contents_url": "https://api.github.com/repos/dingjikerbo/Android-DeepLearning/contents/{+path}",
      "compare_url": "https://api.github.com/repos/dingjikerbo/Android-DeepLearning/compare/{base}...{head}",
      "merges_url": "https://api.github.com/repos/dingjikerbo/Android-DeepLearning/merges",
      "archive_url": "https://api.github.com/repos/dingjikerbo/Android-DeepLearning/{archive_format}{/ref}",
      "downloads_url": "https://api.github.com/repos/dingjikerbo/Android-DeepLearning/downloads",
      "issues_url": "https://api.github.com/repos/dingjikerbo/Android-DeepLearning/issues{/number}",
      "pulls_url": "https://api.github.com/repos/dingjikerbo/Android-DeepLearning/pulls{/number}",
      "milestones_url": "https://api.github.com/repos/dingjikerbo/Android-DeepLearning/milestones{/number}",
      "notifications_url": "https://api.github.com/repos/dingjikerbo/Android-DeepLearning/notifications{?since,all,participating}",
      "labels_url": "https://api.github.com/repos/dingjikerbo/Android-DeepLearning/labels{/name}",
      "releases_url": "https://api.github.com/repos/dingjikerbo/Android-DeepLearning/releases{/id}",
      "deployments_url": "https://api.github.com/repos/dingjikerbo/Android-DeepLearning/deployments",
      "created_at": "2017-09-28T01:05:01Z",
      "updated_at": "2018-11-14T08:16:05Z",
      "pushed_at": "2018-03-11T02:09:56Z",
      "git_url": "git://github.com/dingjikerbo/Android-DeepLearning.git",
      "ssh_url": "git@github.com:dingjikerbo/Android-DeepLearning.git",
      "clone_url": "https://github.com/dingjikerbo/Android-DeepLearning.git",
      "svn_url": "https://github.com/dingjikerbo/Android-DeepLearning",
      "homepage": null,
      "size": 77020,
      "stargazers_count": 179,
      "watchers_count": 179,
      "language": "Java",
      "has_issues": true,
      "has_projects": true,
      "has_downloads": true,
      "has_wiki": true,
      "has_pages": false,
      "forks_count": 4,
      "mirror_url": null,
      "archived": false,
      "open_issues_count": 0,
      "license": null,
      "forks": 4,
      "open_issues": 0,
      "watchers": 179,
      "default_branch": "master",
      "score": 22.391884
    },
    {
      "id": 121511048,
      "node_id": "MDEwOlJlcG9zaXRvcnkxMjE1MTEwNDg=",
      "name": "ChatView",
      "full_name": "shrikanth7698/ChatView",
      "private": false,
      "owner": {
        "login": "shrikanth7698",
        "id": 25195315,
        "node_id": "MDQ6VXNlcjI1MTk1MzE1",
        "avatar_url": "https://avatars0.githubusercontent.com/u/25195315?v=4",
        "gravatar_id": "",
        "url": "https://api.github.com/users/shrikanth7698",
        "html_url": "https://github.com/shrikanth7698",
        "followers_url": "https://api.github.com/users/shrikanth7698/followers",
        "following_url": "https://api.github.com/users/shrikanth7698/following{/other_user}",
        "gists_url": "https://api.github.com/users/shrikanth7698/gists{/gist_id}",
        "starred_url": "https://api.github.com/users/shrikanth7698/starred{/owner}{/repo}",
        "subscriptions_url": "https://api.github.com/users/shrikanth7698/subscriptions",
        "organizations_url": "https://api.github.com/users/shrikanth7698/orgs",
        "repos_url": "https://api.github.com/users/shrikanth7698/repos",
        "events_url": "https://api.github.com/users/shrikanth7698/events{/privacy}",
        "received_events_url": "https://api.github.com/users/shrikanth7698/received_events",
        "type": "User",
        "site_admin": false
      },
      "html_url": "https://github.com/shrikanth7698/ChatView",
      "description": "This is an Android library which can be used to add chat functionality to your android application with just a few lines of code. ",
      "fork": false,
      "url": "https://api.github.com/repos/shrikanth7698/ChatView",
      "forks_url": "https://api.github.com/repos/shrikanth7698/ChatView/forks",
      "keys_url": "https://api.github.com/repos/shrikanth7698/ChatView/keys{/key_id}",
      "collaborators_url": "https://api.github.com/repos/shrikanth7698/ChatView/collaborators{/collaborator}",
      "teams_url": "https://api.github.com/repos/shrikanth7698/ChatView/teams",
      "hooks_url": "https://api.github.com/repos/shrikanth7698/ChatView/hooks",
      "issue_events_url": "https://api.github.com/repos/shrikanth7698/ChatView/issues/events{/number}",
      "events_url": "https://api.github.com/repos/shrikanth7698/ChatView/events",
      "assignees_url": "https://api.github.com/repos/shrikanth7698/ChatView/assignees{/user}",
      "branches_url": "https://api.github.com/repos/shrikanth7698/ChatView/branches{/branch}",
      "tags_url": "https://api.github.com/repos/shrikanth7698/ChatView/tags",
      "blobs_url": "https://api.github.com/repos/shrikanth7698/ChatView/git/blobs{/sha}",
      "git_tags_url": "https://api.github.com/repos/shrikanth7698/ChatView/git/tags{/sha}",
      "git_refs_url": "https://api.github.com/repos/shrikanth7698/ChatView/git/refs{/sha}",
      "trees_url": "https://api.github.com/repos/shrikanth7698/ChatView/git/trees{/sha}",
      "statuses_url": "https://api.github.com/repos/shrikanth7698/ChatView/statuses/{sha}",
      "languages_url": "https://api.github.com/repos/shrikanth7698/ChatView/languages",
      "stargazers_url": "https://api.github.com/repos/shrikanth7698/ChatView/stargazers",
      "contributors_url": "https://api.github.com/repos/shrikanth7698/ChatView/contributors",
      "subscribers_url": "https://api.github.com/repos/shrikanth7698/ChatView/subscribers",
      "subscription_url": "https://api.github.com/repos/shrikanth7698/ChatView/subscription",
      "commits_url": "https://api.github.com/repos/shrikanth7698/ChatView/commits{/sha}",
      "git_commits_url": "https://api.github.com/repos/shrikanth7698/ChatView/git/commits{/sha}",
      "comments_url": "https://api.github.com/repos/shrikanth7698/ChatView/comments{/number}",
      "issue_comment_url": "https://api.github.com/repos/shrikanth7698/ChatView/issues/comments{/number}",
      "contents_url": "https://api.github.com/repos/shrikanth7698/ChatView/contents/{+path}",
      "compare_url": "https://api.github.com/repos/shrikanth7698/ChatView/compare/{base}...{head}",
      "merges_url": "https://api.github.com/repos/shrikanth7698/ChatView/merges",
      "archive_url": "https://api.github.com/repos/shrikanth7698/ChatView/{archive_format}{/ref}",
      "downloads_url": "https://api.github.com/repos/shrikanth7698/ChatView/downloads",
      "issues_url": "https://api.github.com/repos/shrikanth7698/ChatView/issues{/number}",
      "pulls_url": "https://api.github.com/repos/shrikanth7698/ChatView/pulls{/number}",
      "milestones_url": "https://api.github.com/repos/shrikanth7698/ChatView/milestones{/number}",
      "notifications_url": "https://api.github.com/repos/shrikanth7698/ChatView/notifications{?since,all,participating}",
      "labels_url": "https://api.github.com/repos/shrikanth7698/ChatView/labels{/name}",
      "releases_url": "https://api.github.com/repos/shrikanth7698/ChatView/releases{/id}",
      "deployments_url": "https://api.github.com/repos/shrikanth7698/ChatView/deployments",
      "created_at": "2018-02-14T12:59:32Z",
      "updated_at": "2018-11-20T11:21:06Z",
      "pushed_at": "2018-03-07T16:55:47Z",
      "git_url": "git://github.com/shrikanth7698/ChatView.git",
      "ssh_url": "git@github.com:shrikanth7698/ChatView.git",
      "clone_url": "https://github.com/shrikanth7698/ChatView.git",
      "svn_url": "https://github.com/shrikanth7698/ChatView",
      "homepage": "https://shrikanth7698.github.io/ChatView/",
      "size": 62616,
      "stargazers_count": 135,
      "watchers_count": 135,
      "language": "Java",
      "has_issues": true,
      "has_projects": true,
      "has_downloads": true,
      "has_wiki": true,
      "has_pages": true,
      "forks_count": 30,
      "mirror_url": null,
      "archived": false,
      "open_issues_count": 1,
      "license": {
        "key": "mit",
        "name": "MIT License",
        "spdx_id": "MIT",
        "url": "https://api.github.com/licenses/mit",
        "node_id": "MDc6TGljZW5zZTEz"
      },
      "forks": 30,
      "open_issues": 1,
      "watchers": 135,
      "default_branch": "master",
      "score": 21.172525
    },
    {
      "id": 67365257,
      "node_id": "MDEwOlJlcG9zaXRvcnk2NzM2NTI1Nw==",
      "name": "react-native-tesseract-ocr",
      "full_name": "jonathanpalma/react-native-tesseract-ocr",
      "private": false,
      "owner": {
        "login": "jonathanpalma",
        "id": 12414771,
        "node_id": "MDQ6VXNlcjEyNDE0Nzcx",
        "avatar_url": "https://avatars3.githubusercontent.com/u/12414771?v=4",
        "gravatar_id": "",
        "url": "https://api.github.com/users/jonathanpalma",
        "html_url": "https://github.com/jonathanpalma",
        "followers_url": "https://api.github.com/users/jonathanpalma/followers",
        "following_url": "https://api.github.com/users/jonathanpalma/following{/other_user}",
        "gists_url": "https://api.github.com/users/jonathanpalma/gists{/gist_id}",
        "starred_url": "https://api.github.com/users/jonathanpalma/starred{/owner}{/repo}",
        "subscriptions_url": "https://api.github.com/users/jonathanpalma/subscriptions",
        "organizations_url": "https://api.github.com/users/jonathanpalma/orgs",
        "repos_url": "https://api.github.com/users/jonathanpalma/repos",
        "events_url": "https://api.github.com/users/jonathanpalma/events{/privacy}",
        "received_events_url": "https://api.github.com/users/jonathanpalma/received_events",
        "type": "User",
        "site_admin": false
      },
      "html_url": "https://github.com/jonathanpalma/react-native-tesseract-ocr",
      "description": "Tesseract OCR wrapper for React Native",
      "fork": false,
      "url": "https://api.github.com/repos/jonathanpalma/react-native-tesseract-ocr",
      "forks_url": "https://api.github.com/repos/jonathanpalma/react-native-tesseract-ocr/forks",
      "keys_url": "https://api.github.com/repos/jonathanpalma/react-native-tesseract-ocr/keys{/key_id}",
      "collaborators_url": "https://api.github.com/repos/jonathanpalma/react-native-tesseract-ocr/collaborators{/collaborator}",
      "teams_url": "https://api.github.com/repos/jonathanpalma/react-native-tesseract-ocr/teams",
      "hooks_url": "https://api.github.com/repos/jonathanpalma/react-native-tesseract-ocr/hooks",
      "issue_events_url": "https://api.github.com/repos/jonathanpalma/react-native-tesseract-ocr/issues/events{/number}",
      "events_url": "https://api.github.com/repos/jonathanpalma/react-native-tesseract-ocr/events",
      "assignees_url": "https://api.github.com/repos/jonathanpalma/react-native-tesseract-ocr/assignees{/user}",
      "branches_url": "https://api.github.com/repos/jonathanpalma/react-native-tesseract-ocr/branches{/branch}",
      "tags_url": "https://api.github.com/repos/jonathanpalma/react-native-tesseract-ocr/tags",
      "blobs_url": "https://api.github.com/repos/jonathanpalma/react-native-tesseract-ocr/git/blobs{/sha}",
      "git_tags_url": "https://api.github.com/repos/jonathanpalma/react-native-tesseract-ocr/git/tags{/sha}",
      "git_refs_url": "https://api.github.com/repos/jonathanpalma/react-native-tesseract-ocr/git/refs{/sha}",
      "trees_url": "https://api.github.com/repos/jonathanpalma/react-native-tesseract-ocr/git/trees{/sha}",
      "statuses_url": "https://api.github.com/repos/jonathanpalma/react-native-tesseract-ocr/statuses/{sha}",
      "languages_url": "https://api.github.com/repos/jonathanpalma/react-native-tesseract-ocr/languages",
      "stargazers_url": "https://api.github.com/repos/jonathanpalma/react-native-tesseract-ocr/stargazers",
      "contributors_url": "https://api.github.com/repos/jonathanpalma/react-native-tesseract-ocr/contributors",
      "subscribers_url": "https://api.github.com/repos/jonathanpalma/react-native-tesseract-ocr/subscribers",
      "subscription_url": "https://api.github.com/repos/jonathanpalma/react-native-tesseract-ocr/subscription",
      "commits_url": "https://api.github.com/repos/jonathanpalma/react-native-tesseract-ocr/commits{/sha}",
      "git_commits_url": "https://api.github.com/repos/jonathanpalma/react-native-tesseract-ocr/git/commits{/sha}",
      "comments_url": "https://api.github.com/repos/jonathanpalma/react-native-tesseract-ocr/comments{/number}",
      "issue_comment_url": "https://api.github.com/repos/jonathanpalma/react-native-tesseract-ocr/issues/comments{/number}",
      "contents_url": "https://api.github.com/repos/jonathanpalma/react-native-tesseract-ocr/contents/{+path}",
      "compare_url": "https://api.github.com/repos/jonathanpalma/react-native-tesseract-ocr/compare/{base}...{head}",
      "merges_url": "https://api.github.com/repos/jonathanpalma/react-native-tesseract-ocr/merges",
      "archive_url": "https://api.github.com/repos/jonathanpalma/react-native-tesseract-ocr/{archive_format}{/ref}",
      "downloads_url": "https://api.github.com/repos/jonathanpalma/react-native-tesseract-ocr/downloads",
      "issues_url": "https://api.github.com/repos/jonathanpalma/react-native-tesseract-ocr/issues{/number}",
      "pulls_url": "https://api.github.com/repos/jonathanpalma/react-native-tesseract-ocr/pulls{/number}",
      "milestones_url": "https://api.github.com/repos/jonathanpalma/react-native-tesseract-ocr/milestones{/number}",
      "notifications_url": "https://api.github.com/repos/jonathanpalma/react-native-tesseract-ocr/notifications{?since,all,participating}",
      "labels_url": "https://api.github.com/repos/jonathanpalma/react-native-tesseract-ocr/labels{/name}",
      "releases_url": "https://api.github.com/repos/jonathanpalma/react-native-tesseract-ocr/releases{/id}",
      "deployments_url": "https://api.github.com/repos/jonathanpalma/react-native-tesseract-ocr/deployments",
      "created_at": "2016-09-04T19:53:31Z",
      "updated_at": "2018-11-29T10:17:58Z",
      "pushed_at": "2018-03-07T21:00:31Z",
      "git_url": "git://github.com/jonathanpalma/react-native-tesseract-ocr.git",
      "ssh_url": "git@github.com:jonathanpalma/react-native-tesseract-ocr.git",
      "clone_url": "https://github.com/jonathanpalma/react-native-tesseract-ocr.git",
      "svn_url": "https://github.com/jonathanpalma/react-native-tesseract-ocr",
      "homepage": "",
      "size": 247,
      "stargazers_count": 238,
      "watchers_count": 238,
      "language": "Java",
      "has_issues": true,
      "has_projects": true,
      "has_downloads": true,
      "has_wiki": true,
      "has_pages": false,
      "forks_count": 51,
      "mirror_url": null,
      "archived": false,
      "open_issues_count": 22,
      "license": {
        "key": "mit",
        "name": "MIT License",
        "spdx_id": "MIT",
        "url": "https://api.github.com/licenses/mit",
        "node_id": "MDc6TGljZW5zZTEz"
      },
      "forks": 51,
      "open_issues": 22,
      "watchers": 238,
      "default_branch": "master",
      "score": 20.023302
    },
    {
      "id": 38031055,
      "node_id": "MDEwOlJlcG9zaXRvcnkzODAzMTA1NQ==",
      "name": "PhotoCrop",
      "full_name": "albinmathew/PhotoCrop",
      "private": false,
      "owner": {
        "login": "albinmathew",
        "id": 6275184,
        "node_id": "MDQ6VXNlcjYyNzUxODQ=",
        "avatar_url": "https://avatars1.githubusercontent.com/u/6275184?v=4",
        "gravatar_id": "",
        "url": "https://api.github.com/users/albinmathew",
        "html_url": "https://github.com/albinmathew",
        "followers_url": "https://api.github.com/users/albinmathew/followers",
        "following_url": "https://api.github.com/users/albinmathew/following{/other_user}",
        "gists_url": "https://api.github.com/users/albinmathew/gists{/gist_id}",
        "starred_url": "https://api.github.com/users/albinmathew/starred{/owner}{/repo}",
        "subscriptions_url": "https://api.github.com/users/albinmathew/subscriptions",
        "organizations_url": "https://api.github.com/users/albinmathew/orgs",
        "repos_url": "https://api.github.com/users/albinmathew/repos",
        "events_url": "https://api.github.com/users/albinmathew/events{/privacy}",
        "received_events_url": "https://api.github.com/users/albinmathew/received_events",
        "type": "User",
        "site_admin": false
      },
      "html_url": "https://github.com/albinmathew/PhotoCrop",
      "description": "A Library which can be used to crop images in Android similar to Facebook and Telegram ",
      "fork": false,
      "url": "https://api.github.com/repos/albinmathew/PhotoCrop",
      "forks_url": "https://api.github.com/repos/albinmathew/PhotoCrop/forks",
      "keys_url": "https://api.github.com/repos/albinmathew/PhotoCrop/keys{/key_id}",
      "collaborators_url": "https://api.github.com/repos/albinmathew/PhotoCrop/collaborators{/collaborator}",
      "teams_url": "https://api.github.com/repos/albinmathew/PhotoCrop/teams",
      "hooks_url": "https://api.github.com/repos/albinmathew/PhotoCrop/hooks",
      "issue_events_url": "https://api.github.com/repos/albinmathew/PhotoCrop/issues/events{/number}",
      "events_url": "https://api.github.com/repos/albinmathew/PhotoCrop/events",
      "assignees_url": "https://api.github.com/repos/albinmathew/PhotoCrop/assignees{/user}",
      "branches_url": "https://api.github.com/repos/albinmathew/PhotoCrop/branches{/branch}",
      "tags_url": "https://api.github.com/repos/albinmathew/PhotoCrop/tags",
      "blobs_url": "https://api.github.com/repos/albinmathew/PhotoCrop/git/blobs{/sha}",
      "git_tags_url": "https://api.github.com/repos/albinmathew/PhotoCrop/git/tags{/sha}",
      "git_refs_url": "https://api.github.com/repos/albinmathew/PhotoCrop/git/refs{/sha}",
      "trees_url": "https://api.github.com/repos/albinmathew/PhotoCrop/git/trees{/sha}",
      "statuses_url": "https://api.github.com/repos/albinmathew/PhotoCrop/statuses/{sha}",
      "languages_url": "https://api.github.com/repos/albinmathew/PhotoCrop/languages",
      "stargazers_url": "https://api.github.com/repos/albinmathew/PhotoCrop/stargazers",
      "contributors_url": "https://api.github.com/repos/albinmathew/PhotoCrop/contributors",
      "subscribers_url": "https://api.github.com/repos/albinmathew/PhotoCrop/subscribers",
      "subscription_url": "https://api.github.com/repos/albinmathew/PhotoCrop/subscription",
      "commits_url": "https://api.github.com/repos/albinmathew/PhotoCrop/commits{/sha}",
      "git_commits_url": "https://api.github.com/repos/albinmathew/PhotoCrop/git/commits{/sha}",
      "comments_url": "https://api.github.com/repos/albinmathew/PhotoCrop/comments{/number}",
      "issue_comment_url": "https://api.github.com/repos/albinmathew/PhotoCrop/issues/comments{/number}",
      "contents_url": "https://api.github.com/repos/albinmathew/PhotoCrop/contents/{+path}",
      "compare_url": "https://api.github.com/repos/albinmathew/PhotoCrop/compare/{base}...{head}",
      "merges_url": "https://api.github.com/repos/albinmathew/PhotoCrop/merges",
      "archive_url": "https://api.github.com/repos/albinmathew/PhotoCrop/{archive_format}{/ref}",
      "downloads_url": "https://api.github.com/repos/albinmathew/PhotoCrop/downloads",
      "issues_url": "https://api.github.com/repos/albinmathew/PhotoCrop/issues{/number}",
      "pulls_url": "https://api.github.com/repos/albinmathew/PhotoCrop/pulls{/number}",
      "milestones_url": "https://api.github.com/repos/albinmathew/PhotoCrop/milestones{/number}",
      "notifications_url": "https://api.github.com/repos/albinmathew/PhotoCrop/notifications{?since,all,participating}",
      "labels_url": "https://api.github.com/repos/albinmathew/PhotoCrop/labels{/name}",
      "releases_url": "https://api.github.com/repos/albinmathew/PhotoCrop/releases{/id}",
      "deployments_url": "https://api.github.com/repos/albinmathew/PhotoCrop/deployments",
      "created_at": "2015-06-25T06:03:06Z",
      "updated_at": "2018-11-08T12:10:41Z",
      "pushed_at": "2018-03-11T17:26:33Z",
      "git_url": "git://github.com/albinmathew/PhotoCrop.git",
      "ssh_url": "git@github.com:albinmathew/PhotoCrop.git",
      "clone_url": "https://github.com/albinmathew/PhotoCrop.git",
      "svn_url": "https://github.com/albinmathew/PhotoCrop",
      "homepage": "",
      "size": 323,
      "stargazers_count": 141,
      "watchers_count": 141,
      "language": "Java",
      "has_issues": true,
      "has_projects": true,
      "has_downloads": true,
      "has_wiki": true,
      "has_pages": true,
      "forks_count": 44,
      "mirror_url": null,
      "archived": false,
      "open_issues_count": 10,
      "license": null,
      "forks": 44,
      "open_issues": 10,
      "watchers": 141,
      "default_branch": "master",
      "score": 19.932068
    },
    {
      "id": 83945431,
      "node_id": "MDEwOlJlcG9zaXRvcnk4Mzk0NTQzMQ==",
      "name": "LazierTracker",
      "full_name": "nailperry-zd/LazierTracker",
      "private": false,
      "owner": {
        "login": "nailperry-zd",
        "id": 20455160,
        "node_id": "MDQ6VXNlcjIwNDU1MTYw",
        "avatar_url": "https://avatars3.githubusercontent.com/u/20455160?v=4",
        "gravatar_id": "",
        "url": "https://api.github.com/users/nailperry-zd",
        "html_url": "https://github.com/nailperry-zd",
        "followers_url": "https://api.github.com/users/nailperry-zd/followers",
        "following_url": "https://api.github.com/users/nailperry-zd/following{/other_user}",
        "gists_url": "https://api.github.com/users/nailperry-zd/gists{/gist_id}",
        "starred_url": "https://api.github.com/users/nailperry-zd/starred{/owner}{/repo}",
        "subscriptions_url": "https://api.github.com/users/nailperry-zd/subscriptions",
        "organizations_url": "https://api.github.com/users/nailperry-zd/orgs",
        "repos_url": "https://api.github.com/users/nailperry-zd/repos",
        "events_url": "https://api.github.com/users/nailperry-zd/events{/privacy}",
        "received_events_url": "https://api.github.com/users/nailperry-zd/received_events",
        "type": "User",
        "site_admin": false
      },
      "html_url": "https://github.com/nailperry-zd/LazierTracker",
      "description": "本项目通过Android字节码插桩插件实现Android端无埋点（或自动埋点），并且支持根据配置文件实现业务数据的自动采集。",
      "fork": false,
      "url": "https://api.github.com/repos/nailperry-zd/LazierTracker",
      "forks_url": "https://api.github.com/repos/nailperry-zd/LazierTracker/forks",
      "keys_url": "https://api.github.com/repos/nailperry-zd/LazierTracker/keys{/key_id}",
      "collaborators_url": "https://api.github.com/repos/nailperry-zd/LazierTracker/collaborators{/collaborator}",
      "teams_url": "https://api.github.com/repos/nailperry-zd/LazierTracker/teams",
      "hooks_url": "https://api.github.com/repos/nailperry-zd/LazierTracker/hooks",
      "issue_events_url": "https://api.github.com/repos/nailperry-zd/LazierTracker/issues/events{/number}",
      "events_url": "https://api.github.com/repos/nailperry-zd/LazierTracker/events",
      "assignees_url": "https://api.github.com/repos/nailperry-zd/LazierTracker/assignees{/user}",
      "branches_url": "https://api.github.com/repos/nailperry-zd/LazierTracker/branches{/branch}",
      "tags_url": "https://api.github.com/repos/nailperry-zd/LazierTracker/tags",
      "blobs_url": "https://api.github.com/repos/nailperry-zd/LazierTracker/git/blobs{/sha}",
      "git_tags_url": "https://api.github.com/repos/nailperry-zd/LazierTracker/git/tags{/sha}",
      "git_refs_url": "https://api.github.com/repos/nailperry-zd/LazierTracker/git/refs{/sha}",
      "trees_url": "https://api.github.com/repos/nailperry-zd/LazierTracker/git/trees{/sha}",
      "statuses_url": "https://api.github.com/repos/nailperry-zd/LazierTracker/statuses/{sha}",
      "languages_url": "https://api.github.com/repos/nailperry-zd/LazierTracker/languages",
      "stargazers_url": "https://api.github.com/repos/nailperry-zd/LazierTracker/stargazers",
      "contributors_url": "https://api.github.com/repos/nailperry-zd/LazierTracker/contributors",
      "subscribers_url": "https://api.github.com/repos/nailperry-zd/LazierTracker/subscribers",
      "subscription_url": "https://api.github.com/repos/nailperry-zd/LazierTracker/subscription",
      "commits_url": "https://api.github.com/repos/nailperry-zd/LazierTracker/commits{/sha}",
      "git_commits_url": "https://api.github.com/repos/nailperry-zd/LazierTracker/git/commits{/sha}",
      "comments_url": "https://api.github.com/repos/nailperry-zd/LazierTracker/comments{/number}",
      "issue_comment_url": "https://api.github.com/repos/nailperry-zd/LazierTracker/issues/comments{/number}",
      "contents_url": "https://api.github.com/repos/nailperry-zd/LazierTracker/contents/{+path}",
      "compare_url": "https://api.github.com/repos/nailperry-zd/LazierTracker/compare/{base}...{head}",
      "merges_url": "https://api.github.com/repos/nailperry-zd/LazierTracker/merges",
      "archive_url": "https://api.github.com/repos/nailperry-zd/LazierTracker/{archive_format}{/ref}",
      "downloads_url": "https://api.github.com/repos/nailperry-zd/LazierTracker/downloads",
      "issues_url": "https://api.github.com/repos/nailperry-zd/LazierTracker/issues{/number}",
      "pulls_url": "https://api.github.com/repos/nailperry-zd/LazierTracker/pulls{/number}",
      "milestones_url": "https://api.github.com/repos/nailperry-zd/LazierTracker/milestones{/number}",
      "notifications_url": "https://api.github.com/repos/nailperry-zd/LazierTracker/notifications{?since,all,participating}",
      "labels_url": "https://api.github.com/repos/nailperry-zd/LazierTracker/labels{/name}",
      "releases_url": "https://api.github.com/repos/nailperry-zd/LazierTracker/releases{/id}",
      "deployments_url": "https://api.github.com/repos/nailperry-zd/LazierTracker/deployments",
      "created_at": "2017-03-05T04:45:40Z",
      "updated_at": "2018-11-26T08:32:23Z",
      "pushed_at": "2018-03-08T11:25:53Z",
      "git_url": "git://github.com/nailperry-zd/LazierTracker.git",
      "ssh_url": "git@github.com:nailperry-zd/LazierTracker.git",
      "clone_url": "https://github.com/nailperry-zd/LazierTracker.git",
      "svn_url": "https://github.com/nailperry-zd/LazierTracker",
      "homepage": "",
      "size": 1250,
      "stargazers_count": 213,
      "watchers_count": 213,
      "language": "Java",
      "has_issues": true,
      "has_projects": true,
      "has_downloads": true,
      "has_wiki": true,
      "has_pages": false,
      "forks_count": 51,
      "mirror_url": null,
      "archived": false,
      "open_issues_count": 3,
      "license": null,
      "forks": 51,
      "open_issues": 3,
      "watchers": 213,
      "default_branch": "master",
      "score": 16.111996
    }
  ]
}
