{
  "total_count": 16,
  "incomplete_results": false,
  "items": [
    {
      "id": 30221142,
      "node_id": "MDEwOlJlcG9zaXRvcnkzMDIyMTE0Mg==",
      "name": "AndroidEventBus",
      "full_name": "hehonghui/AndroidEventBus",
      "private": false,
      "owner": {
        "login": "hehonghui",
        "id": 1683811,
        "node_id": "MDQ6VXNlcjE2ODM4MTE=",
        "avatar_url": "https://avatars1.githubusercontent.com/u/1683811?v=4",
        "gravatar_id": "",
        "url": "https://api.github.com/users/hehonghui",
        "html_url": "https://github.com/hehonghui",
        "followers_url": "https://api.github.com/users/hehonghui/followers",
        "following_url": "https://api.github.com/users/hehonghui/following{/other_user}",
        "gists_url": "https://api.github.com/users/hehonghui/gists{/gist_id}",
        "starred_url": "https://api.github.com/users/hehonghui/starred{/owner}{/repo}",
        "subscriptions_url": "https://api.github.com/users/hehonghui/subscriptions",
        "organizations_url": "https://api.github.com/users/hehonghui/orgs",
        "repos_url": "https://api.github.com/users/hehonghui/repos",
        "events_url": "https://api.github.com/users/hehonghui/events{/privacy}",
        "received_events_url": "https://api.github.com/users/hehonghui/received_events",
        "type": "User",
        "site_admin": false
      },
      "html_url": "https://github.com/hehonghui/AndroidEventBus",
      "description": "[DEPRECATED] A lightweight eventbus library for android, simplifies communication between Activities, Fragments, Threads, Services, etc.",
      "fork": false,
      "url": "https://api.github.com/repos/hehonghui/AndroidEventBus",
      "forks_url": "https://api.github.com/repos/hehonghui/AndroidEventBus/forks",
      "keys_url": "https://api.github.com/repos/hehonghui/AndroidEventBus/keys{/key_id}",
      "collaborators_url": "https://api.github.com/repos/hehonghui/AndroidEventBus/collaborators{/collaborator}",
      "teams_url": "https://api.github.com/repos/hehonghui/AndroidEventBus/teams",
      "hooks_url": "https://api.github.com/repos/hehonghui/AndroidEventBus/hooks",
      "issue_events_url": "https://api.github.com/repos/hehonghui/AndroidEventBus/issues/events{/number}",
      "events_url": "https://api.github.com/repos/hehonghui/AndroidEventBus/events",
      "assignees_url": "https://api.github.com/repos/hehonghui/AndroidEventBus/assignees{/user}",
      "branches_url": "https://api.github.com/repos/hehonghui/AndroidEventBus/branches{/branch}",
      "tags_url": "https://api.github.com/repos/hehonghui/AndroidEventBus/tags",
      "blobs_url": "https://api.github.com/repos/hehonghui/AndroidEventBus/git/blobs{/sha}",
      "git_tags_url": "https://api.github.com/repos/hehonghui/AndroidEventBus/git/tags{/sha}",
      "git_refs_url": "https://api.github.com/repos/hehonghui/AndroidEventBus/git/refs{/sha}",
      "trees_url": "https://api.github.com/repos/hehonghui/AndroidEventBus/git/trees{/sha}",
      "statuses_url": "https://api.github.com/repos/hehonghui/AndroidEventBus/statuses/{sha}",
      "languages_url": "https://api.github.com/repos/hehonghui/AndroidEventBus/languages",
      "stargazers_url": "https://api.github.com/repos/hehonghui/AndroidEventBus/stargazers",
      "contributors_url": "https://api.github.com/repos/hehonghui/AndroidEventBus/contributors",
      "subscribers_url": "https://api.github.com/repos/hehonghui/AndroidEventBus/subscribers",
      "subscription_url": "https://api.github.com/repos/hehonghui/AndroidEventBus/subscription",
      "commits_url": "https://api.github.com/repos/hehonghui/AndroidEventBus/commits{/sha}",
      "git_commits_url": "https://api.github.com/repos/hehonghui/AndroidEventBus/git/commits{/sha}",
      "comments_url": "https://api.github.com/repos/hehonghui/AndroidEventBus/comments{/number}",
      "issue_comment_url": "https://api.github.com/repos/hehonghui/AndroidEventBus/issues/comments{/number}",
      "contents_url": "https://api.github.com/repos/hehonghui/AndroidEventBus/contents/{+path}",
      "compare_url": "https://api.github.com/repos/hehonghui/AndroidEventBus/compare/{base}...{head}",
      "merges_url": "https://api.github.com/repos/hehonghui/AndroidEventBus/merges",
      "archive_url": "https://api.github.com/repos/hehonghui/AndroidEventBus/{archive_format}{/ref}",
      "downloads_url": "https://api.github.com/repos/hehonghui/AndroidEventBus/downloads",
      "issues_url": "https://api.github.com/repos/hehonghui/AndroidEventBus/issues{/number}",
      "pulls_url": "https://api.github.com/repos/hehonghui/AndroidEventBus/pulls{/number}",
      "milestones_url": "https://api.github.com/repos/hehonghui/AndroidEventBus/milestones{/number}",
      "notifications_url": "https://api.github.com/repos/hehonghui/AndroidEventBus/notifications{?since,all,participating}",
      "labels_url": "https://api.github.com/repos/hehonghui/AndroidEventBus/labels{/name}",
      "releases_url": "https://api.github.com/repos/hehonghui/AndroidEventBus/releases{/id}",
      "deployments_url": "https://api.github.com/repos/hehonghui/AndroidEventBus/deployments",
      "created_at": "2015-02-03T02:44:12Z",
      "updated_at": "2018-11-29T01:50:48Z",
      "pushed_at": "2018-04-03T02:46:39Z",
      "git_url": "git://github.com/hehonghui/AndroidEventBus.git",
      "ssh_url": "git@github.com:hehonghui/AndroidEventBus.git",
      "clone_url": "https://github.com/hehonghui/AndroidEventBus.git",
      "svn_url": "https://github.com/hehonghui/AndroidEventBus",
      "homepage": "",
      "size": 1338,
      "stargazers_count": 1463,
      "watchers_count": 1463,
      "language": "Java",
      "has_issues": true,
      "has_projects": true,
      "has_downloads": true,
      "has_wiki": true,
      "has_pages": false,
      "forks_count": 391,
      "mirror_url": null,
      "archived": false,
      "open_issues_count": 33,
      "license": {
        "key": "apache-2.0",
        "name": "Apache License 2.0",
        "spdx_id": "Apache-2.0",
        "url": "https://api.github.com/licenses/apache-2.0",
        "node_id": "MDc6TGljZW5zZTI="
      },
      "forks": 391,
      "open_issues": 33,
      "watchers": 1463,
      "default_branch": "master",
      "score": 59.107914
    },
    {
      "id": 34386102,
      "node_id": "MDEwOlJlcG9zaXRvcnkzNDM4NjEwMg==",
      "name": "SHSegmentControl",
      "full_name": "7heaven/SHSegmentControl",
      "private": false,
      "owner": {
        "login": "7heaven",
        "id": 172270,
        "node_id": "MDQ6VXNlcjE3MjI3MA==",
        "avatar_url": "https://avatars0.githubusercontent.com/u/172270?v=4",
        "gravatar_id": "",
        "url": "https://api.github.com/users/7heaven",
        "html_url": "https://github.com/7heaven",
        "followers_url": "https://api.github.com/users/7heaven/followers",
        "following_url": "https://api.github.com/users/7heaven/following{/other_user}",
        "gists_url": "https://api.github.com/users/7heaven/gists{/gist_id}",
        "starred_url": "https://api.github.com/users/7heaven/starred{/owner}{/repo}",
        "subscriptions_url": "https://api.github.com/users/7heaven/subscriptions",
        "organizations_url": "https://api.github.com/users/7heaven/orgs",
        "repos_url": "https://api.github.com/users/7heaven/repos",
        "events_url": "https://api.github.com/users/7heaven/events{/privacy}",
        "received_events_url": "https://api.github.com/users/7heaven/received_events",
        "type": "User",
        "site_admin": false
      },
      "html_url": "https://github.com/7heaven/SHSegmentControl",
      "description": "segmentcontrol widget for android",
      "fork": false,
      "url": "https://api.github.com/repos/7heaven/SHSegmentControl",
      "forks_url": "https://api.github.com/repos/7heaven/SHSegmentControl/forks",
      "keys_url": "https://api.github.com/repos/7heaven/SHSegmentControl/keys{/key_id}",
      "collaborators_url": "https://api.github.com/repos/7heaven/SHSegmentControl/collaborators{/collaborator}",
      "teams_url": "https://api.github.com/repos/7heaven/SHSegmentControl/teams",
      "hooks_url": "https://api.github.com/repos/7heaven/SHSegmentControl/hooks",
      "issue_events_url": "https://api.github.com/repos/7heaven/SHSegmentControl/issues/events{/number}",
      "events_url": "https://api.github.com/repos/7heaven/SHSegmentControl/events",
      "assignees_url": "https://api.github.com/repos/7heaven/SHSegmentControl/assignees{/user}",
      "branches_url": "https://api.github.com/repos/7heaven/SHSegmentControl/branches{/branch}",
      "tags_url": "https://api.github.com/repos/7heaven/SHSegmentControl/tags",
      "blobs_url": "https://api.github.com/repos/7heaven/SHSegmentControl/git/blobs{/sha}",
      "git_tags_url": "https://api.github.com/repos/7heaven/SHSegmentControl/git/tags{/sha}",
      "git_refs_url": "https://api.github.com/repos/7heaven/SHSegmentControl/git/refs{/sha}",
      "trees_url": "https://api.github.com/repos/7heaven/SHSegmentControl/git/trees{/sha}",
      "statuses_url": "https://api.github.com/repos/7heaven/SHSegmentControl/statuses/{sha}",
      "languages_url": "https://api.github.com/repos/7heaven/SHSegmentControl/languages",
      "stargazers_url": "https://api.github.com/repos/7heaven/SHSegmentControl/stargazers",
      "contributors_url": "https://api.github.com/repos/7heaven/SHSegmentControl/contributors",
      "subscribers_url": "https://api.github.com/repos/7heaven/SHSegmentControl/subscribers",
      "subscription_url": "https://api.github.com/repos/7heaven/SHSegmentControl/subscription",
      "commits_url": "https://api.github.com/repos/7heaven/SHSegmentControl/commits{/sha}",
      "git_commits_url": "https://api.github.com/repos/7heaven/SHSegmentControl/git/commits{/sha}",
      "comments_url": "https://api.github.com/repos/7heaven/SHSegmentControl/comments{/number}",
      "issue_comment_url": "https://api.github.com/repos/7heaven/SHSegmentControl/issues/comments{/number}",
      "contents_url": "https://api.github.com/repos/7heaven/SHSegmentControl/contents/{+path}",
      "compare_url": "https://api.github.com/repos/7heaven/SHSegmentControl/compare/{base}...{head}",
      "merges_url": "https://api.github.com/repos/7heaven/SHSegmentControl/merges",
      "archive_url": "https://api.github.com/repos/7heaven/SHSegmentControl/{archive_format}{/ref}",
      "downloads_url": "https://api.github.com/repos/7heaven/SHSegmentControl/downloads",
      "issues_url": "https://api.github.com/repos/7heaven/SHSegmentControl/issues{/number}",
      "pulls_url": "https://api.github.com/repos/7heaven/SHSegmentControl/pulls{/number}",
      "milestones_url": "https://api.github.com/repos/7heaven/SHSegmentControl/milestones{/number}",
      "notifications_url": "https://api.github.com/repos/7heaven/SHSegmentControl/notifications{?since,all,participating}",
      "labels_url": "https://api.github.com/repos/7heaven/SHSegmentControl/labels{/name}",
      "releases_url": "https://api.github.com/repos/7heaven/SHSegmentControl/releases{/id}",
      "deployments_url": "https://api.github.com/repos/7heaven/SHSegmentControl/deployments",
      "created_at": "2015-04-22T11:17:39Z",
      "updated_at": "2018-11-28T02:21:14Z",
      "pushed_at": "2018-04-04T15:39:39Z",
      "git_url": "git://github.com/7heaven/SHSegmentControl.git",
      "ssh_url": "git@github.com:7heaven/SHSegmentControl.git",
      "clone_url": "https://github.com/7heaven/SHSegmentControl.git",
      "svn_url": "https://github.com/7heaven/SHSegmentControl",
      "homepage": "",
      "size": 262,
      "stargazers_count": 577,
      "watchers_count": 577,
      "language": "Java",
      "has_issues": true,
      "has_projects": true,
      "has_downloads": true,
      "has_wiki": true,
      "has_pages": false,
      "forks_count": 139,
      "mirror_url": null,
      "archived": false,
      "open_issues_count": 3,
      "license": {
        "key": "other",
        "name": "Other",
        "spdx_id": "NOASSERTION",
        "url": null,
        "node_id": "MDc6TGljZW5zZTA="
      },
      "forks": 139,
      "open_issues": 3,
      "watchers": 577,
      "default_branch": "master",
      "score": 40.53024
    },
    {
      "id": 98907380,
      "node_id": "MDEwOlJlcG9zaXRvcnk5ODkwNzM4MA==",
      "name": "Android-Resource-Usage-Count",
      "full_name": "niorgai/Android-Resource-Usage-Count",
      "private": false,
      "owner": {
        "login": "niorgai",
        "id": 6081656,
        "node_id": "MDQ6VXNlcjYwODE2NTY=",
        "avatar_url": "https://avatars3.githubusercontent.com/u/6081656?v=4",
        "gravatar_id": "",
        "url": "https://api.github.com/users/niorgai",
        "html_url": "https://github.com/niorgai",
        "followers_url": "https://api.github.com/users/niorgai/followers",
        "following_url": "https://api.github.com/users/niorgai/following{/other_user}",
        "gists_url": "https://api.github.com/users/niorgai/gists{/gist_id}",
        "starred_url": "https://api.github.com/users/niorgai/starred{/owner}{/repo}",
        "subscriptions_url": "https://api.github.com/users/niorgai/subscriptions",
        "organizations_url": "https://api.github.com/users/niorgai/orgs",
        "repos_url": "https://api.github.com/users/niorgai/repos",
        "events_url": "https://api.github.com/users/niorgai/events{/privacy}",
        "received_events_url": "https://api.github.com/users/niorgai/received_events",
        "type": "User",
        "site_admin": false
      },
      "html_url": "https://github.com/niorgai/Android-Resource-Usage-Count",
      "description": "Show usage count for each resource",
      "fork": false,
      "url": "https://api.github.com/repos/niorgai/Android-Resource-Usage-Count",
      "forks_url": "https://api.github.com/repos/niorgai/Android-Resource-Usage-Count/forks",
      "keys_url": "https://api.github.com/repos/niorgai/Android-Resource-Usage-Count/keys{/key_id}",
      "collaborators_url": "https://api.github.com/repos/niorgai/Android-Resource-Usage-Count/collaborators{/collaborator}",
      "teams_url": "https://api.github.com/repos/niorgai/Android-Resource-Usage-Count/teams",
      "hooks_url": "https://api.github.com/repos/niorgai/Android-Resource-Usage-Count/hooks",
      "issue_events_url": "https://api.github.com/repos/niorgai/Android-Resource-Usage-Count/issues/events{/number}",
      "events_url": "https://api.github.com/repos/niorgai/Android-Resource-Usage-Count/events",
      "assignees_url": "https://api.github.com/repos/niorgai/Android-Resource-Usage-Count/assignees{/user}",
      "branches_url": "https://api.github.com/repos/niorgai/Android-Resource-Usage-Count/branches{/branch}",
      "tags_url": "https://api.github.com/repos/niorgai/Android-Resource-Usage-Count/tags",
      "blobs_url": "https://api.github.com/repos/niorgai/Android-Resource-Usage-Count/git/blobs{/sha}",
      "git_tags_url": "https://api.github.com/repos/niorgai/Android-Resource-Usage-Count/git/tags{/sha}",
      "git_refs_url": "https://api.github.com/repos/niorgai/Android-Resource-Usage-Count/git/refs{/sha}",
      "trees_url": "https://api.github.com/repos/niorgai/Android-Resource-Usage-Count/git/trees{/sha}",
      "statuses_url": "https://api.github.com/repos/niorgai/Android-Resource-Usage-Count/statuses/{sha}",
      "languages_url": "https://api.github.com/repos/niorgai/Android-Resource-Usage-Count/languages",
      "stargazers_url": "https://api.github.com/repos/niorgai/Android-Resource-Usage-Count/stargazers",
      "contributors_url": "https://api.github.com/repos/niorgai/Android-Resource-Usage-Count/contributors",
      "subscribers_url": "https://api.github.com/repos/niorgai/Android-Resource-Usage-Count/subscribers",
      "subscription_url": "https://api.github.com/repos/niorgai/Android-Resource-Usage-Count/subscription",
      "commits_url": "https://api.github.com/repos/niorgai/Android-Resource-Usage-Count/commits{/sha}",
      "git_commits_url": "https://api.github.com/repos/niorgai/Android-Resource-Usage-Count/git/commits{/sha}",
      "comments_url": "https://api.github.com/repos/niorgai/Android-Resource-Usage-Count/comments{/number}",
      "issue_comment_url": "https://api.github.com/repos/niorgai/Android-Resource-Usage-Count/issues/comments{/number}",
      "contents_url": "https://api.github.com/repos/niorgai/Android-Resource-Usage-Count/contents/{+path}",
      "compare_url": "https://api.github.com/repos/niorgai/Android-Resource-Usage-Count/compare/{base}...{head}",
      "merges_url": "https://api.github.com/repos/niorgai/Android-Resource-Usage-Count/merges",
      "archive_url": "https://api.github.com/repos/niorgai/Android-Resource-Usage-Count/{archive_format}{/ref}",
      "downloads_url": "https://api.github.com/repos/niorgai/Android-Resource-Usage-Count/downloads",
      "issues_url": "https://api.github.com/repos/niorgai/Android-Resource-Usage-Count/issues{/number}",
      "pulls_url": "https://api.github.com/repos/niorgai/Android-Resource-Usage-Count/pulls{/number}",
      "milestones_url": "https://api.github.com/repos/niorgai/Android-Resource-Usage-Count/milestones{/number}",
      "notifications_url": "https://api.github.com/repos/niorgai/Android-Resource-Usage-Count/notifications{?since,all,participating}",
      "labels_url": "https://api.github.com/repos/niorgai/Android-Resource-Usage-Count/labels{/name}",
      "releases_url": "https://api.github.com/repos/niorgai/Android-Resource-Usage-Count/releases{/id}",
      "deployments_url": "https://api.github.com/repos/niorgai/Android-Resource-Usage-Count/deployments",
      "created_at": "2017-07-31T16:05:44Z",
      "updated_at": "2018-11-29T01:44:18Z",
      "pushed_at": "2018-04-04T07:58:20Z",
      "git_url": "git://github.com/niorgai/Android-Resource-Usage-Count.git",
      "ssh_url": "git@github.com:niorgai/Android-Resource-Usage-Count.git",
      "clone_url": "https://github.com/niorgai/Android-Resource-Usage-Count.git",
      "svn_url": "https://github.com/niorgai/Android-Resource-Usage-Count",
      "homepage": "",
      "size": 87,
      "stargazers_count": 875,
      "watchers_count": 875,
      "language": "Java",
      "has_issues": true,
      "has_projects": true,
      "has_downloads": true,
      "has_wiki": true,
      "has_pages": false,
      "forks_count": 54,
      "mirror_url": null,
      "archived": false,
      "open_issues_count": 6,
      "license": {
        "key": "mit",
        "name": "MIT License",
        "spdx_id": "MIT",
        "url": "https://api.github.com/licenses/mit",
        "node_id": "MDc6TGljZW5zZTEz"
      },
      "forks": 54,
      "open_issues": 6,
      "watchers": 875,
      "default_branch": "master",
      "score": 38.164883
    },
    {
      "id": 10271055,
      "node_id": "MDEwOlJlcG9zaXRvcnkxMDI3MTA1NQ==",
      "name": "GrocerySync-Android",
      "full_name": "couchbaselabs/GrocerySync-Android",
      "private": false,
      "owner": {
        "login": "couchbaselabs",
        "id": 636956,
        "node_id": "MDEyOk9yZ2FuaXphdGlvbjYzNjk1Ng==",
        "avatar_url": "https://avatars2.githubusercontent.com/u/636956?v=4",
        "gravatar_id": "",
        "url": "https://api.github.com/users/couchbaselabs",
        "html_url": "https://github.com/couchbaselabs",
        "followers_url": "https://api.github.com/users/couchbaselabs/followers",
        "following_url": "https://api.github.com/users/couchbaselabs/following{/other_user}",
        "gists_url": "https://api.github.com/users/couchbaselabs/gists{/gist_id}",
        "starred_url": "https://api.github.com/users/couchbaselabs/starred{/owner}{/repo}",
        "subscriptions_url": "https://api.github.com/users/couchbaselabs/subscriptions",
        "organizations_url": "https://api.github.com/users/couchbaselabs/orgs",
        "repos_url": "https://api.github.com/users/couchbaselabs/repos",
        "events_url": "https://api.github.com/users/couchbaselabs/events{/privacy}",
        "received_events_url": "https://api.github.com/users/couchbaselabs/received_events",
        "type": "Organization",
        "site_admin": false
      },
      "html_url": "https://github.com/couchbaselabs/GrocerySync-Android",
      "description": "Couchbase Lite demo app for Android: A simple synced shopping list",
      "fork": false,
      "url": "https://api.github.com/repos/couchbaselabs/GrocerySync-Android",
      "forks_url": "https://api.github.com/repos/couchbaselabs/GrocerySync-Android/forks",
      "keys_url": "https://api.github.com/repos/couchbaselabs/GrocerySync-Android/keys{/key_id}",
      "collaborators_url": "https://api.github.com/repos/couchbaselabs/GrocerySync-Android/collaborators{/collaborator}",
      "teams_url": "https://api.github.com/repos/couchbaselabs/GrocerySync-Android/teams",
      "hooks_url": "https://api.github.com/repos/couchbaselabs/GrocerySync-Android/hooks",
      "issue_events_url": "https://api.github.com/repos/couchbaselabs/GrocerySync-Android/issues/events{/number}",
      "events_url": "https://api.github.com/repos/couchbaselabs/GrocerySync-Android/events",
      "assignees_url": "https://api.github.com/repos/couchbaselabs/GrocerySync-Android/assignees{/user}",
      "branches_url": "https://api.github.com/repos/couchbaselabs/GrocerySync-Android/branches{/branch}",
      "tags_url": "https://api.github.com/repos/couchbaselabs/GrocerySync-Android/tags",
      "blobs_url": "https://api.github.com/repos/couchbaselabs/GrocerySync-Android/git/blobs{/sha}",
      "git_tags_url": "https://api.github.com/repos/couchbaselabs/GrocerySync-Android/git/tags{/sha}",
      "git_refs_url": "https://api.github.com/repos/couchbaselabs/GrocerySync-Android/git/refs{/sha}",
      "trees_url": "https://api.github.com/repos/couchbaselabs/GrocerySync-Android/git/trees{/sha}",
      "statuses_url": "https://api.github.com/repos/couchbaselabs/GrocerySync-Android/statuses/{sha}",
      "languages_url": "https://api.github.com/repos/couchbaselabs/GrocerySync-Android/languages",
      "stargazers_url": "https://api.github.com/repos/couchbaselabs/GrocerySync-Android/stargazers",
      "contributors_url": "https://api.github.com/repos/couchbaselabs/GrocerySync-Android/contributors",
      "subscribers_url": "https://api.github.com/repos/couchbaselabs/GrocerySync-Android/subscribers",
      "subscription_url": "https://api.github.com/repos/couchbaselabs/GrocerySync-Android/subscription",
      "commits_url": "https://api.github.com/repos/couchbaselabs/GrocerySync-Android/commits{/sha}",
      "git_commits_url": "https://api.github.com/repos/couchbaselabs/GrocerySync-Android/git/commits{/sha}",
      "comments_url": "https://api.github.com/repos/couchbaselabs/GrocerySync-Android/comments{/number}",
      "issue_comment_url": "https://api.github.com/repos/couchbaselabs/GrocerySync-Android/issues/comments{/number}",
      "contents_url": "https://api.github.com/repos/couchbaselabs/GrocerySync-Android/contents/{+path}",
      "compare_url": "https://api.github.com/repos/couchbaselabs/GrocerySync-Android/compare/{base}...{head}",
      "merges_url": "https://api.github.com/repos/couchbaselabs/GrocerySync-Android/merges",
      "archive_url": "https://api.github.com/repos/couchbaselabs/GrocerySync-Android/{archive_format}{/ref}",
      "downloads_url": "https://api.github.com/repos/couchbaselabs/GrocerySync-Android/downloads",
      "issues_url": "https://api.github.com/repos/couchbaselabs/GrocerySync-Android/issues{/number}",
      "pulls_url": "https://api.github.com/repos/couchbaselabs/GrocerySync-Android/pulls{/number}",
      "milestones_url": "https://api.github.com/repos/couchbaselabs/GrocerySync-Android/milestones{/number}",
      "notifications_url": "https://api.github.com/repos/couchbaselabs/GrocerySync-Android/notifications{?since,all,participating}",
      "labels_url": "https://api.github.com/repos/couchbaselabs/GrocerySync-Android/labels{/name}",
      "releases_url": "https://api.github.com/repos/couchbaselabs/GrocerySync-Android/releases{/id}",
      "deployments_url": "https://api.github.com/repos/couchbaselabs/GrocerySync-Android/deployments",
      "created_at": "2013-05-24T17:03:09Z",
      "updated_at": "2018-11-23T05:15:34Z",
      "pushed_at": "2018-04-05T06:07:38Z",
      "git_url": "git://github.com/couchbaselabs/GrocerySync-Android.git",
      "ssh_url": "git@github.com:couchbaselabs/GrocerySync-Android.git",
      "clone_url": "https://github.com/couchbaselabs/GrocerySync-Android.git",
      "svn_url": "https://github.com/couchbaselabs/GrocerySync-Android",
      "homepage": null,
      "size": 31562,
      "stargazers_count": 133,
      "watchers_count": 133,
      "language": "Java",
      "has_issues": true,
      "has_projects": true,
      "has_downloads": true,
      "has_wiki": true,
      "has_pages": false,
      "forks_count": 70,
      "mirror_url": null,
      "archived": false,
      "open_issues_count": 10,
      "license": null,
      "forks": 70,
      "open_issues": 10,
      "watchers": 133,
      "default_branch": "master",
      "score": 35.574566
    },
    {
      "id": 78491344,
      "node_id": "MDEwOlJlcG9zaXRvcnk3ODQ5MTM0NA==",
      "name": "MegviiFacepp-Android-SDK",
      "full_name": "FacePlusPlus/MegviiFacepp-Android-SDK",
      "private": false,
      "owner": {
        "login": "FacePlusPlus",
        "id": 2667818,
        "node_id": "MDEyOk9yZ2FuaXphdGlvbjI2Njc4MTg=",
        "avatar_url": "https://avatars1.githubusercontent.com/u/2667818?v=4",
        "gravatar_id": "",
        "url": "https://api.github.com/users/FacePlusPlus",
        "html_url": "https://github.com/FacePlusPlus",
        "followers_url": "https://api.github.com/users/FacePlusPlus/followers",
        "following_url": "https://api.github.com/users/FacePlusPlus/following{/other_user}",
        "gists_url": "https://api.github.com/users/FacePlusPlus/gists{/gist_id}",
        "starred_url": "https://api.github.com/users/FacePlusPlus/starred{/owner}{/repo}",
        "subscriptions_url": "https://api.github.com/users/FacePlusPlus/subscriptions",
        "organizations_url": "https://api.github.com/users/FacePlusPlus/orgs",
        "repos_url": "https://api.github.com/users/FacePlusPlus/repos",
        "events_url": "https://api.github.com/users/FacePlusPlus/events{/privacy}",
        "received_events_url": "https://api.github.com/users/FacePlusPlus/received_events",
        "type": "Organization",
        "site_admin": false
      },
      "html_url": "https://github.com/FacePlusPlus/MegviiFacepp-Android-SDK",
      "description": "An android wrapper of MegviiFacepp SDK (the mobile SDK).",
      "fork": false,
      "url": "https://api.github.com/repos/FacePlusPlus/MegviiFacepp-Android-SDK",
      "forks_url": "https://api.github.com/repos/FacePlusPlus/MegviiFacepp-Android-SDK/forks",
      "keys_url": "https://api.github.com/repos/FacePlusPlus/MegviiFacepp-Android-SDK/keys{/key_id}",
      "collaborators_url": "https://api.github.com/repos/FacePlusPlus/MegviiFacepp-Android-SDK/collaborators{/collaborator}",
      "teams_url": "https://api.github.com/repos/FacePlusPlus/MegviiFacepp-Android-SDK/teams",
      "hooks_url": "https://api.github.com/repos/FacePlusPlus/MegviiFacepp-Android-SDK/hooks",
      "issue_events_url": "https://api.github.com/repos/FacePlusPlus/MegviiFacepp-Android-SDK/issues/events{/number}",
      "events_url": "https://api.github.com/repos/FacePlusPlus/MegviiFacepp-Android-SDK/events",
      "assignees_url": "https://api.github.com/repos/FacePlusPlus/MegviiFacepp-Android-SDK/assignees{/user}",
      "branches_url": "https://api.github.com/repos/FacePlusPlus/MegviiFacepp-Android-SDK/branches{/branch}",
      "tags_url": "https://api.github.com/repos/FacePlusPlus/MegviiFacepp-Android-SDK/tags",
      "blobs_url": "https://api.github.com/repos/FacePlusPlus/MegviiFacepp-Android-SDK/git/blobs{/sha}",
      "git_tags_url": "https://api.github.com/repos/FacePlusPlus/MegviiFacepp-Android-SDK/git/tags{/sha}",
      "git_refs_url": "https://api.github.com/repos/FacePlusPlus/MegviiFacepp-Android-SDK/git/refs{/sha}",
      "trees_url": "https://api.github.com/repos/FacePlusPlus/MegviiFacepp-Android-SDK/git/trees{/sha}",
      "statuses_url": "https://api.github.com/repos/FacePlusPlus/MegviiFacepp-Android-SDK/statuses/{sha}",
      "languages_url": "https://api.github.com/repos/FacePlusPlus/MegviiFacepp-Android-SDK/languages",
      "stargazers_url": "https://api.github.com/repos/FacePlusPlus/MegviiFacepp-Android-SDK/stargazers",
      "contributors_url": "https://api.github.com/repos/FacePlusPlus/MegviiFacepp-Android-SDK/contributors",
      "subscribers_url": "https://api.github.com/repos/FacePlusPlus/MegviiFacepp-Android-SDK/subscribers",
      "subscription_url": "https://api.github.com/repos/FacePlusPlus/MegviiFacepp-Android-SDK/subscription",
      "commits_url": "https://api.github.com/repos/FacePlusPlus/MegviiFacepp-Android-SDK/commits{/sha}",
      "git_commits_url": "https://api.github.com/repos/FacePlusPlus/MegviiFacepp-Android-SDK/git/commits{/sha}",
      "comments_url": "https://api.github.com/repos/FacePlusPlus/MegviiFacepp-Android-SDK/comments{/number}",
      "issue_comment_url": "https://api.github.com/repos/FacePlusPlus/MegviiFacepp-Android-SDK/issues/comments{/number}",
      "contents_url": "https://api.github.com/repos/FacePlusPlus/MegviiFacepp-Android-SDK/contents/{+path}",
      "compare_url": "https://api.github.com/repos/FacePlusPlus/MegviiFacepp-Android-SDK/compare/{base}...{head}",
      "merges_url": "https://api.github.com/repos/FacePlusPlus/MegviiFacepp-Android-SDK/merges",
      "archive_url": "https://api.github.com/repos/FacePlusPlus/MegviiFacepp-Android-SDK/{archive_format}{/ref}",
      "downloads_url": "https://api.github.com/repos/FacePlusPlus/MegviiFacepp-Android-SDK/downloads",
      "issues_url": "https://api.github.com/repos/FacePlusPlus/MegviiFacepp-Android-SDK/issues{/number}",
      "pulls_url": "https://api.github.com/repos/FacePlusPlus/MegviiFacepp-Android-SDK/pulls{/number}",
      "milestones_url": "https://api.github.com/repos/FacePlusPlus/MegviiFacepp-Android-SDK/milestones{/number}",
      "notifications_url": "https://api.github.com/repos/FacePlusPlus/MegviiFacepp-Android-SDK/notifications{?since,all,participating}",
      "labels_url": "https://api.github.com/repos/FacePlusPlus/MegviiFacepp-Android-SDK/labels{/name}",
      "releases_url": "https://api.github.com/repos/FacePlusPlus/MegviiFacepp-Android-SDK/releases{/id}",
      "deployments_url": "https://api.github.com/repos/FacePlusPlus/MegviiFacepp-Android-SDK/deployments",
      "created_at": "2017-01-10T02:51:41Z",
      "updated_at": "2018-11-29T10:35:21Z",
      "pushed_at": "2018-04-02T08:43:00Z",
      "git_url": "git://github.com/FacePlusPlus/MegviiFacepp-Android-SDK.git",
      "ssh_url": "git@github.com:FacePlusPlus/MegviiFacepp-Android-SDK.git",
      "clone_url": "https://github.com/FacePlusPlus/MegviiFacepp-Android-SDK.git",
      "svn_url": "https://github.com/FacePlusPlus/MegviiFacepp-Android-SDK",
      "homepage": null,
      "size": 60728,
      "stargazers_count": 148,
      "watchers_count": 148,
      "language": "Java",
      "has_issues": true,
      "has_projects": true,
      "has_downloads": true,
      "has_wiki": true,
      "has_pages": false,
      "forks_count": 62,
      "mirror_url": null,
      "archived": false,
      "open_issues_count": 6,
      "license": {
        "key": "apache-2.0",
        "name": "Apache License 2.0",
        "spdx_id": "Apache-2.0",
        "url": "https://api.github.com/licenses/apache-2.0",
        "node_id": "MDc6TGljZW5zZTI="
      },
      "forks": 62,
      "open_issues": 6,
      "watchers": 148,
      "default_branch": "master",
      "score": 35.215443
    },
    {
      "id": 34785156,
      "node_id": "MDEwOlJlcG9zaXRvcnkzNDc4NTE1Ng==",
      "name": "android-imagecropview",
      "full_name": "naver/android-imagecropview",
      "private": false,
      "owner": {
        "login": "naver",
        "id": 6589568,
        "node_id": "MDEyOk9yZ2FuaXphdGlvbjY1ODk1Njg=",
        "avatar_url": "https://avatars0.githubusercontent.com/u/6589568?v=4",
        "gravatar_id": "",
        "url": "https://api.github.com/users/naver",
        "html_url": "https://github.com/naver",
        "followers_url": "https://api.github.com/users/naver/followers",
        "following_url": "https://api.github.com/users/naver/following{/other_user}",
        "gists_url": "https://api.github.com/users/naver/gists{/gist_id}",
        "starred_url": "https://api.github.com/users/naver/starred{/owner}{/repo}",
        "subscriptions_url": "https://api.github.com/users/naver/subscriptions",
        "organizations_url": "https://api.github.com/users/naver/orgs",
        "repos_url": "https://api.github.com/users/naver/repos",
        "events_url": "https://api.github.com/users/naver/events{/privacy}",
        "received_events_url": "https://api.github.com/users/naver/received_events",
        "type": "Organization",
        "site_admin": false
      },
      "html_url": "https://github.com/naver/android-imagecropview",
      "description": "android image crop library",
      "fork": false,
      "url": "https://api.github.com/repos/naver/android-imagecropview",
      "forks_url": "https://api.github.com/repos/naver/android-imagecropview/forks",
      "keys_url": "https://api.github.com/repos/naver/android-imagecropview/keys{/key_id}",
      "collaborators_url": "https://api.github.com/repos/naver/android-imagecropview/collaborators{/collaborator}",
      "teams_url": "https://api.github.com/repos/naver/android-imagecropview/teams",
      "hooks_url": "https://api.github.com/repos/naver/android-imagecropview/hooks",
      "issue_events_url": "https://api.github.com/repos/naver/android-imagecropview/issues/events{/number}",
      "events_url": "https://api.github.com/repos/naver/android-imagecropview/events",
      "assignees_url": "https://api.github.com/repos/naver/android-imagecropview/assignees{/user}",
      "branches_url": "https://api.github.com/repos/naver/android-imagecropview/branches{/branch}",
      "tags_url": "https://api.github.com/repos/naver/android-imagecropview/tags",
      "blobs_url": "https://api.github.com/repos/naver/android-imagecropview/git/blobs{/sha}",
      "git_tags_url": "https://api.github.com/repos/naver/android-imagecropview/git/tags{/sha}",
      "git_refs_url": "https://api.github.com/repos/naver/android-imagecropview/git/refs{/sha}",
      "trees_url": "https://api.github.com/repos/naver/android-imagecropview/git/trees{/sha}",
      "statuses_url": "https://api.github.com/repos/naver/android-imagecropview/statuses/{sha}",
      "languages_url": "https://api.github.com/repos/naver/android-imagecropview/languages",
      "stargazers_url": "https://api.github.com/repos/naver/android-imagecropview/stargazers",
      "contributors_url": "https://api.github.com/repos/naver/android-imagecropview/contributors",
      "subscribers_url": "https://api.github.com/repos/naver/android-imagecropview/subscribers",
      "subscription_url": "https://api.github.com/repos/naver/android-imagecropview/subscription",
      "commits_url": "https://api.github.com/repos/naver/android-imagecropview/commits{/sha}",
      "git_commits_url": "https://api.github.com/repos/naver/android-imagecropview/git/commits{/sha}",
      "comments_url": "https://api.github.com/repos/naver/android-imagecropview/comments{/number}",
      "issue_comment_url": "https://api.github.com/repos/naver/android-imagecropview/issues/comments{/number}",
      "contents_url": "https://api.github.com/repos/naver/android-imagecropview/contents/{+path}",
      "compare_url": "https://api.github.com/repos/naver/android-imagecropview/compare/{base}...{head}",
      "merges_url": "https://api.github.com/repos/naver/android-imagecropview/merges",
      "archive_url": "https://api.github.com/repos/naver/android-imagecropview/{archive_format}{/ref}",
      "downloads_url": "https://api.github.com/repos/naver/android-imagecropview/downloads",
      "issues_url": "https://api.github.com/repos/naver/android-imagecropview/issues{/number}",
      "pulls_url": "https://api.github.com/repos/naver/android-imagecropview/pulls{/number}",
      "milestones_url": "https://api.github.com/repos/naver/android-imagecropview/milestones{/number}",
      "notifications_url": "https://api.github.com/repos/naver/android-imagecropview/notifications{?since,all,participating}",
      "labels_url": "https://api.github.com/repos/naver/android-imagecropview/labels{/name}",
      "releases_url": "https://api.github.com/repos/naver/android-imagecropview/releases{/id}",
      "deployments_url": "https://api.github.com/repos/naver/android-imagecropview/deployments",
      "created_at": "2015-04-29T09:34:11Z",
      "updated_at": "2018-11-25T11:46:47Z",
      "pushed_at": "2018-04-03T08:16:12Z",
      "git_url": "git://github.com/naver/android-imagecropview.git",
      "ssh_url": "git@github.com:naver/android-imagecropview.git",
      "clone_url": "https://github.com/naver/android-imagecropview.git",
      "svn_url": "https://github.com/naver/android-imagecropview",
      "homepage": "",
      "size": 7598,
      "stargazers_count": 138,
      "watchers_count": 138,
      "language": "Java",
      "has_issues": true,
      "has_projects": true,
      "has_downloads": true,
      "has_wiki": true,
      "has_pages": false,
      "forks_count": 33,
      "mirror_url": null,
      "archived": false,
      "open_issues_count": 9,
      "license": {
        "key": "other",
        "name": "Other",
        "spdx_id": "NOASSERTION",
        "url": null,
        "node_id": "MDc6TGljZW5zZTA="
      },
      "forks": 33,
      "open_issues": 9,
      "watchers": 138,
      "default_branch": "master",
      "score": 33.94332
    },
    {
      "id": 14281688,
      "node_id": "MDEwOlJlcG9zaXRvcnkxNDI4MTY4OA==",
      "name": "AStickyHeader",
      "full_name": "DWorkS/AStickyHeader",
      "private": false,
      "owner": {
        "login": "DWorkS",
        "id": 3899427,
        "node_id": "MDEyOk9yZ2FuaXphdGlvbjM4OTk0Mjc=",
        "avatar_url": "https://avatars2.githubusercontent.com/u/3899427?v=4",
        "gravatar_id": "",
        "url": "https://api.github.com/users/DWorkS",
        "html_url": "https://github.com/DWorkS",
        "followers_url": "https://api.github.com/users/DWorkS/followers",
        "following_url": "https://api.github.com/users/DWorkS/following{/other_user}",
        "gists_url": "https://api.github.com/users/DWorkS/gists{/gist_id}",
        "starred_url": "https://api.github.com/users/DWorkS/starred{/owner}{/repo}",
        "subscriptions_url": "https://api.github.com/users/DWorkS/subscriptions",
        "organizations_url": "https://api.github.com/users/DWorkS/orgs",
        "repos_url": "https://api.github.com/users/DWorkS/repos",
        "events_url": "https://api.github.com/users/DWorkS/events{/privacy}",
        "received_events_url": "https://api.github.com/users/DWorkS/received_events",
        "type": "Organization",
        "site_admin": false
      },
      "html_url": "https://github.com/DWorkS/AStickyHeader",
      "description": "Android Sticky Headers : now headers everywhere",
      "fork": false,
      "url": "https://api.github.com/repos/DWorkS/AStickyHeader",
      "forks_url": "https://api.github.com/repos/DWorkS/AStickyHeader/forks",
      "keys_url": "https://api.github.com/repos/DWorkS/AStickyHeader/keys{/key_id}",
      "collaborators_url": "https://api.github.com/repos/DWorkS/AStickyHeader/collaborators{/collaborator}",
      "teams_url": "https://api.github.com/repos/DWorkS/AStickyHeader/teams",
      "hooks_url": "https://api.github.com/repos/DWorkS/AStickyHeader/hooks",
      "issue_events_url": "https://api.github.com/repos/DWorkS/AStickyHeader/issues/events{/number}",
      "events_url": "https://api.github.com/repos/DWorkS/AStickyHeader/events",
      "assignees_url": "https://api.github.com/repos/DWorkS/AStickyHeader/assignees{/user}",
      "branches_url": "https://api.github.com/repos/DWorkS/AStickyHeader/branches{/branch}",
      "tags_url": "https://api.github.com/repos/DWorkS/AStickyHeader/tags",
      "blobs_url": "https://api.github.com/repos/DWorkS/AStickyHeader/git/blobs{/sha}",
      "git_tags_url": "https://api.github.com/repos/DWorkS/AStickyHeader/git/tags{/sha}",
      "git_refs_url": "https://api.github.com/repos/DWorkS/AStickyHeader/git/refs{/sha}",
      "trees_url": "https://api.github.com/repos/DWorkS/AStickyHeader/git/trees{/sha}",
      "statuses_url": "https://api.github.com/repos/DWorkS/AStickyHeader/statuses/{sha}",
      "languages_url": "https://api.github.com/repos/DWorkS/AStickyHeader/languages",
      "stargazers_url": "https://api.github.com/repos/DWorkS/AStickyHeader/stargazers",
      "contributors_url": "https://api.github.com/repos/DWorkS/AStickyHeader/contributors",
      "subscribers_url": "https://api.github.com/repos/DWorkS/AStickyHeader/subscribers",
      "subscription_url": "https://api.github.com/repos/DWorkS/AStickyHeader/subscription",
      "commits_url": "https://api.github.com/repos/DWorkS/AStickyHeader/commits{/sha}",
      "git_commits_url": "https://api.github.com/repos/DWorkS/AStickyHeader/git/commits{/sha}",
      "comments_url": "https://api.github.com/repos/DWorkS/AStickyHeader/comments{/number}",
      "issue_comment_url": "https://api.github.com/repos/DWorkS/AStickyHeader/issues/comments{/number}",
      "contents_url": "https://api.github.com/repos/DWorkS/AStickyHeader/contents/{+path}",
      "compare_url": "https://api.github.com/repos/DWorkS/AStickyHeader/compare/{base}...{head}",
      "merges_url": "https://api.github.com/repos/DWorkS/AStickyHeader/merges",
      "archive_url": "https://api.github.com/repos/DWorkS/AStickyHeader/{archive_format}{/ref}",
      "downloads_url": "https://api.github.com/repos/DWorkS/AStickyHeader/downloads",
      "issues_url": "https://api.github.com/repos/DWorkS/AStickyHeader/issues{/number}",
      "pulls_url": "https://api.github.com/repos/DWorkS/AStickyHeader/pulls{/number}",
      "milestones_url": "https://api.github.com/repos/DWorkS/AStickyHeader/milestones{/number}",
      "notifications_url": "https://api.github.com/repos/DWorkS/AStickyHeader/notifications{?since,all,participating}",
      "labels_url": "https://api.github.com/repos/DWorkS/AStickyHeader/labels{/name}",
      "releases_url": "https://api.github.com/repos/DWorkS/AStickyHeader/releases{/id}",
      "deployments_url": "https://api.github.com/repos/DWorkS/AStickyHeader/deployments",
      "created_at": "2013-11-10T18:34:28Z",
      "updated_at": "2018-09-29T05:53:39Z",
      "pushed_at": "2018-04-05T09:10:11Z",
      "git_url": "git://github.com/DWorkS/AStickyHeader.git",
      "ssh_url": "git@github.com:DWorkS/AStickyHeader.git",
      "clone_url": "https://github.com/DWorkS/AStickyHeader.git",
      "svn_url": "https://github.com/DWorkS/AStickyHeader",
      "homepage": "https://github.com/DWorkS/AStickyHeader",
      "size": 1977,
      "stargazers_count": 397,
      "watchers_count": 397,
      "language": "Java",
      "has_issues": true,
      "has_projects": true,
      "has_downloads": true,
      "has_wiki": true,
      "has_pages": false,
      "forks_count": 123,
      "mirror_url": null,
      "archived": false,
      "open_issues_count": 21,
      "license": null,
      "forks": 123,
      "open_issues": 21,
      "watchers": 397,
      "default_branch": "master",
      "score": 33.828922
    },
    {
      "id": 60466023,
      "node_id": "MDEwOlJlcG9zaXRvcnk2MDQ2NjAyMw==",
      "name": "android-tvheadend",
      "full_name": "kiall/android-tvheadend",
      "private": false,
      "owner": {
        "login": "kiall",
        "id": 52713,
        "node_id": "MDQ6VXNlcjUyNzEz",
        "avatar_url": "https://avatars3.githubusercontent.com/u/52713?v=4",
        "gravatar_id": "",
        "url": "https://api.github.com/users/kiall",
        "html_url": "https://github.com/kiall",
        "followers_url": "https://api.github.com/users/kiall/followers",
        "following_url": "https://api.github.com/users/kiall/following{/other_user}",
        "gists_url": "https://api.github.com/users/kiall/gists{/gist_id}",
        "starred_url": "https://api.github.com/users/kiall/starred{/owner}{/repo}",
        "subscriptions_url": "https://api.github.com/users/kiall/subscriptions",
        "organizations_url": "https://api.github.com/users/kiall/orgs",
        "repos_url": "https://api.github.com/users/kiall/repos",
        "events_url": "https://api.github.com/users/kiall/events{/privacy}",
        "received_events_url": "https://api.github.com/users/kiall/received_events",
        "type": "User",
        "site_admin": false
      },
      "html_url": "https://github.com/kiall/android-tvheadend",
      "description": "Android + TV Headend + TV Input Framework",
      "fork": false,
      "url": "https://api.github.com/repos/kiall/android-tvheadend",
      "forks_url": "https://api.github.com/repos/kiall/android-tvheadend/forks",
      "keys_url": "https://api.github.com/repos/kiall/android-tvheadend/keys{/key_id}",
      "collaborators_url": "https://api.github.com/repos/kiall/android-tvheadend/collaborators{/collaborator}",
      "teams_url": "https://api.github.com/repos/kiall/android-tvheadend/teams",
      "hooks_url": "https://api.github.com/repos/kiall/android-tvheadend/hooks",
      "issue_events_url": "https://api.github.com/repos/kiall/android-tvheadend/issues/events{/number}",
      "events_url": "https://api.github.com/repos/kiall/android-tvheadend/events",
      "assignees_url": "https://api.github.com/repos/kiall/android-tvheadend/assignees{/user}",
      "branches_url": "https://api.github.com/repos/kiall/android-tvheadend/branches{/branch}",
      "tags_url": "https://api.github.com/repos/kiall/android-tvheadend/tags",
      "blobs_url": "https://api.github.com/repos/kiall/android-tvheadend/git/blobs{/sha}",
      "git_tags_url": "https://api.github.com/repos/kiall/android-tvheadend/git/tags{/sha}",
      "git_refs_url": "https://api.github.com/repos/kiall/android-tvheadend/git/refs{/sha}",
      "trees_url": "https://api.github.com/repos/kiall/android-tvheadend/git/trees{/sha}",
      "statuses_url": "https://api.github.com/repos/kiall/android-tvheadend/statuses/{sha}",
      "languages_url": "https://api.github.com/repos/kiall/android-tvheadend/languages",
      "stargazers_url": "https://api.github.com/repos/kiall/android-tvheadend/stargazers",
      "contributors_url": "https://api.github.com/repos/kiall/android-tvheadend/contributors",
      "subscribers_url": "https://api.github.com/repos/kiall/android-tvheadend/subscribers",
      "subscription_url": "https://api.github.com/repos/kiall/android-tvheadend/subscription",
      "commits_url": "https://api.github.com/repos/kiall/android-tvheadend/commits{/sha}",
      "git_commits_url": "https://api.github.com/repos/kiall/android-tvheadend/git/commits{/sha}",
      "comments_url": "https://api.github.com/repos/kiall/android-tvheadend/comments{/number}",
      "issue_comment_url": "https://api.github.com/repos/kiall/android-tvheadend/issues/comments{/number}",
      "contents_url": "https://api.github.com/repos/kiall/android-tvheadend/contents/{+path}",
      "compare_url": "https://api.github.com/repos/kiall/android-tvheadend/compare/{base}...{head}",
      "merges_url": "https://api.github.com/repos/kiall/android-tvheadend/merges",
      "archive_url": "https://api.github.com/repos/kiall/android-tvheadend/{archive_format}{/ref}",
      "downloads_url": "https://api.github.com/repos/kiall/android-tvheadend/downloads",
      "issues_url": "https://api.github.com/repos/kiall/android-tvheadend/issues{/number}",
      "pulls_url": "https://api.github.com/repos/kiall/android-tvheadend/pulls{/number}",
      "milestones_url": "https://api.github.com/repos/kiall/android-tvheadend/milestones{/number}",
      "notifications_url": "https://api.github.com/repos/kiall/android-tvheadend/notifications{?since,all,participating}",
      "labels_url": "https://api.github.com/repos/kiall/android-tvheadend/labels{/name}",
      "releases_url": "https://api.github.com/repos/kiall/android-tvheadend/releases{/id}",
      "deployments_url": "https://api.github.com/repos/kiall/android-tvheadend/deployments",
      "created_at": "2016-06-05T15:10:01Z",
      "updated_at": "2018-11-28T17:36:50Z",
      "pushed_at": "2018-04-02T20:03:37Z",
      "git_url": "git://github.com/kiall/android-tvheadend.git",
      "ssh_url": "git@github.com:kiall/android-tvheadend.git",
      "clone_url": "https://github.com/kiall/android-tvheadend.git",
      "svn_url": "https://github.com/kiall/android-tvheadend",
      "homepage": null,
      "size": 26951,
      "stargazers_count": 130,
      "watchers_count": 130,
      "language": "Java",
      "has_issues": true,
      "has_projects": true,
      "has_downloads": true,
      "has_wiki": true,
      "has_pages": true,
      "forks_count": 32,
      "mirror_url": null,
      "archived": false,
      "open_issues_count": 50,
      "license": {
        "key": "apache-2.0",
        "name": "Apache License 2.0",
        "spdx_id": "Apache-2.0",
        "url": "https://api.github.com/licenses/apache-2.0",
        "node_id": "MDc6TGljZW5zZTI="
      },
      "forks": 32,
      "open_issues": 50,
      "watchers": 130,
      "default_branch": "develop",
      "score": 33.609707
    },
    {
      "id": 26455634,
      "node_id": "MDEwOlJlcG9zaXRvcnkyNjQ1NTYzNA==",
      "name": "memory-game",
      "full_name": "sromku/memory-game",
      "private": false,
      "owner": {
        "login": "sromku",
        "id": 583039,
        "node_id": "MDQ6VXNlcjU4MzAzOQ==",
        "avatar_url": "https://avatars3.githubusercontent.com/u/583039?v=4",
        "gravatar_id": "",
        "url": "https://api.github.com/users/sromku",
        "html_url": "https://github.com/sromku",
        "followers_url": "https://api.github.com/users/sromku/followers",
        "following_url": "https://api.github.com/users/sromku/following{/other_user}",
        "gists_url": "https://api.github.com/users/sromku/gists{/gist_id}",
        "starred_url": "https://api.github.com/users/sromku/starred{/owner}{/repo}",
        "subscriptions_url": "https://api.github.com/users/sromku/subscriptions",
        "organizations_url": "https://api.github.com/users/sromku/orgs",
        "repos_url": "https://api.github.com/users/sromku/repos",
        "events_url": "https://api.github.com/users/sromku/events{/privacy}",
        "received_events_url": "https://api.github.com/users/sromku/received_events",
        "type": "User",
        "site_admin": false
      },
      "html_url": "https://github.com/sromku/memory-game",
      "description": "Simple and beautiful memory game for kids",
      "fork": false,
      "url": "https://api.github.com/repos/sromku/memory-game",
      "forks_url": "https://api.github.com/repos/sromku/memory-game/forks",
      "keys_url": "https://api.github.com/repos/sromku/memory-game/keys{/key_id}",
      "collaborators_url": "https://api.github.com/repos/sromku/memory-game/collaborators{/collaborator}",
      "teams_url": "https://api.github.com/repos/sromku/memory-game/teams",
      "hooks_url": "https://api.github.com/repos/sromku/memory-game/hooks",
      "issue_events_url": "https://api.github.com/repos/sromku/memory-game/issues/events{/number}",
      "events_url": "https://api.github.com/repos/sromku/memory-game/events",
      "assignees_url": "https://api.github.com/repos/sromku/memory-game/assignees{/user}",
      "branches_url": "https://api.github.com/repos/sromku/memory-game/branches{/branch}",
      "tags_url": "https://api.github.com/repos/sromku/memory-game/tags",
      "blobs_url": "https://api.github.com/repos/sromku/memory-game/git/blobs{/sha}",
      "git_tags_url": "https://api.github.com/repos/sromku/memory-game/git/tags{/sha}",
      "git_refs_url": "https://api.github.com/repos/sromku/memory-game/git/refs{/sha}",
      "trees_url": "https://api.github.com/repos/sromku/memory-game/git/trees{/sha}",
      "statuses_url": "https://api.github.com/repos/sromku/memory-game/statuses/{sha}",
      "languages_url": "https://api.github.com/repos/sromku/memory-game/languages",
      "stargazers_url": "https://api.github.com/repos/sromku/memory-game/stargazers",
      "contributors_url": "https://api.github.com/repos/sromku/memory-game/contributors",
      "subscribers_url": "https://api.github.com/repos/sromku/memory-game/subscribers",
      "subscription_url": "https://api.github.com/repos/sromku/memory-game/subscription",
      "commits_url": "https://api.github.com/repos/sromku/memory-game/commits{/sha}",
      "git_commits_url": "https://api.github.com/repos/sromku/memory-game/git/commits{/sha}",
      "comments_url": "https://api.github.com/repos/sromku/memory-game/comments{/number}",
      "issue_comment_url": "https://api.github.com/repos/sromku/memory-game/issues/comments{/number}",
      "contents_url": "https://api.github.com/repos/sromku/memory-game/contents/{+path}",
      "compare_url": "https://api.github.com/repos/sromku/memory-game/compare/{base}...{head}",
      "merges_url": "https://api.github.com/repos/sromku/memory-game/merges",
      "archive_url": "https://api.github.com/repos/sromku/memory-game/{archive_format}{/ref}",
      "downloads_url": "https://api.github.com/repos/sromku/memory-game/downloads",
      "issues_url": "https://api.github.com/repos/sromku/memory-game/issues{/number}",
      "pulls_url": "https://api.github.com/repos/sromku/memory-game/pulls{/number}",
      "milestones_url": "https://api.github.com/repos/sromku/memory-game/milestones{/number}",
      "notifications_url": "https://api.github.com/repos/sromku/memory-game/notifications{?since,all,participating}",
      "labels_url": "https://api.github.com/repos/sromku/memory-game/labels{/name}",
      "releases_url": "https://api.github.com/repos/sromku/memory-game/releases{/id}",
      "deployments_url": "https://api.github.com/repos/sromku/memory-game/deployments",
      "created_at": "2014-11-10T21:05:06Z",
      "updated_at": "2018-11-27T15:32:23Z",
      "pushed_at": "2018-04-02T20:59:24Z",
      "git_url": "git://github.com/sromku/memory-game.git",
      "ssh_url": "git@github.com:sromku/memory-game.git",
      "clone_url": "https://github.com/sromku/memory-game.git",
      "svn_url": "https://github.com/sromku/memory-game",
      "homepage": "https://play.google.com/store/apps/details?id=com.snatik.matches",
      "size": 12189,
      "stargazers_count": 354,
      "watchers_count": 354,
      "language": "Java",
      "has_issues": true,
      "has_projects": true,
      "has_downloads": true,
      "has_wiki": true,
      "has_pages": false,
      "forks_count": 267,
      "mirror_url": null,
      "archived": false,
      "open_issues_count": 5,
      "license": {
        "key": "apache-2.0",
        "name": "Apache License 2.0",
        "spdx_id": "Apache-2.0",
        "url": "https://api.github.com/licenses/apache-2.0",
        "node_id": "MDc6TGljZW5zZTI="
      },
      "forks": 267,
      "open_issues": 5,
      "watchers": 354,
      "default_branch": "master",
      "score": 32.71601
    },
    {
      "id": 25625019,
      "node_id": "MDEwOlJlcG9zaXRvcnkyNTYyNTAxOQ==",
      "name": "synergy-android-cyanogen",
      "full_name": "symless/synergy-android-cyanogen",
      "private": false,
      "owner": {
        "login": "symless",
        "id": 313412,
        "node_id": "MDEyOk9yZ2FuaXphdGlvbjMxMzQxMg==",
        "avatar_url": "https://avatars2.githubusercontent.com/u/313412?v=4",
        "gravatar_id": "",
        "url": "https://api.github.com/users/symless",
        "html_url": "https://github.com/symless",
        "followers_url": "https://api.github.com/users/symless/followers",
        "following_url": "https://api.github.com/users/symless/following{/other_user}",
        "gists_url": "https://api.github.com/users/symless/gists{/gist_id}",
        "starred_url": "https://api.github.com/users/symless/starred{/owner}{/repo}",
        "subscriptions_url": "https://api.github.com/users/symless/subscriptions",
        "organizations_url": "https://api.github.com/users/symless/orgs",
        "repos_url": "https://api.github.com/users/symless/repos",
        "events_url": "https://api.github.com/users/symless/events{/privacy}",
        "received_events_url": "https://api.github.com/users/symless/received_events",
        "type": "Organization",
        "site_admin": false
      },
      "html_url": "https://github.com/symless/synergy-android-cyanogen",
      "description": "Synergy client for Android (requires Cyanogen mod)",
      "fork": false,
      "url": "https://api.github.com/repos/symless/synergy-android-cyanogen",
      "forks_url": "https://api.github.com/repos/symless/synergy-android-cyanogen/forks",
      "keys_url": "https://api.github.com/repos/symless/synergy-android-cyanogen/keys{/key_id}",
      "collaborators_url": "https://api.github.com/repos/symless/synergy-android-cyanogen/collaborators{/collaborator}",
      "teams_url": "https://api.github.com/repos/symless/synergy-android-cyanogen/teams",
      "hooks_url": "https://api.github.com/repos/symless/synergy-android-cyanogen/hooks",
      "issue_events_url": "https://api.github.com/repos/symless/synergy-android-cyanogen/issues/events{/number}",
      "events_url": "https://api.github.com/repos/symless/synergy-android-cyanogen/events",
      "assignees_url": "https://api.github.com/repos/symless/synergy-android-cyanogen/assignees{/user}",
      "branches_url": "https://api.github.com/repos/symless/synergy-android-cyanogen/branches{/branch}",
      "tags_url": "https://api.github.com/repos/symless/synergy-android-cyanogen/tags",
      "blobs_url": "https://api.github.com/repos/symless/synergy-android-cyanogen/git/blobs{/sha}",
      "git_tags_url": "https://api.github.com/repos/symless/synergy-android-cyanogen/git/tags{/sha}",
      "git_refs_url": "https://api.github.com/repos/symless/synergy-android-cyanogen/git/refs{/sha}",
      "trees_url": "https://api.github.com/repos/symless/synergy-android-cyanogen/git/trees{/sha}",
      "statuses_url": "https://api.github.com/repos/symless/synergy-android-cyanogen/statuses/{sha}",
      "languages_url": "https://api.github.com/repos/symless/synergy-android-cyanogen/languages",
      "stargazers_url": "https://api.github.com/repos/symless/synergy-android-cyanogen/stargazers",
      "contributors_url": "https://api.github.com/repos/symless/synergy-android-cyanogen/contributors",
      "subscribers_url": "https://api.github.com/repos/symless/synergy-android-cyanogen/subscribers",
      "subscription_url": "https://api.github.com/repos/symless/synergy-android-cyanogen/subscription",
      "commits_url": "https://api.github.com/repos/symless/synergy-android-cyanogen/commits{/sha}",
      "git_commits_url": "https://api.github.com/repos/symless/synergy-android-cyanogen/git/commits{/sha}",
      "comments_url": "https://api.github.com/repos/symless/synergy-android-cyanogen/comments{/number}",
      "issue_comment_url": "https://api.github.com/repos/symless/synergy-android-cyanogen/issues/comments{/number}",
      "contents_url": "https://api.github.com/repos/symless/synergy-android-cyanogen/contents/{+path}",
      "compare_url": "https://api.github.com/repos/symless/synergy-android-cyanogen/compare/{base}...{head}",
      "merges_url": "https://api.github.com/repos/symless/synergy-android-cyanogen/merges",
      "archive_url": "https://api.github.com/repos/symless/synergy-android-cyanogen/{archive_format}{/ref}",
      "downloads_url": "https://api.github.com/repos/symless/synergy-android-cyanogen/downloads",
      "issues_url": "https://api.github.com/repos/symless/synergy-android-cyanogen/issues{/number}",
      "pulls_url": "https://api.github.com/repos/symless/synergy-android-cyanogen/pulls{/number}",
      "milestones_url": "https://api.github.com/repos/symless/synergy-android-cyanogen/milestones{/number}",
      "notifications_url": "https://api.github.com/repos/symless/synergy-android-cyanogen/notifications{?since,all,participating}",
      "labels_url": "https://api.github.com/repos/symless/synergy-android-cyanogen/labels{/name}",
      "releases_url": "https://api.github.com/repos/symless/synergy-android-cyanogen/releases{/id}",
      "deployments_url": "https://api.github.com/repos/symless/synergy-android-cyanogen/deployments",
      "created_at": "2014-10-23T07:31:49Z",
      "updated_at": "2018-11-23T18:37:00Z",
      "pushed_at": "2018-04-01T04:36:05Z",
      "git_url": "git://github.com/symless/synergy-android-cyanogen.git",
      "ssh_url": "git@github.com:symless/synergy-android-cyanogen.git",
      "clone_url": "https://github.com/symless/synergy-android-cyanogen.git",
      "svn_url": "https://github.com/symless/synergy-android-cyanogen",
      "homepage": "",
      "size": 191,
      "stargazers_count": 100,
      "watchers_count": 100,
      "language": "Java",
      "has_issues": true,
      "has_projects": true,
      "has_downloads": true,
      "has_wiki": true,
      "has_pages": false,
      "forks_count": 40,
      "mirror_url": null,
      "archived": false,
      "open_issues_count": 9,
      "license": {
        "key": "gpl-2.0",
        "name": "GNU General Public License v2.0",
        "spdx_id": "GPL-2.0",
        "url": "https://api.github.com/licenses/gpl-2.0",
        "node_id": "MDc6TGljZW5zZTg="
      },
      "forks": 40,
      "open_issues": 9,
      "watchers": 100,
      "default_branch": "master",
      "score": 32.18142
    },
    {
      "id": 38970624,
      "node_id": "MDEwOlJlcG9zaXRvcnkzODk3MDYyNA==",
      "name": "ADBWIFI",
      "full_name": "layerlre/ADBWIFI",
      "private": false,
      "owner": {
        "login": "layerlre",
        "id": 5457378,
        "node_id": "MDQ6VXNlcjU0NTczNzg=",
        "avatar_url": "https://avatars1.githubusercontent.com/u/5457378?v=4",
        "gravatar_id": "",
        "url": "https://api.github.com/users/layerlre",
        "html_url": "https://github.com/layerlre",
        "followers_url": "https://api.github.com/users/layerlre/followers",
        "following_url": "https://api.github.com/users/layerlre/following{/other_user}",
        "gists_url": "https://api.github.com/users/layerlre/gists{/gist_id}",
        "starred_url": "https://api.github.com/users/layerlre/starred{/owner}{/repo}",
        "subscriptions_url": "https://api.github.com/users/layerlre/subscriptions",
        "organizations_url": "https://api.github.com/users/layerlre/orgs",
        "repos_url": "https://api.github.com/users/layerlre/repos",
        "events_url": "https://api.github.com/users/layerlre/events{/privacy}",
        "received_events_url": "https://api.github.com/users/layerlre/received_events",
        "type": "User",
        "site_admin": false
      },
      "html_url": "https://github.com/layerlre/ADBWIFI",
      "description": "This repo is being deprecated. // ADBWIFI Android Studio plugin for debug android app over Wi-Fi.",
      "fork": false,
      "url": "https://api.github.com/repos/layerlre/ADBWIFI",
      "forks_url": "https://api.github.com/repos/layerlre/ADBWIFI/forks",
      "keys_url": "https://api.github.com/repos/layerlre/ADBWIFI/keys{/key_id}",
      "collaborators_url": "https://api.github.com/repos/layerlre/ADBWIFI/collaborators{/collaborator}",
      "teams_url": "https://api.github.com/repos/layerlre/ADBWIFI/teams",
      "hooks_url": "https://api.github.com/repos/layerlre/ADBWIFI/hooks",
      "issue_events_url": "https://api.github.com/repos/layerlre/ADBWIFI/issues/events{/number}",
      "events_url": "https://api.github.com/repos/layerlre/ADBWIFI/events",
      "assignees_url": "https://api.github.com/repos/layerlre/ADBWIFI/assignees{/user}",
      "branches_url": "https://api.github.com/repos/layerlre/ADBWIFI/branches{/branch}",
      "tags_url": "https://api.github.com/repos/layerlre/ADBWIFI/tags",
      "blobs_url": "https://api.github.com/repos/layerlre/ADBWIFI/git/blobs{/sha}",
      "git_tags_url": "https://api.github.com/repos/layerlre/ADBWIFI/git/tags{/sha}",
      "git_refs_url": "https://api.github.com/repos/layerlre/ADBWIFI/git/refs{/sha}",
      "trees_url": "https://api.github.com/repos/layerlre/ADBWIFI/git/trees{/sha}",
      "statuses_url": "https://api.github.com/repos/layerlre/ADBWIFI/statuses/{sha}",
      "languages_url": "https://api.github.com/repos/layerlre/ADBWIFI/languages",
      "stargazers_url": "https://api.github.com/repos/layerlre/ADBWIFI/stargazers",
      "contributors_url": "https://api.github.com/repos/layerlre/ADBWIFI/contributors",
      "subscribers_url": "https://api.github.com/repos/layerlre/ADBWIFI/subscribers",
      "subscription_url": "https://api.github.com/repos/layerlre/ADBWIFI/subscription",
      "commits_url": "https://api.github.com/repos/layerlre/ADBWIFI/commits{/sha}",
      "git_commits_url": "https://api.github.com/repos/layerlre/ADBWIFI/git/commits{/sha}",
      "comments_url": "https://api.github.com/repos/layerlre/ADBWIFI/comments{/number}",
      "issue_comment_url": "https://api.github.com/repos/layerlre/ADBWIFI/issues/comments{/number}",
      "contents_url": "https://api.github.com/repos/layerlre/ADBWIFI/contents/{+path}",
      "compare_url": "https://api.github.com/repos/layerlre/ADBWIFI/compare/{base}...{head}",
      "merges_url": "https://api.github.com/repos/layerlre/ADBWIFI/merges",
      "archive_url": "https://api.github.com/repos/layerlre/ADBWIFI/{archive_format}{/ref}",
      "downloads_url": "https://api.github.com/repos/layerlre/ADBWIFI/downloads",
      "issues_url": "https://api.github.com/repos/layerlre/ADBWIFI/issues{/number}",
      "pulls_url": "https://api.github.com/repos/layerlre/ADBWIFI/pulls{/number}",
      "milestones_url": "https://api.github.com/repos/layerlre/ADBWIFI/milestones{/number}",
      "notifications_url": "https://api.github.com/repos/layerlre/ADBWIFI/notifications{?since,all,participating}",
      "labels_url": "https://api.github.com/repos/layerlre/ADBWIFI/labels{/name}",
      "releases_url": "https://api.github.com/repos/layerlre/ADBWIFI/releases{/id}",
      "deployments_url": "https://api.github.com/repos/layerlre/ADBWIFI/deployments",
      "created_at": "2015-07-12T17:21:37Z",
      "updated_at": "2018-11-29T07:06:04Z",
      "pushed_at": "2018-04-04T08:31:24Z",
      "git_url": "git://github.com/layerlre/ADBWIFI.git",
      "ssh_url": "git@github.com:layerlre/ADBWIFI.git",
      "clone_url": "https://github.com/layerlre/ADBWIFI.git",
      "svn_url": "https://github.com/layerlre/ADBWIFI",
      "homepage": "https://plugins.jetbrains.com/plugin/7856?pr=idea",
      "size": 1302,
      "stargazers_count": 268,
      "watchers_count": 268,
      "language": "Java",
      "has_issues": true,
      "has_projects": true,
      "has_downloads": true,
      "has_wiki": true,
      "has_pages": false,
      "forks_count": 48,
      "mirror_url": null,
      "archived": false,
      "open_issues_count": 6,
      "license": {
        "key": "apache-2.0",
        "name": "Apache License 2.0",
        "spdx_id": "Apache-2.0",
        "url": "https://api.github.com/licenses/apache-2.0",
        "node_id": "MDc6TGljZW5zZTI="
      },
      "forks": 48,
      "open_issues": 6,
      "watchers": 268,
      "default_branch": "master",
      "score": 30.444307
    },
    {
      "id": 63879105,
      "node_id": "MDEwOlJlcG9zaXRvcnk2Mzg3OTEwNQ==",
      "name": "react-native-audio-streaming",
      "full_name": "tlenclos/react-native-audio-streaming",
      "private": false,
      "owner": {
        "login": "tlenclos",
        "id": 686101,
        "node_id": "MDQ6VXNlcjY4NjEwMQ==",
        "avatar_url": "https://avatars3.githubusercontent.com/u/686101?v=4",
        "gravatar_id": "",
        "url": "https://api.github.com/users/tlenclos",
        "html_url": "https://github.com/tlenclos",
        "followers_url": "https://api.github.com/users/tlenclos/followers",
        "following_url": "https://api.github.com/users/tlenclos/following{/other_user}",
        "gists_url": "https://api.github.com/users/tlenclos/gists{/gist_id}",
        "starred_url": "https://api.github.com/users/tlenclos/starred{/owner}{/repo}",
        "subscriptions_url": "https://api.github.com/users/tlenclos/subscriptions",
        "organizations_url": "https://api.github.com/users/tlenclos/orgs",
        "repos_url": "https://api.github.com/users/tlenclos/repos",
        "events_url": "https://api.github.com/users/tlenclos/events{/privacy}",
        "received_events_url": "https://api.github.com/users/tlenclos/received_events",
        "type": "User",
        "site_admin": false
      },
      "html_url": "https://github.com/tlenclos/react-native-audio-streaming",
      "description": "iOS & Android react native module to play an audio stream, with background support and media controls",
      "fork": false,
      "url": "https://api.github.com/repos/tlenclos/react-native-audio-streaming",
      "forks_url": "https://api.github.com/repos/tlenclos/react-native-audio-streaming/forks",
      "keys_url": "https://api.github.com/repos/tlenclos/react-native-audio-streaming/keys{/key_id}",
      "collaborators_url": "https://api.github.com/repos/tlenclos/react-native-audio-streaming/collaborators{/collaborator}",
      "teams_url": "https://api.github.com/repos/tlenclos/react-native-audio-streaming/teams",
      "hooks_url": "https://api.github.com/repos/tlenclos/react-native-audio-streaming/hooks",
      "issue_events_url": "https://api.github.com/repos/tlenclos/react-native-audio-streaming/issues/events{/number}",
      "events_url": "https://api.github.com/repos/tlenclos/react-native-audio-streaming/events",
      "assignees_url": "https://api.github.com/repos/tlenclos/react-native-audio-streaming/assignees{/user}",
      "branches_url": "https://api.github.com/repos/tlenclos/react-native-audio-streaming/branches{/branch}",
      "tags_url": "https://api.github.com/repos/tlenclos/react-native-audio-streaming/tags",
      "blobs_url": "https://api.github.com/repos/tlenclos/react-native-audio-streaming/git/blobs{/sha}",
      "git_tags_url": "https://api.github.com/repos/tlenclos/react-native-audio-streaming/git/tags{/sha}",
      "git_refs_url": "https://api.github.com/repos/tlenclos/react-native-audio-streaming/git/refs{/sha}",
      "trees_url": "https://api.github.com/repos/tlenclos/react-native-audio-streaming/git/trees{/sha}",
      "statuses_url": "https://api.github.com/repos/tlenclos/react-native-audio-streaming/statuses/{sha}",
      "languages_url": "https://api.github.com/repos/tlenclos/react-native-audio-streaming/languages",
      "stargazers_url": "https://api.github.com/repos/tlenclos/react-native-audio-streaming/stargazers",
      "contributors_url": "https://api.github.com/repos/tlenclos/react-native-audio-streaming/contributors",
      "subscribers_url": "https://api.github.com/repos/tlenclos/react-native-audio-streaming/subscribers",
      "subscription_url": "https://api.github.com/repos/tlenclos/react-native-audio-streaming/subscription",
      "commits_url": "https://api.github.com/repos/tlenclos/react-native-audio-streaming/commits{/sha}",
      "git_commits_url": "https://api.github.com/repos/tlenclos/react-native-audio-streaming/git/commits{/sha}",
      "comments_url": "https://api.github.com/repos/tlenclos/react-native-audio-streaming/comments{/number}",
      "issue_comment_url": "https://api.github.com/repos/tlenclos/react-native-audio-streaming/issues/comments{/number}",
      "contents_url": "https://api.github.com/repos/tlenclos/react-native-audio-streaming/contents/{+path}",
      "compare_url": "https://api.github.com/repos/tlenclos/react-native-audio-streaming/compare/{base}...{head}",
      "merges_url": "https://api.github.com/repos/tlenclos/react-native-audio-streaming/merges",
      "archive_url": "https://api.github.com/repos/tlenclos/react-native-audio-streaming/{archive_format}{/ref}",
      "downloads_url": "https://api.github.com/repos/tlenclos/react-native-audio-streaming/downloads",
      "issues_url": "https://api.github.com/repos/tlenclos/react-native-audio-streaming/issues{/number}",
      "pulls_url": "https://api.github.com/repos/tlenclos/react-native-audio-streaming/pulls{/number}",
      "milestones_url": "https://api.github.com/repos/tlenclos/react-native-audio-streaming/milestones{/number}",
      "notifications_url": "https://api.github.com/repos/tlenclos/react-native-audio-streaming/notifications{?since,all,participating}",
      "labels_url": "https://api.github.com/repos/tlenclos/react-native-audio-streaming/labels{/name}",
      "releases_url": "https://api.github.com/repos/tlenclos/react-native-audio-streaming/releases{/id}",
      "deployments_url": "https://api.github.com/repos/tlenclos/react-native-audio-streaming/deployments",
      "created_at": "2016-07-21T15:03:41Z",
      "updated_at": "2018-11-29T07:08:38Z",
      "pushed_at": "2018-04-05T08:19:52Z",
      "git_url": "git://github.com/tlenclos/react-native-audio-streaming.git",
      "ssh_url": "git@github.com:tlenclos/react-native-audio-streaming.git",
      "clone_url": "https://github.com/tlenclos/react-native-audio-streaming.git",
      "svn_url": "https://github.com/tlenclos/react-native-audio-streaming",
      "homepage": "",
      "size": 4490,
      "stargazers_count": 683,
      "watchers_count": 683,
      "language": "Java",
      "has_issues": true,
      "has_projects": true,
      "has_downloads": true,
      "has_wiki": true,
      "has_pages": false,
      "forks_count": 232,
      "mirror_url": null,
      "archived": false,
      "open_issues_count": 81,
      "license": {
        "key": "mit",
        "name": "MIT License",
        "spdx_id": "MIT",
        "url": "https://api.github.com/licenses/mit",
        "node_id": "MDc6TGljZW5zZTEz"
      },
      "forks": 232,
      "open_issues": 81,
      "watchers": 683,
      "default_branch": "master",
      "score": 26.727543
    },
    {
      "id": 56495384,
      "node_id": "MDEwOlJlcG9zaXRvcnk1NjQ5NTM4NA==",
      "name": "Gank",
      "full_name": "JohnnyShieh/Gank",
      "private": false,
      "owner": {
        "login": "JohnnyShieh",
        "id": 6244398,
        "node_id": "MDQ6VXNlcjYyNDQzOTg=",
        "avatar_url": "https://avatars3.githubusercontent.com/u/6244398?v=4",
        "gravatar_id": "",
        "url": "https://api.github.com/users/JohnnyShieh",
        "html_url": "https://github.com/JohnnyShieh",
        "followers_url": "https://api.github.com/users/JohnnyShieh/followers",
        "following_url": "https://api.github.com/users/JohnnyShieh/following{/other_user}",
        "gists_url": "https://api.github.com/users/JohnnyShieh/gists{/gist_id}",
        "starred_url": "https://api.github.com/users/JohnnyShieh/starred{/owner}{/repo}",
        "subscriptions_url": "https://api.github.com/users/JohnnyShieh/subscriptions",
        "organizations_url": "https://api.github.com/users/JohnnyShieh/orgs",
        "repos_url": "https://api.github.com/users/JohnnyShieh/repos",
        "events_url": "https://api.github.com/users/JohnnyShieh/events{/privacy}",
        "received_events_url": "https://api.github.com/users/JohnnyShieh/received_events",
        "type": "User",
        "site_admin": false
      },
      "html_url": "https://github.com/JohnnyShieh/Gank",
      "description": "干货集中营 app 的两种实现：android 版和 kotlin 版，基于 RxFlux 架构使用了 RxJava、Retrofit、Glide、Dagger 2等",
      "fork": false,
      "url": "https://api.github.com/repos/JohnnyShieh/Gank",
      "forks_url": "https://api.github.com/repos/JohnnyShieh/Gank/forks",
      "keys_url": "https://api.github.com/repos/JohnnyShieh/Gank/keys{/key_id}",
      "collaborators_url": "https://api.github.com/repos/JohnnyShieh/Gank/collaborators{/collaborator}",
      "teams_url": "https://api.github.com/repos/JohnnyShieh/Gank/teams",
      "hooks_url": "https://api.github.com/repos/JohnnyShieh/Gank/hooks",
      "issue_events_url": "https://api.github.com/repos/JohnnyShieh/Gank/issues/events{/number}",
      "events_url": "https://api.github.com/repos/JohnnyShieh/Gank/events",
      "assignees_url": "https://api.github.com/repos/JohnnyShieh/Gank/assignees{/user}",
      "branches_url": "https://api.github.com/repos/JohnnyShieh/Gank/branches{/branch}",
      "tags_url": "https://api.github.com/repos/JohnnyShieh/Gank/tags",
      "blobs_url": "https://api.github.com/repos/JohnnyShieh/Gank/git/blobs{/sha}",
      "git_tags_url": "https://api.github.com/repos/JohnnyShieh/Gank/git/tags{/sha}",
      "git_refs_url": "https://api.github.com/repos/JohnnyShieh/Gank/git/refs{/sha}",
      "trees_url": "https://api.github.com/repos/JohnnyShieh/Gank/git/trees{/sha}",
      "statuses_url": "https://api.github.com/repos/JohnnyShieh/Gank/statuses/{sha}",
      "languages_url": "https://api.github.com/repos/JohnnyShieh/Gank/languages",
      "stargazers_url": "https://api.github.com/repos/JohnnyShieh/Gank/stargazers",
      "contributors_url": "https://api.github.com/repos/JohnnyShieh/Gank/contributors",
      "subscribers_url": "https://api.github.com/repos/JohnnyShieh/Gank/subscribers",
      "subscription_url": "https://api.github.com/repos/JohnnyShieh/Gank/subscription",
      "commits_url": "https://api.github.com/repos/JohnnyShieh/Gank/commits{/sha}",
      "git_commits_url": "https://api.github.com/repos/JohnnyShieh/Gank/git/commits{/sha}",
      "comments_url": "https://api.github.com/repos/JohnnyShieh/Gank/comments{/number}",
      "issue_comment_url": "https://api.github.com/repos/JohnnyShieh/Gank/issues/comments{/number}",
      "contents_url": "https://api.github.com/repos/JohnnyShieh/Gank/contents/{+path}",
      "compare_url": "https://api.github.com/repos/JohnnyShieh/Gank/compare/{base}...{head}",
      "merges_url": "https://api.github.com/repos/JohnnyShieh/Gank/merges",
      "archive_url": "https://api.github.com/repos/JohnnyShieh/Gank/{archive_format}{/ref}",
      "downloads_url": "https://api.github.com/repos/JohnnyShieh/Gank/downloads",
      "issues_url": "https://api.github.com/repos/JohnnyShieh/Gank/issues{/number}",
      "pulls_url": "https://api.github.com/repos/JohnnyShieh/Gank/pulls{/number}",
      "milestones_url": "https://api.github.com/repos/JohnnyShieh/Gank/milestones{/number}",
      "notifications_url": "https://api.github.com/repos/JohnnyShieh/Gank/notifications{?since,all,participating}",
      "labels_url": "https://api.github.com/repos/JohnnyShieh/Gank/labels{/name}",
      "releases_url": "https://api.github.com/repos/JohnnyShieh/Gank/releases{/id}",
      "deployments_url": "https://api.github.com/repos/JohnnyShieh/Gank/deployments",
      "created_at": "2016-04-18T09:37:04Z",
      "updated_at": "2018-11-29T07:34:10Z",
      "pushed_at": "2018-04-02T09:10:05Z",
      "git_url": "git://github.com/JohnnyShieh/Gank.git",
      "ssh_url": "git@github.com:JohnnyShieh/Gank.git",
      "clone_url": "https://github.com/JohnnyShieh/Gank.git",
      "svn_url": "https://github.com/JohnnyShieh/Gank",
      "homepage": "",
      "size": 6237,
      "stargazers_count": 383,
      "watchers_count": 383,
      "language": "Java",
      "has_issues": true,
      "has_projects": true,
      "has_downloads": true,
      "has_wiki": true,
      "has_pages": false,
      "forks_count": 71,
      "mirror_url": null,
      "archived": false,
      "open_issues_count": 0,
      "license": {
        "key": "apache-2.0",
        "name": "Apache License 2.0",
        "spdx_id": "Apache-2.0",
        "url": "https://api.github.com/licenses/apache-2.0",
        "node_id": "MDc6TGljZW5zZTI="
      },
      "forks": 71,
      "open_issues": 0,
      "watchers": 383,
      "default_branch": "master",
      "score": 25.035513
    },
    {
      "id": 125779321,
      "node_id": "MDEwOlJlcG9zaXRvcnkxMjU3NzkzMjE=",
      "name": "rings",
      "full_name": "lalongooo/rings",
      "private": false,
      "owner": {
        "login": "lalongooo",
        "id": 1671260,
        "node_id": "MDQ6VXNlcjE2NzEyNjA=",
        "avatar_url": "https://avatars3.githubusercontent.com/u/1671260?v=4",
        "gravatar_id": "",
        "url": "https://api.github.com/users/lalongooo",
        "html_url": "https://github.com/lalongooo",
        "followers_url": "https://api.github.com/users/lalongooo/followers",
        "following_url": "https://api.github.com/users/lalongooo/following{/other_user}",
        "gists_url": "https://api.github.com/users/lalongooo/gists{/gist_id}",
        "starred_url": "https://api.github.com/users/lalongooo/starred{/owner}{/repo}",
        "subscriptions_url": "https://api.github.com/users/lalongooo/subscriptions",
        "organizations_url": "https://api.github.com/users/lalongooo/orgs",
        "repos_url": "https://api.github.com/users/lalongooo/repos",
        "events_url": "https://api.github.com/users/lalongooo/events{/privacy}",
        "received_events_url": "https://api.github.com/users/lalongooo/received_events",
        "type": "User",
        "site_admin": false
      },
      "html_url": "https://github.com/lalongooo/rings",
      "description": "A simple chart for Android with three indicators and one more to indicate overall summary. They get highlighted if you click on the ring or text.",
      "fork": false,
      "url": "https://api.github.com/repos/lalongooo/rings",
      "forks_url": "https://api.github.com/repos/lalongooo/rings/forks",
      "keys_url": "https://api.github.com/repos/lalongooo/rings/keys{/key_id}",
      "collaborators_url": "https://api.github.com/repos/lalongooo/rings/collaborators{/collaborator}",
      "teams_url": "https://api.github.com/repos/lalongooo/rings/teams",
      "hooks_url": "https://api.github.com/repos/lalongooo/rings/hooks",
      "issue_events_url": "https://api.github.com/repos/lalongooo/rings/issues/events{/number}",
      "events_url": "https://api.github.com/repos/lalongooo/rings/events",
      "assignees_url": "https://api.github.com/repos/lalongooo/rings/assignees{/user}",
      "branches_url": "https://api.github.com/repos/lalongooo/rings/branches{/branch}",
      "tags_url": "https://api.github.com/repos/lalongooo/rings/tags",
      "blobs_url": "https://api.github.com/repos/lalongooo/rings/git/blobs{/sha}",
      "git_tags_url": "https://api.github.com/repos/lalongooo/rings/git/tags{/sha}",
      "git_refs_url": "https://api.github.com/repos/lalongooo/rings/git/refs{/sha}",
      "trees_url": "https://api.github.com/repos/lalongooo/rings/git/trees{/sha}",
      "statuses_url": "https://api.github.com/repos/lalongooo/rings/statuses/{sha}",
      "languages_url": "https://api.github.com/repos/lalongooo/rings/languages",
      "stargazers_url": "https://api.github.com/repos/lalongooo/rings/stargazers",
      "contributors_url": "https://api.github.com/repos/lalongooo/rings/contributors",
      "subscribers_url": "https://api.github.com/repos/lalongooo/rings/subscribers",
      "subscription_url": "https://api.github.com/repos/lalongooo/rings/subscription",
      "commits_url": "https://api.github.com/repos/lalongooo/rings/commits{/sha}",
      "git_commits_url": "https://api.github.com/repos/lalongooo/rings/git/commits{/sha}",
      "comments_url": "https://api.github.com/repos/lalongooo/rings/comments{/number}",
      "issue_comment_url": "https://api.github.com/repos/lalongooo/rings/issues/comments{/number}",
      "contents_url": "https://api.github.com/repos/lalongooo/rings/contents/{+path}",
      "compare_url": "https://api.github.com/repos/lalongooo/rings/compare/{base}...{head}",
      "merges_url": "https://api.github.com/repos/lalongooo/rings/merges",
      "archive_url": "https://api.github.com/repos/lalongooo/rings/{archive_format}{/ref}",
      "downloads_url": "https://api.github.com/repos/lalongooo/rings/downloads",
      "issues_url": "https://api.github.com/repos/lalongooo/rings/issues{/number}",
      "pulls_url": "https://api.github.com/repos/lalongooo/rings/pulls{/number}",
      "milestones_url": "https://api.github.com/repos/lalongooo/rings/milestones{/number}",
      "notifications_url": "https://api.github.com/repos/lalongooo/rings/notifications{?since,all,participating}",
      "labels_url": "https://api.github.com/repos/lalongooo/rings/labels{/name}",
      "releases_url": "https://api.github.com/repos/lalongooo/rings/releases{/id}",
      "deployments_url": "https://api.github.com/repos/lalongooo/rings/deployments",
      "created_at": "2018-03-19T00:04:40Z",
      "updated_at": "2018-11-21T13:53:45Z",
      "pushed_at": "2018-04-02T14:18:45Z",
      "git_url": "git://github.com/lalongooo/rings.git",
      "ssh_url": "git@github.com:lalongooo/rings.git",
      "clone_url": "https://github.com/lalongooo/rings.git",
      "svn_url": "https://github.com/lalongooo/rings",
      "homepage": "",
      "size": 3068,
      "stargazers_count": 138,
      "watchers_count": 138,
      "language": "Java",
      "has_issues": true,
      "has_projects": true,
      "has_downloads": true,
      "has_wiki": true,
      "has_pages": false,
      "forks_count": 13,
      "mirror_url": null,
      "archived": false,
      "open_issues_count": 1,
      "license": {
        "key": "apache-2.0",
        "name": "Apache License 2.0",
        "spdx_id": "Apache-2.0",
        "url": "https://api.github.com/licenses/apache-2.0",
        "node_id": "MDc6TGljZW5zZTI="
      },
      "forks": 13,
      "open_issues": 1,
      "watchers": 138,
      "default_branch": "master",
      "score": 23.81282
    },
    {
      "id": 46666699,
      "node_id": "MDEwOlJlcG9zaXRvcnk0NjY2NjY5OQ==",
      "name": "StickHeaderLayout",
      "full_name": "w446108264/StickHeaderLayout",
      "private": false,
      "owner": {
        "login": "w446108264",
        "id": 7957492,
        "node_id": "MDQ6VXNlcjc5NTc0OTI=",
        "avatar_url": "https://avatars3.githubusercontent.com/u/7957492?v=4",
        "gravatar_id": "",
        "url": "https://api.github.com/users/w446108264",
        "html_url": "https://github.com/w446108264",
        "followers_url": "https://api.github.com/users/w446108264/followers",
        "following_url": "https://api.github.com/users/w446108264/following{/other_user}",
        "gists_url": "https://api.github.com/users/w446108264/gists{/gist_id}",
        "starred_url": "https://api.github.com/users/w446108264/starred{/owner}{/repo}",
        "subscriptions_url": "https://api.github.com/users/w446108264/subscriptions",
        "organizations_url": "https://api.github.com/users/w446108264/orgs",
        "repos_url": "https://api.github.com/users/w446108264/repos",
        "events_url": "https://api.github.com/users/w446108264/events{/privacy}",
        "received_events_url": "https://api.github.com/users/w446108264/received_events",
        "type": "User",
        "site_admin": false
      },
      "html_url": "https://github.com/w446108264/StickHeaderLayout",
      "description": "An Android library supports sticking the navigator on the top when ItemView scrolls.",
      "fork": false,
      "url": "https://api.github.com/repos/w446108264/StickHeaderLayout",
      "forks_url": "https://api.github.com/repos/w446108264/StickHeaderLayout/forks",
      "keys_url": "https://api.github.com/repos/w446108264/StickHeaderLayout/keys{/key_id}",
      "collaborators_url": "https://api.github.com/repos/w446108264/StickHeaderLayout/collaborators{/collaborator}",
      "teams_url": "https://api.github.com/repos/w446108264/StickHeaderLayout/teams",
      "hooks_url": "https://api.github.com/repos/w446108264/StickHeaderLayout/hooks",
      "issue_events_url": "https://api.github.com/repos/w446108264/StickHeaderLayout/issues/events{/number}",
      "events_url": "https://api.github.com/repos/w446108264/StickHeaderLayout/events",
      "assignees_url": "https://api.github.com/repos/w446108264/StickHeaderLayout/assignees{/user}",
      "branches_url": "https://api.github.com/repos/w446108264/StickHeaderLayout/branches{/branch}",
      "tags_url": "https://api.github.com/repos/w446108264/StickHeaderLayout/tags",
      "blobs_url": "https://api.github.com/repos/w446108264/StickHeaderLayout/git/blobs{/sha}",
      "git_tags_url": "https://api.github.com/repos/w446108264/StickHeaderLayout/git/tags{/sha}",
      "git_refs_url": "https://api.github.com/repos/w446108264/StickHeaderLayout/git/refs{/sha}",
      "trees_url": "https://api.github.com/repos/w446108264/StickHeaderLayout/git/trees{/sha}",
      "statuses_url": "https://api.github.com/repos/w446108264/StickHeaderLayout/statuses/{sha}",
      "languages_url": "https://api.github.com/repos/w446108264/StickHeaderLayout/languages",
      "stargazers_url": "https://api.github.com/repos/w446108264/StickHeaderLayout/stargazers",
      "contributors_url": "https://api.github.com/repos/w446108264/StickHeaderLayout/contributors",
      "subscribers_url": "https://api.github.com/repos/w446108264/StickHeaderLayout/subscribers",
      "subscription_url": "https://api.github.com/repos/w446108264/StickHeaderLayout/subscription",
      "commits_url": "https://api.github.com/repos/w446108264/StickHeaderLayout/commits{/sha}",
      "git_commits_url": "https://api.github.com/repos/w446108264/StickHeaderLayout/git/commits{/sha}",
      "comments_url": "https://api.github.com/repos/w446108264/StickHeaderLayout/comments{/number}",
      "issue_comment_url": "https://api.github.com/repos/w446108264/StickHeaderLayout/issues/comments{/number}",
      "contents_url": "https://api.github.com/repos/w446108264/StickHeaderLayout/contents/{+path}",
      "compare_url": "https://api.github.com/repos/w446108264/StickHeaderLayout/compare/{base}...{head}",
      "merges_url": "https://api.github.com/repos/w446108264/StickHeaderLayout/merges",
      "archive_url": "https://api.github.com/repos/w446108264/StickHeaderLayout/{archive_format}{/ref}",
      "downloads_url": "https://api.github.com/repos/w446108264/StickHeaderLayout/downloads",
      "issues_url": "https://api.github.com/repos/w446108264/StickHeaderLayout/issues{/number}",
      "pulls_url": "https://api.github.com/repos/w446108264/StickHeaderLayout/pulls{/number}",
      "milestones_url": "https://api.github.com/repos/w446108264/StickHeaderLayout/milestones{/number}",
      "notifications_url": "https://api.github.com/repos/w446108264/StickHeaderLayout/notifications{?since,all,participating}",
      "labels_url": "https://api.github.com/repos/w446108264/StickHeaderLayout/labels{/name}",
      "releases_url": "https://api.github.com/repos/w446108264/StickHeaderLayout/releases{/id}",
      "deployments_url": "https://api.github.com/repos/w446108264/StickHeaderLayout/deployments",
      "created_at": "2015-11-22T15:34:41Z",
      "updated_at": "2018-11-28T08:36:03Z",
      "pushed_at": "2018-04-01T05:49:58Z",
      "git_url": "git://github.com/w446108264/StickHeaderLayout.git",
      "ssh_url": "git@github.com:w446108264/StickHeaderLayout.git",
      "clone_url": "https://github.com/w446108264/StickHeaderLayout.git",
      "svn_url": "https://github.com/w446108264/StickHeaderLayout",
      "homepage": "",
      "size": 8341,
      "stargazers_count": 128,
      "watchers_count": 128,
      "language": "Java",
      "has_issues": true,
      "has_projects": true,
      "has_downloads": true,
      "has_wiki": true,
      "has_pages": false,
      "forks_count": 37,
      "mirror_url": null,
      "archived": false,
      "open_issues_count": 7,
      "license": {
        "key": "apache-2.0",
        "name": "Apache License 2.0",
        "spdx_id": "Apache-2.0",
        "url": "https://api.github.com/licenses/apache-2.0",
        "node_id": "MDc6TGljZW5zZTI="
      },
      "forks": 37,
      "open_issues": 7,
      "watchers": 128,
      "default_branch": "master",
      "score": 19.254644
    },
    {
      "id": 58495638,
      "node_id": "MDEwOlJlcG9zaXRvcnk1ODQ5NTYzOA==",
      "name": "BeerProgressView",
      "full_name": "andyb129/BeerProgressView",
      "private": false,
      "owner": {
        "login": "andyb129",
        "id": 766531,
        "node_id": "MDQ6VXNlcjc2NjUzMQ==",
        "avatar_url": "https://avatars2.githubusercontent.com/u/766531?v=4",
        "gravatar_id": "",
        "url": "https://api.github.com/users/andyb129",
        "html_url": "https://github.com/andyb129",
        "followers_url": "https://api.github.com/users/andyb129/followers",
        "following_url": "https://api.github.com/users/andyb129/following{/other_user}",
        "gists_url": "https://api.github.com/users/andyb129/gists{/gist_id}",
        "starred_url": "https://api.github.com/users/andyb129/starred{/owner}{/repo}",
        "subscriptions_url": "https://api.github.com/users/andyb129/subscriptions",
        "organizations_url": "https://api.github.com/users/andyb129/orgs",
        "repos_url": "https://api.github.com/users/andyb129/repos",
        "events_url": "https://api.github.com/users/andyb129/events{/privacy}",
        "received_events_url": "https://api.github.com/users/andyb129/received_events",
        "type": "User",
        "site_admin": false
      },
      "html_url": "https://github.com/andyb129/BeerProgressView",
      "description": "A library that lets you create a beer styled progress view with bubbles and all! (hic).",
      "fork": false,
      "url": "https://api.github.com/repos/andyb129/BeerProgressView",
      "forks_url": "https://api.github.com/repos/andyb129/BeerProgressView/forks",
      "keys_url": "https://api.github.com/repos/andyb129/BeerProgressView/keys{/key_id}",
      "collaborators_url": "https://api.github.com/repos/andyb129/BeerProgressView/collaborators{/collaborator}",
      "teams_url": "https://api.github.com/repos/andyb129/BeerProgressView/teams",
      "hooks_url": "https://api.github.com/repos/andyb129/BeerProgressView/hooks",
      "issue_events_url": "https://api.github.com/repos/andyb129/BeerProgressView/issues/events{/number}",
      "events_url": "https://api.github.com/repos/andyb129/BeerProgressView/events",
      "assignees_url": "https://api.github.com/repos/andyb129/BeerProgressView/assignees{/user}",
      "branches_url": "https://api.github.com/repos/andyb129/BeerProgressView/branches{/branch}",
      "tags_url": "https://api.github.com/repos/andyb129/BeerProgressView/tags",
      "blobs_url": "https://api.github.com/repos/andyb129/BeerProgressView/git/blobs{/sha}",
      "git_tags_url": "https://api.github.com/repos/andyb129/BeerProgressView/git/tags{/sha}",
      "git_refs_url": "https://api.github.com/repos/andyb129/BeerProgressView/git/refs{/sha}",
      "trees_url": "https://api.github.com/repos/andyb129/BeerProgressView/git/trees{/sha}",
      "statuses_url": "https://api.github.com/repos/andyb129/BeerProgressView/statuses/{sha}",
      "languages_url": "https://api.github.com/repos/andyb129/BeerProgressView/languages",
      "stargazers_url": "https://api.github.com/repos/andyb129/BeerProgressView/stargazers",
      "contributors_url": "https://api.github.com/repos/andyb129/BeerProgressView/contributors",
      "subscribers_url": "https://api.github.com/repos/andyb129/BeerProgressView/subscribers",
      "subscription_url": "https://api.github.com/repos/andyb129/BeerProgressView/subscription",
      "commits_url": "https://api.github.com/repos/andyb129/BeerProgressView/commits{/sha}",
      "git_commits_url": "https://api.github.com/repos/andyb129/BeerProgressView/git/commits{/sha}",
      "comments_url": "https://api.github.com/repos/andyb129/BeerProgressView/comments{/number}",
      "issue_comment_url": "https://api.github.com/repos/andyb129/BeerProgressView/issues/comments{/number}",
      "contents_url": "https://api.github.com/repos/andyb129/BeerProgressView/contents/{+path}",
      "compare_url": "https://api.github.com/repos/andyb129/BeerProgressView/compare/{base}...{head}",
      "merges_url": "https://api.github.com/repos/andyb129/BeerProgressView/merges",
      "archive_url": "https://api.github.com/repos/andyb129/BeerProgressView/{archive_format}{/ref}",
      "downloads_url": "https://api.github.com/repos/andyb129/BeerProgressView/downloads",
      "issues_url": "https://api.github.com/repos/andyb129/BeerProgressView/issues{/number}",
      "pulls_url": "https://api.github.com/repos/andyb129/BeerProgressView/pulls{/number}",
      "milestones_url": "https://api.github.com/repos/andyb129/BeerProgressView/milestones{/number}",
      "notifications_url": "https://api.github.com/repos/andyb129/BeerProgressView/notifications{?since,all,participating}",
      "labels_url": "https://api.github.com/repos/andyb129/BeerProgressView/labels{/name}",
      "releases_url": "https://api.github.com/repos/andyb129/BeerProgressView/releases{/id}",
      "deployments_url": "https://api.github.com/repos/andyb129/BeerProgressView/deployments",
      "created_at": "2016-05-10T21:47:54Z",
      "updated_at": "2018-11-06T17:53:55Z",
      "pushed_at": "2018-04-03T08:57:17Z",
      "git_url": "git://github.com/andyb129/BeerProgressView.git",
      "ssh_url": "git@github.com:andyb129/BeerProgressView.git",
      "clone_url": "https://github.com/andyb129/BeerProgressView.git",
      "svn_url": "https://github.com/andyb129/BeerProgressView",
      "homepage": null,
      "size": 3339,
      "stargazers_count": 210,
      "watchers_count": 210,
      "language": "Java",
      "has_issues": true,
      "has_projects": true,
      "has_downloads": true,
      "has_wiki": true,
      "has_pages": false,
      "forks_count": 34,
      "mirror_url": null,
      "archived": false,
      "open_issues_count": 2,
      "license": null,
      "forks": 34,
      "open_issues": 2,
      "watchers": 210,
      "default_branch": "master",
      "score": 18.748327
    }
  ]
}
