{
  "total_count": 14,
  "incomplete_results": false,
  "items": [
    {
      "id": 21113349,
      "node_id": "MDEwOlJlcG9zaXRvcnkyMTExMzM0OQ==",
      "name": "AndroidViewAnimations",
      "full_name": "daimajia/AndroidViewAnimations",
      "private": false,
      "owner": {
        "login": "daimajia",
        "id": 2503423,
        "node_id": "MDQ6VXNlcjI1MDM0MjM=",
        "avatar_url": "https://avatars1.githubusercontent.com/u/2503423?v=4",
        "gravatar_id": "",
        "url": "https://api.github.com/users/daimajia",
        "html_url": "https://github.com/daimajia",
        "followers_url": "https://api.github.com/users/daimajia/followers",
        "following_url": "https://api.github.com/users/daimajia/following{/other_user}",
        "gists_url": "https://api.github.com/users/daimajia/gists{/gist_id}",
        "starred_url": "https://api.github.com/users/daimajia/starred{/owner}{/repo}",
        "subscriptions_url": "https://api.github.com/users/daimajia/subscriptions",
        "organizations_url": "https://api.github.com/users/daimajia/orgs",
        "repos_url": "https://api.github.com/users/daimajia/repos",
        "events_url": "https://api.github.com/users/daimajia/events{/privacy}",
        "received_events_url": "https://api.github.com/users/daimajia/received_events",
        "type": "User",
        "site_admin": false
      },
      "html_url": "https://github.com/daimajia/AndroidViewAnimations",
      "description": "Cute view animation collection.",
      "fork": false,
      "url": "https://api.github.com/repos/daimajia/AndroidViewAnimations",
      "forks_url": "https://api.github.com/repos/daimajia/AndroidViewAnimations/forks",
      "keys_url": "https://api.github.com/repos/daimajia/AndroidViewAnimations/keys{/key_id}",
      "collaborators_url": "https://api.github.com/repos/daimajia/AndroidViewAnimations/collaborators{/collaborator}",
      "teams_url": "https://api.github.com/repos/daimajia/AndroidViewAnimations/teams",
      "hooks_url": "https://api.github.com/repos/daimajia/AndroidViewAnimations/hooks",
      "issue_events_url": "https://api.github.com/repos/daimajia/AndroidViewAnimations/issues/events{/number}",
      "events_url": "https://api.github.com/repos/daimajia/AndroidViewAnimations/events",
      "assignees_url": "https://api.github.com/repos/daimajia/AndroidViewAnimations/assignees{/user}",
      "branches_url": "https://api.github.com/repos/daimajia/AndroidViewAnimations/branches{/branch}",
      "tags_url": "https://api.github.com/repos/daimajia/AndroidViewAnimations/tags",
      "blobs_url": "https://api.github.com/repos/daimajia/AndroidViewAnimations/git/blobs{/sha}",
      "git_tags_url": "https://api.github.com/repos/daimajia/AndroidViewAnimations/git/tags{/sha}",
      "git_refs_url": "https://api.github.com/repos/daimajia/AndroidViewAnimations/git/refs{/sha}",
      "trees_url": "https://api.github.com/repos/daimajia/AndroidViewAnimations/git/trees{/sha}",
      "statuses_url": "https://api.github.com/repos/daimajia/AndroidViewAnimations/statuses/{sha}",
      "languages_url": "https://api.github.com/repos/daimajia/AndroidViewAnimations/languages",
      "stargazers_url": "https://api.github.com/repos/daimajia/AndroidViewAnimations/stargazers",
      "contributors_url": "https://api.github.com/repos/daimajia/AndroidViewAnimations/contributors",
      "subscribers_url": "https://api.github.com/repos/daimajia/AndroidViewAnimations/subscribers",
      "subscription_url": "https://api.github.com/repos/daimajia/AndroidViewAnimations/subscription",
      "commits_url": "https://api.github.com/repos/daimajia/AndroidViewAnimations/commits{/sha}",
      "git_commits_url": "https://api.github.com/repos/daimajia/AndroidViewAnimations/git/commits{/sha}",
      "comments_url": "https://api.github.com/repos/daimajia/AndroidViewAnimations/comments{/number}",
      "issue_comment_url": "https://api.github.com/repos/daimajia/AndroidViewAnimations/issues/comments{/number}",
      "contents_url": "https://api.github.com/repos/daimajia/AndroidViewAnimations/contents/{+path}",
      "compare_url": "https://api.github.com/repos/daimajia/AndroidViewAnimations/compare/{base}...{head}",
      "merges_url": "https://api.github.com/repos/daimajia/AndroidViewAnimations/merges",
      "archive_url": "https://api.github.com/repos/daimajia/AndroidViewAnimations/{archive_format}{/ref}",
      "downloads_url": "https://api.github.com/repos/daimajia/AndroidViewAnimations/downloads",
      "issues_url": "https://api.github.com/repos/daimajia/AndroidViewAnimations/issues{/number}",
      "pulls_url": "https://api.github.com/repos/daimajia/AndroidViewAnimations/pulls{/number}",
      "milestones_url": "https://api.github.com/repos/daimajia/AndroidViewAnimations/milestones{/number}",
      "notifications_url": "https://api.github.com/repos/daimajia/AndroidViewAnimations/notifications{?since,all,participating}",
      "labels_url": "https://api.github.com/repos/daimajia/AndroidViewAnimations/labels{/name}",
      "releases_url": "https://api.github.com/repos/daimajia/AndroidViewAnimations/releases{/id}",
      "deployments_url": "https://api.github.com/repos/daimajia/AndroidViewAnimations/deployments",
      "created_at": "2014-06-23T03:53:13Z",
      "updated_at": "2018-11-29T15:55:47Z",
      "pushed_at": "2018-04-27T10:04:08Z",
      "git_url": "git://github.com/daimajia/AndroidViewAnimations.git",
      "ssh_url": "git@github.com:daimajia/AndroidViewAnimations.git",
      "clone_url": "https://github.com/daimajia/AndroidViewAnimations.git",
      "svn_url": "https://github.com/daimajia/AndroidViewAnimations",
      "homepage": "",
      "size": 288,
      "stargazers_count": 10068,
      "watchers_count": 10068,
      "language": "Java",
      "has_issues": true,
      "has_projects": true,
      "has_downloads": true,
      "has_wiki": true,
      "has_pages": false,
      "forks_count": 2170,
      "mirror_url": null,
      "archived": false,
      "open_issues_count": 46,
      "license": {
        "key": "mit",
        "name": "MIT License",
        "spdx_id": "MIT",
        "url": "https://api.github.com/licenses/mit",
        "node_id": "MDc6TGljZW5zZTEz"
      },
      "forks": 2170,
      "open_issues": 46,
      "watchers": 10068,
      "default_branch": "master",
      "score": 74.15306
    },
    {
      "id": 45106382,
      "node_id": "MDEwOlJlcG9zaXRvcnk0NTEwNjM4Mg==",
      "name": "xUtils3",
      "full_name": "wyouflf/xUtils3",
      "private": false,
      "owner": {
        "login": "wyouflf",
        "id": 2654372,
        "node_id": "MDQ6VXNlcjI2NTQzNzI=",
        "avatar_url": "https://avatars1.githubusercontent.com/u/2654372?v=4",
        "gravatar_id": "",
        "url": "https://api.github.com/users/wyouflf",
        "html_url": "https://github.com/wyouflf",
        "followers_url": "https://api.github.com/users/wyouflf/followers",
        "following_url": "https://api.github.com/users/wyouflf/following{/other_user}",
        "gists_url": "https://api.github.com/users/wyouflf/gists{/gist_id}",
        "starred_url": "https://api.github.com/users/wyouflf/starred{/owner}{/repo}",
        "subscriptions_url": "https://api.github.com/users/wyouflf/subscriptions",
        "organizations_url": "https://api.github.com/users/wyouflf/orgs",
        "repos_url": "https://api.github.com/users/wyouflf/repos",
        "events_url": "https://api.github.com/users/wyouflf/events{/privacy}",
        "received_events_url": "https://api.github.com/users/wyouflf/received_events",
        "type": "User",
        "site_admin": false
      },
      "html_url": "https://github.com/wyouflf/xUtils3",
      "description": "android orm, bitmap, http, view inject... ",
      "fork": false,
      "url": "https://api.github.com/repos/wyouflf/xUtils3",
      "forks_url": "https://api.github.com/repos/wyouflf/xUtils3/forks",
      "keys_url": "https://api.github.com/repos/wyouflf/xUtils3/keys{/key_id}",
      "collaborators_url": "https://api.github.com/repos/wyouflf/xUtils3/collaborators{/collaborator}",
      "teams_url": "https://api.github.com/repos/wyouflf/xUtils3/teams",
      "hooks_url": "https://api.github.com/repos/wyouflf/xUtils3/hooks",
      "issue_events_url": "https://api.github.com/repos/wyouflf/xUtils3/issues/events{/number}",
      "events_url": "https://api.github.com/repos/wyouflf/xUtils3/events",
      "assignees_url": "https://api.github.com/repos/wyouflf/xUtils3/assignees{/user}",
      "branches_url": "https://api.github.com/repos/wyouflf/xUtils3/branches{/branch}",
      "tags_url": "https://api.github.com/repos/wyouflf/xUtils3/tags",
      "blobs_url": "https://api.github.com/repos/wyouflf/xUtils3/git/blobs{/sha}",
      "git_tags_url": "https://api.github.com/repos/wyouflf/xUtils3/git/tags{/sha}",
      "git_refs_url": "https://api.github.com/repos/wyouflf/xUtils3/git/refs{/sha}",
      "trees_url": "https://api.github.com/repos/wyouflf/xUtils3/git/trees{/sha}",
      "statuses_url": "https://api.github.com/repos/wyouflf/xUtils3/statuses/{sha}",
      "languages_url": "https://api.github.com/repos/wyouflf/xUtils3/languages",
      "stargazers_url": "https://api.github.com/repos/wyouflf/xUtils3/stargazers",
      "contributors_url": "https://api.github.com/repos/wyouflf/xUtils3/contributors",
      "subscribers_url": "https://api.github.com/repos/wyouflf/xUtils3/subscribers",
      "subscription_url": "https://api.github.com/repos/wyouflf/xUtils3/subscription",
      "commits_url": "https://api.github.com/repos/wyouflf/xUtils3/commits{/sha}",
      "git_commits_url": "https://api.github.com/repos/wyouflf/xUtils3/git/commits{/sha}",
      "comments_url": "https://api.github.com/repos/wyouflf/xUtils3/comments{/number}",
      "issue_comment_url": "https://api.github.com/repos/wyouflf/xUtils3/issues/comments{/number}",
      "contents_url": "https://api.github.com/repos/wyouflf/xUtils3/contents/{+path}",
      "compare_url": "https://api.github.com/repos/wyouflf/xUtils3/compare/{base}...{head}",
      "merges_url": "https://api.github.com/repos/wyouflf/xUtils3/merges",
      "archive_url": "https://api.github.com/repos/wyouflf/xUtils3/{archive_format}{/ref}",
      "downloads_url": "https://api.github.com/repos/wyouflf/xUtils3/downloads",
      "issues_url": "https://api.github.com/repos/wyouflf/xUtils3/issues{/number}",
      "pulls_url": "https://api.github.com/repos/wyouflf/xUtils3/pulls{/number}",
      "milestones_url": "https://api.github.com/repos/wyouflf/xUtils3/milestones{/number}",
      "notifications_url": "https://api.github.com/repos/wyouflf/xUtils3/notifications{?since,all,participating}",
      "labels_url": "https://api.github.com/repos/wyouflf/xUtils3/labels{/name}",
      "releases_url": "https://api.github.com/repos/wyouflf/xUtils3/releases{/id}",
      "deployments_url": "https://api.github.com/repos/wyouflf/xUtils3/deployments",
      "created_at": "2015-10-28T10:56:04Z",
      "updated_at": "2018-11-29T03:55:09Z",
      "pushed_at": "2018-04-27T10:36:22Z",
      "git_url": "git://github.com/wyouflf/xUtils3.git",
      "ssh_url": "git@github.com:wyouflf/xUtils3.git",
      "clone_url": "https://github.com/wyouflf/xUtils3.git",
      "svn_url": "https://github.com/wyouflf/xUtils3",
      "homepage": "",
      "size": 8733,
      "stargazers_count": 5181,
      "watchers_count": 5181,
      "language": "Java",
      "has_issues": true,
      "has_projects": true,
      "has_downloads": true,
      "has_wiki": true,
      "has_pages": false,
      "forks_count": 1932,
      "mirror_url": null,
      "archived": false,
      "open_issues_count": 449,
      "license": {
        "key": "other",
        "name": "Other",
        "spdx_id": "NOASSERTION",
        "url": null,
        "node_id": "MDc6TGljZW5zZTA="
      },
      "forks": 1932,
      "open_issues": 449,
      "watchers": 5181,
      "default_branch": "master",
      "score": 49.26087
    },
    {
      "id": 12984746,
      "node_id": "MDEwOlJlcG9zaXRvcnkxMjk4NDc0Ng==",
      "name": "cardslib",
      "full_name": "gabrielemariotti/cardslib",
      "private": false,
      "owner": {
        "login": "gabrielemariotti",
        "id": 2583078,
        "node_id": "MDQ6VXNlcjI1ODMwNzg=",
        "avatar_url": "https://avatars0.githubusercontent.com/u/2583078?v=4",
        "gravatar_id": "",
        "url": "https://api.github.com/users/gabrielemariotti",
        "html_url": "https://github.com/gabrielemariotti",
        "followers_url": "https://api.github.com/users/gabrielemariotti/followers",
        "following_url": "https://api.github.com/users/gabrielemariotti/following{/other_user}",
        "gists_url": "https://api.github.com/users/gabrielemariotti/gists{/gist_id}",
        "starred_url": "https://api.github.com/users/gabrielemariotti/starred{/owner}{/repo}",
        "subscriptions_url": "https://api.github.com/users/gabrielemariotti/subscriptions",
        "organizations_url": "https://api.github.com/users/gabrielemariotti/orgs",
        "repos_url": "https://api.github.com/users/gabrielemariotti/repos",
        "events_url": "https://api.github.com/users/gabrielemariotti/events{/privacy}",
        "received_events_url": "https://api.github.com/users/gabrielemariotti/received_events",
        "type": "User",
        "site_admin": false
      },
      "html_url": "https://github.com/gabrielemariotti/cardslib",
      "description": "Android Library to build a UI Card",
      "fork": false,
      "url": "https://api.github.com/repos/gabrielemariotti/cardslib",
      "forks_url": "https://api.github.com/repos/gabrielemariotti/cardslib/forks",
      "keys_url": "https://api.github.com/repos/gabrielemariotti/cardslib/keys{/key_id}",
      "collaborators_url": "https://api.github.com/repos/gabrielemariotti/cardslib/collaborators{/collaborator}",
      "teams_url": "https://api.github.com/repos/gabrielemariotti/cardslib/teams",
      "hooks_url": "https://api.github.com/repos/gabrielemariotti/cardslib/hooks",
      "issue_events_url": "https://api.github.com/repos/gabrielemariotti/cardslib/issues/events{/number}",
      "events_url": "https://api.github.com/repos/gabrielemariotti/cardslib/events",
      "assignees_url": "https://api.github.com/repos/gabrielemariotti/cardslib/assignees{/user}",
      "branches_url": "https://api.github.com/repos/gabrielemariotti/cardslib/branches{/branch}",
      "tags_url": "https://api.github.com/repos/gabrielemariotti/cardslib/tags",
      "blobs_url": "https://api.github.com/repos/gabrielemariotti/cardslib/git/blobs{/sha}",
      "git_tags_url": "https://api.github.com/repos/gabrielemariotti/cardslib/git/tags{/sha}",
      "git_refs_url": "https://api.github.com/repos/gabrielemariotti/cardslib/git/refs{/sha}",
      "trees_url": "https://api.github.com/repos/gabrielemariotti/cardslib/git/trees{/sha}",
      "statuses_url": "https://api.github.com/repos/gabrielemariotti/cardslib/statuses/{sha}",
      "languages_url": "https://api.github.com/repos/gabrielemariotti/cardslib/languages",
      "stargazers_url": "https://api.github.com/repos/gabrielemariotti/cardslib/stargazers",
      "contributors_url": "https://api.github.com/repos/gabrielemariotti/cardslib/contributors",
      "subscribers_url": "https://api.github.com/repos/gabrielemariotti/cardslib/subscribers",
      "subscription_url": "https://api.github.com/repos/gabrielemariotti/cardslib/subscription",
      "commits_url": "https://api.github.com/repos/gabrielemariotti/cardslib/commits{/sha}",
      "git_commits_url": "https://api.github.com/repos/gabrielemariotti/cardslib/git/commits{/sha}",
      "comments_url": "https://api.github.com/repos/gabrielemariotti/cardslib/comments{/number}",
      "issue_comment_url": "https://api.github.com/repos/gabrielemariotti/cardslib/issues/comments{/number}",
      "contents_url": "https://api.github.com/repos/gabrielemariotti/cardslib/contents/{+path}",
      "compare_url": "https://api.github.com/repos/gabrielemariotti/cardslib/compare/{base}...{head}",
      "merges_url": "https://api.github.com/repos/gabrielemariotti/cardslib/merges",
      "archive_url": "https://api.github.com/repos/gabrielemariotti/cardslib/{archive_format}{/ref}",
      "downloads_url": "https://api.github.com/repos/gabrielemariotti/cardslib/downloads",
      "issues_url": "https://api.github.com/repos/gabrielemariotti/cardslib/issues{/number}",
      "pulls_url": "https://api.github.com/repos/gabrielemariotti/cardslib/pulls{/number}",
      "milestones_url": "https://api.github.com/repos/gabrielemariotti/cardslib/milestones{/number}",
      "notifications_url": "https://api.github.com/repos/gabrielemariotti/cardslib/notifications{?since,all,participating}",
      "labels_url": "https://api.github.com/repos/gabrielemariotti/cardslib/labels{/name}",
      "releases_url": "https://api.github.com/repos/gabrielemariotti/cardslib/releases{/id}",
      "deployments_url": "https://api.github.com/repos/gabrielemariotti/cardslib/deployments",
      "created_at": "2013-09-20T21:57:19Z",
      "updated_at": "2018-11-25T14:14:49Z",
      "pushed_at": "2018-04-28T15:39:41Z",
      "git_url": "git://github.com/gabrielemariotti/cardslib.git",
      "ssh_url": "git@github.com:gabrielemariotti/cardslib.git",
      "clone_url": "https://github.com/gabrielemariotti/cardslib.git",
      "svn_url": "https://github.com/gabrielemariotti/cardslib",
      "homepage": null,
      "size": 30628,
      "stargazers_count": 4780,
      "watchers_count": 4780,
      "language": "Java",
      "has_issues": true,
      "has_projects": true,
      "has_downloads": true,
      "has_wiki": false,
      "has_pages": false,
      "forks_count": 1295,
      "mirror_url": null,
      "archived": false,
      "open_issues_count": 190,
      "license": null,
      "forks": 1295,
      "open_issues": 190,
      "watchers": 4780,
      "default_branch": "master",
      "score": 47.70697
    },
    {
      "id": 22452459,
      "node_id": "MDEwOlJlcG9zaXRvcnkyMjQ1MjQ1OQ==",
      "name": "android-fit",
      "full_name": "googlesamples/android-fit",
      "private": false,
      "owner": {
        "login": "googlesamples",
        "id": 7378196,
        "node_id": "MDEyOk9yZ2FuaXphdGlvbjczNzgxOTY=",
        "avatar_url": "https://avatars3.githubusercontent.com/u/7378196?v=4",
        "gravatar_id": "",
        "url": "https://api.github.com/users/googlesamples",
        "html_url": "https://github.com/googlesamples",
        "followers_url": "https://api.github.com/users/googlesamples/followers",
        "following_url": "https://api.github.com/users/googlesamples/following{/other_user}",
        "gists_url": "https://api.github.com/users/googlesamples/gists{/gist_id}",
        "starred_url": "https://api.github.com/users/googlesamples/starred{/owner}{/repo}",
        "subscriptions_url": "https://api.github.com/users/googlesamples/subscriptions",
        "organizations_url": "https://api.github.com/users/googlesamples/orgs",
        "repos_url": "https://api.github.com/users/googlesamples/repos",
        "events_url": "https://api.github.com/users/googlesamples/events{/privacy}",
        "received_events_url": "https://api.github.com/users/googlesamples/received_events",
        "type": "Organization",
        "site_admin": false
      },
      "html_url": "https://github.com/googlesamples/android-fit",
      "description": null,
      "fork": false,
      "url": "https://api.github.com/repos/googlesamples/android-fit",
      "forks_url": "https://api.github.com/repos/googlesamples/android-fit/forks",
      "keys_url": "https://api.github.com/repos/googlesamples/android-fit/keys{/key_id}",
      "collaborators_url": "https://api.github.com/repos/googlesamples/android-fit/collaborators{/collaborator}",
      "teams_url": "https://api.github.com/repos/googlesamples/android-fit/teams",
      "hooks_url": "https://api.github.com/repos/googlesamples/android-fit/hooks",
      "issue_events_url": "https://api.github.com/repos/googlesamples/android-fit/issues/events{/number}",
      "events_url": "https://api.github.com/repos/googlesamples/android-fit/events",
      "assignees_url": "https://api.github.com/repos/googlesamples/android-fit/assignees{/user}",
      "branches_url": "https://api.github.com/repos/googlesamples/android-fit/branches{/branch}",
      "tags_url": "https://api.github.com/repos/googlesamples/android-fit/tags",
      "blobs_url": "https://api.github.com/repos/googlesamples/android-fit/git/blobs{/sha}",
      "git_tags_url": "https://api.github.com/repos/googlesamples/android-fit/git/tags{/sha}",
      "git_refs_url": "https://api.github.com/repos/googlesamples/android-fit/git/refs{/sha}",
      "trees_url": "https://api.github.com/repos/googlesamples/android-fit/git/trees{/sha}",
      "statuses_url": "https://api.github.com/repos/googlesamples/android-fit/statuses/{sha}",
      "languages_url": "https://api.github.com/repos/googlesamples/android-fit/languages",
      "stargazers_url": "https://api.github.com/repos/googlesamples/android-fit/stargazers",
      "contributors_url": "https://api.github.com/repos/googlesamples/android-fit/contributors",
      "subscribers_url": "https://api.github.com/repos/googlesamples/android-fit/subscribers",
      "subscription_url": "https://api.github.com/repos/googlesamples/android-fit/subscription",
      "commits_url": "https://api.github.com/repos/googlesamples/android-fit/commits{/sha}",
      "git_commits_url": "https://api.github.com/repos/googlesamples/android-fit/git/commits{/sha}",
      "comments_url": "https://api.github.com/repos/googlesamples/android-fit/comments{/number}",
      "issue_comment_url": "https://api.github.com/repos/googlesamples/android-fit/issues/comments{/number}",
      "contents_url": "https://api.github.com/repos/googlesamples/android-fit/contents/{+path}",
      "compare_url": "https://api.github.com/repos/googlesamples/android-fit/compare/{base}...{head}",
      "merges_url": "https://api.github.com/repos/googlesamples/android-fit/merges",
      "archive_url": "https://api.github.com/repos/googlesamples/android-fit/{archive_format}{/ref}",
      "downloads_url": "https://api.github.com/repos/googlesamples/android-fit/downloads",
      "issues_url": "https://api.github.com/repos/googlesamples/android-fit/issues{/number}",
      "pulls_url": "https://api.github.com/repos/googlesamples/android-fit/pulls{/number}",
      "milestones_url": "https://api.github.com/repos/googlesamples/android-fit/milestones{/number}",
      "notifications_url": "https://api.github.com/repos/googlesamples/android-fit/notifications{?since,all,participating}",
      "labels_url": "https://api.github.com/repos/googlesamples/android-fit/labels{/name}",
      "releases_url": "https://api.github.com/repos/googlesamples/android-fit/releases{/id}",
      "deployments_url": "https://api.github.com/repos/googlesamples/android-fit/deployments",
      "created_at": "2014-07-31T02:02:17Z",
      "updated_at": "2018-11-14T14:53:45Z",
      "pushed_at": "2018-04-26T12:55:06Z",
      "git_url": "git://github.com/googlesamples/android-fit.git",
      "ssh_url": "git@github.com:googlesamples/android-fit.git",
      "clone_url": "https://github.com/googlesamples/android-fit.git",
      "svn_url": "https://github.com/googlesamples/android-fit",
      "homepage": null,
      "size": 501,
      "stargazers_count": 331,
      "watchers_count": 331,
      "language": "Java",
      "has_issues": true,
      "has_projects": true,
      "has_downloads": true,
      "has_wiki": true,
      "has_pages": false,
      "forks_count": 341,
      "mirror_url": null,
      "archived": false,
      "open_issues_count": 24,
      "license": null,
      "forks": 341,
      "open_issues": 24,
      "watchers": 331,
      "default_branch": "master",
      "score": 47.6676
    },
    {
      "id": 28638448,
      "node_id": "MDEwOlJlcG9zaXRvcnkyODYzODQ0OA==",
      "name": "android-material-design-icon-generator-plugin",
      "full_name": "konifar/android-material-design-icon-generator-plugin",
      "private": false,
      "owner": {
        "login": "konifar",
        "id": 1269214,
        "node_id": "MDQ6VXNlcjEyNjkyMTQ=",
        "avatar_url": "https://avatars3.githubusercontent.com/u/1269214?v=4",
        "gravatar_id": "",
        "url": "https://api.github.com/users/konifar",
        "html_url": "https://github.com/konifar",
        "followers_url": "https://api.github.com/users/konifar/followers",
        "following_url": "https://api.github.com/users/konifar/following{/other_user}",
        "gists_url": "https://api.github.com/users/konifar/gists{/gist_id}",
        "starred_url": "https://api.github.com/users/konifar/starred{/owner}{/repo}",
        "subscriptions_url": "https://api.github.com/users/konifar/subscriptions",
        "organizations_url": "https://api.github.com/users/konifar/orgs",
        "repos_url": "https://api.github.com/users/konifar/repos",
        "events_url": "https://api.github.com/users/konifar/events{/privacy}",
        "received_events_url": "https://api.github.com/users/konifar/received_events",
        "type": "User",
        "site_admin": false
      },
      "html_url": "https://github.com/konifar/android-material-design-icon-generator-plugin",
      "description": "This plugin help you to set material design icon to your project.",
      "fork": false,
      "url": "https://api.github.com/repos/konifar/android-material-design-icon-generator-plugin",
      "forks_url": "https://api.github.com/repos/konifar/android-material-design-icon-generator-plugin/forks",
      "keys_url": "https://api.github.com/repos/konifar/android-material-design-icon-generator-plugin/keys{/key_id}",
      "collaborators_url": "https://api.github.com/repos/konifar/android-material-design-icon-generator-plugin/collaborators{/collaborator}",
      "teams_url": "https://api.github.com/repos/konifar/android-material-design-icon-generator-plugin/teams",
      "hooks_url": "https://api.github.com/repos/konifar/android-material-design-icon-generator-plugin/hooks",
      "issue_events_url": "https://api.github.com/repos/konifar/android-material-design-icon-generator-plugin/issues/events{/number}",
      "events_url": "https://api.github.com/repos/konifar/android-material-design-icon-generator-plugin/events",
      "assignees_url": "https://api.github.com/repos/konifar/android-material-design-icon-generator-plugin/assignees{/user}",
      "branches_url": "https://api.github.com/repos/konifar/android-material-design-icon-generator-plugin/branches{/branch}",
      "tags_url": "https://api.github.com/repos/konifar/android-material-design-icon-generator-plugin/tags",
      "blobs_url": "https://api.github.com/repos/konifar/android-material-design-icon-generator-plugin/git/blobs{/sha}",
      "git_tags_url": "https://api.github.com/repos/konifar/android-material-design-icon-generator-plugin/git/tags{/sha}",
      "git_refs_url": "https://api.github.com/repos/konifar/android-material-design-icon-generator-plugin/git/refs{/sha}",
      "trees_url": "https://api.github.com/repos/konifar/android-material-design-icon-generator-plugin/git/trees{/sha}",
      "statuses_url": "https://api.github.com/repos/konifar/android-material-design-icon-generator-plugin/statuses/{sha}",
      "languages_url": "https://api.github.com/repos/konifar/android-material-design-icon-generator-plugin/languages",
      "stargazers_url": "https://api.github.com/repos/konifar/android-material-design-icon-generator-plugin/stargazers",
      "contributors_url": "https://api.github.com/repos/konifar/android-material-design-icon-generator-plugin/contributors",
      "subscribers_url": "https://api.github.com/repos/konifar/android-material-design-icon-generator-plugin/subscribers",
      "subscription_url": "https://api.github.com/repos/konifar/android-material-design-icon-generator-plugin/subscription",
      "commits_url": "https://api.github.com/repos/konifar/android-material-design-icon-generator-plugin/commits{/sha}",
      "git_commits_url": "https://api.github.com/repos/konifar/android-material-design-icon-generator-plugin/git/commits{/sha}",
      "comments_url": "https://api.github.com/repos/konifar/android-material-design-icon-generator-plugin/comments{/number}",
      "issue_comment_url": "https://api.github.com/repos/konifar/android-material-design-icon-generator-plugin/issues/comments{/number}",
      "contents_url": "https://api.github.com/repos/konifar/android-material-design-icon-generator-plugin/contents/{+path}",
      "compare_url": "https://api.github.com/repos/konifar/android-material-design-icon-generator-plugin/compare/{base}...{head}",
      "merges_url": "https://api.github.com/repos/konifar/android-material-design-icon-generator-plugin/merges",
      "archive_url": "https://api.github.com/repos/konifar/android-material-design-icon-generator-plugin/{archive_format}{/ref}",
      "downloads_url": "https://api.github.com/repos/konifar/android-material-design-icon-generator-plugin/downloads",
      "issues_url": "https://api.github.com/repos/konifar/android-material-design-icon-generator-plugin/issues{/number}",
      "pulls_url": "https://api.github.com/repos/konifar/android-material-design-icon-generator-plugin/pulls{/number}",
      "milestones_url": "https://api.github.com/repos/konifar/android-material-design-icon-generator-plugin/milestones{/number}",
      "notifications_url": "https://api.github.com/repos/konifar/android-material-design-icon-generator-plugin/notifications{?since,all,participating}",
      "labels_url": "https://api.github.com/repos/konifar/android-material-design-icon-generator-plugin/labels{/name}",
      "releases_url": "https://api.github.com/repos/konifar/android-material-design-icon-generator-plugin/releases{/id}",
      "deployments_url": "https://api.github.com/repos/konifar/android-material-design-icon-generator-plugin/deployments",
      "created_at": "2014-12-30T17:01:03Z",
      "updated_at": "2018-11-29T18:31:54Z",
      "pushed_at": "2018-04-28T03:26:15Z",
      "git_url": "git://github.com/konifar/android-material-design-icon-generator-plugin.git",
      "ssh_url": "git@github.com:konifar/android-material-design-icon-generator-plugin.git",
      "clone_url": "https://github.com/konifar/android-material-design-icon-generator-plugin.git",
      "svn_url": "https://github.com/konifar/android-material-design-icon-generator-plugin",
      "homepage": null,
      "size": 177675,
      "stargazers_count": 2316,
      "watchers_count": 2316,
      "language": "Java",
      "has_issues": true,
      "has_projects": true,
      "has_downloads": true,
      "has_wiki": true,
      "has_pages": false,
      "forks_count": 232,
      "mirror_url": null,
      "archived": false,
      "open_issues_count": 13,
      "license": {
        "key": "apache-2.0",
        "name": "Apache License 2.0",
        "spdx_id": "Apache-2.0",
        "url": "https://api.github.com/licenses/apache-2.0",
        "node_id": "MDc6TGljZW5zZTI="
      },
      "forks": 232,
      "open_issues": 13,
      "watchers": 2316,
      "default_branch": "master",
      "score": 42.396317
    },
    {
      "id": 23589522,
      "node_id": "MDEwOlJlcG9zaXRvcnkyMzU4OTUyMg==",
      "name": "android-MediaRecorder",
      "full_name": "googlesamples/android-MediaRecorder",
      "private": false,
      "owner": {
        "login": "googlesamples",
        "id": 7378196,
        "node_id": "MDEyOk9yZ2FuaXphdGlvbjczNzgxOTY=",
        "avatar_url": "https://avatars3.githubusercontent.com/u/7378196?v=4",
        "gravatar_id": "",
        "url": "https://api.github.com/users/googlesamples",
        "html_url": "https://github.com/googlesamples",
        "followers_url": "https://api.github.com/users/googlesamples/followers",
        "following_url": "https://api.github.com/users/googlesamples/following{/other_user}",
        "gists_url": "https://api.github.com/users/googlesamples/gists{/gist_id}",
        "starred_url": "https://api.github.com/users/googlesamples/starred{/owner}{/repo}",
        "subscriptions_url": "https://api.github.com/users/googlesamples/subscriptions",
        "organizations_url": "https://api.github.com/users/googlesamples/orgs",
        "repos_url": "https://api.github.com/users/googlesamples/repos",
        "events_url": "https://api.github.com/users/googlesamples/events{/privacy}",
        "received_events_url": "https://api.github.com/users/googlesamples/received_events",
        "type": "Organization",
        "site_admin": false
      },
      "html_url": "https://github.com/googlesamples/android-MediaRecorder",
      "description": null,
      "fork": false,
      "url": "https://api.github.com/repos/googlesamples/android-MediaRecorder",
      "forks_url": "https://api.github.com/repos/googlesamples/android-MediaRecorder/forks",
      "keys_url": "https://api.github.com/repos/googlesamples/android-MediaRecorder/keys{/key_id}",
      "collaborators_url": "https://api.github.com/repos/googlesamples/android-MediaRecorder/collaborators{/collaborator}",
      "teams_url": "https://api.github.com/repos/googlesamples/android-MediaRecorder/teams",
      "hooks_url": "https://api.github.com/repos/googlesamples/android-MediaRecorder/hooks",
      "issue_events_url": "https://api.github.com/repos/googlesamples/android-MediaRecorder/issues/events{/number}",
      "events_url": "https://api.github.com/repos/googlesamples/android-MediaRecorder/events",
      "assignees_url": "https://api.github.com/repos/googlesamples/android-MediaRecorder/assignees{/user}",
      "branches_url": "https://api.github.com/repos/googlesamples/android-MediaRecorder/branches{/branch}",
      "tags_url": "https://api.github.com/repos/googlesamples/android-MediaRecorder/tags",
      "blobs_url": "https://api.github.com/repos/googlesamples/android-MediaRecorder/git/blobs{/sha}",
      "git_tags_url": "https://api.github.com/repos/googlesamples/android-MediaRecorder/git/tags{/sha}",
      "git_refs_url": "https://api.github.com/repos/googlesamples/android-MediaRecorder/git/refs{/sha}",
      "trees_url": "https://api.github.com/repos/googlesamples/android-MediaRecorder/git/trees{/sha}",
      "statuses_url": "https://api.github.com/repos/googlesamples/android-MediaRecorder/statuses/{sha}",
      "languages_url": "https://api.github.com/repos/googlesamples/android-MediaRecorder/languages",
      "stargazers_url": "https://api.github.com/repos/googlesamples/android-MediaRecorder/stargazers",
      "contributors_url": "https://api.github.com/repos/googlesamples/android-MediaRecorder/contributors",
      "subscribers_url": "https://api.github.com/repos/googlesamples/android-MediaRecorder/subscribers",
      "subscription_url": "https://api.github.com/repos/googlesamples/android-MediaRecorder/subscription",
      "commits_url": "https://api.github.com/repos/googlesamples/android-MediaRecorder/commits{/sha}",
      "git_commits_url": "https://api.github.com/repos/googlesamples/android-MediaRecorder/git/commits{/sha}",
      "comments_url": "https://api.github.com/repos/googlesamples/android-MediaRecorder/comments{/number}",
      "issue_comment_url": "https://api.github.com/repos/googlesamples/android-MediaRecorder/issues/comments{/number}",
      "contents_url": "https://api.github.com/repos/googlesamples/android-MediaRecorder/contents/{+path}",
      "compare_url": "https://api.github.com/repos/googlesamples/android-MediaRecorder/compare/{base}...{head}",
      "merges_url": "https://api.github.com/repos/googlesamples/android-MediaRecorder/merges",
      "archive_url": "https://api.github.com/repos/googlesamples/android-MediaRecorder/{archive_format}{/ref}",
      "downloads_url": "https://api.github.com/repos/googlesamples/android-MediaRecorder/downloads",
      "issues_url": "https://api.github.com/repos/googlesamples/android-MediaRecorder/issues{/number}",
      "pulls_url": "https://api.github.com/repos/googlesamples/android-MediaRecorder/pulls{/number}",
      "milestones_url": "https://api.github.com/repos/googlesamples/android-MediaRecorder/milestones{/number}",
      "notifications_url": "https://api.github.com/repos/googlesamples/android-MediaRecorder/notifications{?since,all,participating}",
      "labels_url": "https://api.github.com/repos/googlesamples/android-MediaRecorder/labels{/name}",
      "releases_url": "https://api.github.com/repos/googlesamples/android-MediaRecorder/releases{/id}",
      "deployments_url": "https://api.github.com/repos/googlesamples/android-MediaRecorder/deployments",
      "created_at": "2014-09-02T18:01:14Z",
      "updated_at": "2018-11-29T00:13:28Z",
      "pushed_at": "2018-04-30T15:13:05Z",
      "git_url": "git://github.com/googlesamples/android-MediaRecorder.git",
      "ssh_url": "git@github.com:googlesamples/android-MediaRecorder.git",
      "clone_url": "https://github.com/googlesamples/android-MediaRecorder.git",
      "svn_url": "https://github.com/googlesamples/android-MediaRecorder",
      "homepage": null,
      "size": 982,
      "stargazers_count": 249,
      "watchers_count": 249,
      "language": "Java",
      "has_issues": true,
      "has_projects": true,
      "has_downloads": true,
      "has_wiki": true,
      "has_pages": false,
      "forks_count": 163,
      "mirror_url": null,
      "archived": false,
      "open_issues_count": 17,
      "license": {
        "key": "apache-2.0",
        "name": "Apache License 2.0",
        "spdx_id": "Apache-2.0",
        "url": "https://api.github.com/licenses/apache-2.0",
        "node_id": "MDc6TGljZW5zZTI="
      },
      "forks": 163,
      "open_issues": 17,
      "watchers": 249,
      "default_branch": "master",
      "score": 40.93895
    },
    {
      "id": 11196555,
      "node_id": "MDEwOlJlcG9zaXRvcnkxMTE5NjU1NQ==",
      "name": "api-android",
      "full_name": "mapsme/api-android",
      "private": false,
      "owner": {
        "login": "mapsme",
        "id": 14185141,
        "node_id": "MDEyOk9yZ2FuaXphdGlvbjE0MTg1MTQx",
        "avatar_url": "https://avatars1.githubusercontent.com/u/14185141?v=4",
        "gravatar_id": "",
        "url": "https://api.github.com/users/mapsme",
        "html_url": "https://github.com/mapsme",
        "followers_url": "https://api.github.com/users/mapsme/followers",
        "following_url": "https://api.github.com/users/mapsme/following{/other_user}",
        "gists_url": "https://api.github.com/users/mapsme/gists{/gist_id}",
        "starred_url": "https://api.github.com/users/mapsme/starred{/owner}{/repo}",
        "subscriptions_url": "https://api.github.com/users/mapsme/subscriptions",
        "organizations_url": "https://api.github.com/users/mapsme/orgs",
        "repos_url": "https://api.github.com/users/mapsme/repos",
        "events_url": "https://api.github.com/users/mapsme/events{/privacy}",
        "received_events_url": "https://api.github.com/users/mapsme/received_events",
        "type": "Organization",
        "site_admin": false
      },
      "html_url": "https://github.com/mapsme/api-android",
      "description": "Offline Maps API for Android",
      "fork": false,
      "url": "https://api.github.com/repos/mapsme/api-android",
      "forks_url": "https://api.github.com/repos/mapsme/api-android/forks",
      "keys_url": "https://api.github.com/repos/mapsme/api-android/keys{/key_id}",
      "collaborators_url": "https://api.github.com/repos/mapsme/api-android/collaborators{/collaborator}",
      "teams_url": "https://api.github.com/repos/mapsme/api-android/teams",
      "hooks_url": "https://api.github.com/repos/mapsme/api-android/hooks",
      "issue_events_url": "https://api.github.com/repos/mapsme/api-android/issues/events{/number}",
      "events_url": "https://api.github.com/repos/mapsme/api-android/events",
      "assignees_url": "https://api.github.com/repos/mapsme/api-android/assignees{/user}",
      "branches_url": "https://api.github.com/repos/mapsme/api-android/branches{/branch}",
      "tags_url": "https://api.github.com/repos/mapsme/api-android/tags",
      "blobs_url": "https://api.github.com/repos/mapsme/api-android/git/blobs{/sha}",
      "git_tags_url": "https://api.github.com/repos/mapsme/api-android/git/tags{/sha}",
      "git_refs_url": "https://api.github.com/repos/mapsme/api-android/git/refs{/sha}",
      "trees_url": "https://api.github.com/repos/mapsme/api-android/git/trees{/sha}",
      "statuses_url": "https://api.github.com/repos/mapsme/api-android/statuses/{sha}",
      "languages_url": "https://api.github.com/repos/mapsme/api-android/languages",
      "stargazers_url": "https://api.github.com/repos/mapsme/api-android/stargazers",
      "contributors_url": "https://api.github.com/repos/mapsme/api-android/contributors",
      "subscribers_url": "https://api.github.com/repos/mapsme/api-android/subscribers",
      "subscription_url": "https://api.github.com/repos/mapsme/api-android/subscription",
      "commits_url": "https://api.github.com/repos/mapsme/api-android/commits{/sha}",
      "git_commits_url": "https://api.github.com/repos/mapsme/api-android/git/commits{/sha}",
      "comments_url": "https://api.github.com/repos/mapsme/api-android/comments{/number}",
      "issue_comment_url": "https://api.github.com/repos/mapsme/api-android/issues/comments{/number}",
      "contents_url": "https://api.github.com/repos/mapsme/api-android/contents/{+path}",
      "compare_url": "https://api.github.com/repos/mapsme/api-android/compare/{base}...{head}",
      "merges_url": "https://api.github.com/repos/mapsme/api-android/merges",
      "archive_url": "https://api.github.com/repos/mapsme/api-android/{archive_format}{/ref}",
      "downloads_url": "https://api.github.com/repos/mapsme/api-android/downloads",
      "issues_url": "https://api.github.com/repos/mapsme/api-android/issues{/number}",
      "pulls_url": "https://api.github.com/repos/mapsme/api-android/pulls{/number}",
      "milestones_url": "https://api.github.com/repos/mapsme/api-android/milestones{/number}",
      "notifications_url": "https://api.github.com/repos/mapsme/api-android/notifications{?since,all,participating}",
      "labels_url": "https://api.github.com/repos/mapsme/api-android/labels{/name}",
      "releases_url": "https://api.github.com/repos/mapsme/api-android/releases{/id}",
      "deployments_url": "https://api.github.com/repos/mapsme/api-android/deployments",
      "created_at": "2013-07-05T09:48:25Z",
      "updated_at": "2018-10-18T08:33:43Z",
      "pushed_at": "2018-04-28T10:53:00Z",
      "git_url": "git://github.com/mapsme/api-android.git",
      "ssh_url": "git@github.com:mapsme/api-android.git",
      "clone_url": "https://github.com/mapsme/api-android.git",
      "svn_url": "https://github.com/mapsme/api-android",
      "homepage": null,
      "size": 365,
      "stargazers_count": 154,
      "watchers_count": 154,
      "language": "Java",
      "has_issues": true,
      "has_projects": true,
      "has_downloads": true,
      "has_wiki": true,
      "has_pages": false,
      "forks_count": 99,
      "mirror_url": null,
      "archived": false,
      "open_issues_count": 14,
      "license": null,
      "forks": 99,
      "open_issues": 14,
      "watchers": 154,
      "default_branch": "master",
      "score": 39.790485
    },
    {
      "id": 94000641,
      "node_id": "MDEwOlJlcG9zaXRvcnk5NDAwMDY0MQ==",
      "name": "mvp-android-arch-component",
      "full_name": "quangctkm9207/mvp-android-arch-component",
      "private": false,
      "owner": {
        "login": "quangctkm9207",
        "id": 5425265,
        "node_id": "MDQ6VXNlcjU0MjUyNjU=",
        "avatar_url": "https://avatars1.githubusercontent.com/u/5425265?v=4",
        "gravatar_id": "",
        "url": "https://api.github.com/users/quangctkm9207",
        "html_url": "https://github.com/quangctkm9207",
        "followers_url": "https://api.github.com/users/quangctkm9207/followers",
        "following_url": "https://api.github.com/users/quangctkm9207/following{/other_user}",
        "gists_url": "https://api.github.com/users/quangctkm9207/gists{/gist_id}",
        "starred_url": "https://api.github.com/users/quangctkm9207/starred{/owner}{/repo}",
        "subscriptions_url": "https://api.github.com/users/quangctkm9207/subscriptions",
        "organizations_url": "https://api.github.com/users/quangctkm9207/orgs",
        "repos_url": "https://api.github.com/users/quangctkm9207/repos",
        "events_url": "https://api.github.com/users/quangctkm9207/events{/privacy}",
        "received_events_url": "https://api.github.com/users/quangctkm9207/received_events",
        "type": "User",
        "site_admin": false
      },
      "html_url": "https://github.com/quangctkm9207/mvp-android-arch-component",
      "description": "Android MVP sample adapts with new Android architecture components (Lifecycle, Room).",
      "fork": false,
      "url": "https://api.github.com/repos/quangctkm9207/mvp-android-arch-component",
      "forks_url": "https://api.github.com/repos/quangctkm9207/mvp-android-arch-component/forks",
      "keys_url": "https://api.github.com/repos/quangctkm9207/mvp-android-arch-component/keys{/key_id}",
      "collaborators_url": "https://api.github.com/repos/quangctkm9207/mvp-android-arch-component/collaborators{/collaborator}",
      "teams_url": "https://api.github.com/repos/quangctkm9207/mvp-android-arch-component/teams",
      "hooks_url": "https://api.github.com/repos/quangctkm9207/mvp-android-arch-component/hooks",
      "issue_events_url": "https://api.github.com/repos/quangctkm9207/mvp-android-arch-component/issues/events{/number}",
      "events_url": "https://api.github.com/repos/quangctkm9207/mvp-android-arch-component/events",
      "assignees_url": "https://api.github.com/repos/quangctkm9207/mvp-android-arch-component/assignees{/user}",
      "branches_url": "https://api.github.com/repos/quangctkm9207/mvp-android-arch-component/branches{/branch}",
      "tags_url": "https://api.github.com/repos/quangctkm9207/mvp-android-arch-component/tags",
      "blobs_url": "https://api.github.com/repos/quangctkm9207/mvp-android-arch-component/git/blobs{/sha}",
      "git_tags_url": "https://api.github.com/repos/quangctkm9207/mvp-android-arch-component/git/tags{/sha}",
      "git_refs_url": "https://api.github.com/repos/quangctkm9207/mvp-android-arch-component/git/refs{/sha}",
      "trees_url": "https://api.github.com/repos/quangctkm9207/mvp-android-arch-component/git/trees{/sha}",
      "statuses_url": "https://api.github.com/repos/quangctkm9207/mvp-android-arch-component/statuses/{sha}",
      "languages_url": "https://api.github.com/repos/quangctkm9207/mvp-android-arch-component/languages",
      "stargazers_url": "https://api.github.com/repos/quangctkm9207/mvp-android-arch-component/stargazers",
      "contributors_url": "https://api.github.com/repos/quangctkm9207/mvp-android-arch-component/contributors",
      "subscribers_url": "https://api.github.com/repos/quangctkm9207/mvp-android-arch-component/subscribers",
      "subscription_url": "https://api.github.com/repos/quangctkm9207/mvp-android-arch-component/subscription",
      "commits_url": "https://api.github.com/repos/quangctkm9207/mvp-android-arch-component/commits{/sha}",
      "git_commits_url": "https://api.github.com/repos/quangctkm9207/mvp-android-arch-component/git/commits{/sha}",
      "comments_url": "https://api.github.com/repos/quangctkm9207/mvp-android-arch-component/comments{/number}",
      "issue_comment_url": "https://api.github.com/repos/quangctkm9207/mvp-android-arch-component/issues/comments{/number}",
      "contents_url": "https://api.github.com/repos/quangctkm9207/mvp-android-arch-component/contents/{+path}",
      "compare_url": "https://api.github.com/repos/quangctkm9207/mvp-android-arch-component/compare/{base}...{head}",
      "merges_url": "https://api.github.com/repos/quangctkm9207/mvp-android-arch-component/merges",
      "archive_url": "https://api.github.com/repos/quangctkm9207/mvp-android-arch-component/{archive_format}{/ref}",
      "downloads_url": "https://api.github.com/repos/quangctkm9207/mvp-android-arch-component/downloads",
      "issues_url": "https://api.github.com/repos/quangctkm9207/mvp-android-arch-component/issues{/number}",
      "pulls_url": "https://api.github.com/repos/quangctkm9207/mvp-android-arch-component/pulls{/number}",
      "milestones_url": "https://api.github.com/repos/quangctkm9207/mvp-android-arch-component/milestones{/number}",
      "notifications_url": "https://api.github.com/repos/quangctkm9207/mvp-android-arch-component/notifications{?since,all,participating}",
      "labels_url": "https://api.github.com/repos/quangctkm9207/mvp-android-arch-component/labels{/name}",
      "releases_url": "https://api.github.com/repos/quangctkm9207/mvp-android-arch-component/releases{/id}",
      "deployments_url": "https://api.github.com/repos/quangctkm9207/mvp-android-arch-component/deployments",
      "created_at": "2017-06-11T11:42:11Z",
      "updated_at": "2018-11-26T07:45:17Z",
      "pushed_at": "2018-04-26T00:48:50Z",
      "git_url": "git://github.com/quangctkm9207/mvp-android-arch-component.git",
      "ssh_url": "git@github.com:quangctkm9207/mvp-android-arch-component.git",
      "clone_url": "https://github.com/quangctkm9207/mvp-android-arch-component.git",
      "svn_url": "https://github.com/quangctkm9207/mvp-android-arch-component",
      "homepage": null,
      "size": 408,
      "stargazers_count": 395,
      "watchers_count": 395,
      "language": "Java",
      "has_issues": true,
      "has_projects": true,
      "has_downloads": true,
      "has_wiki": true,
      "has_pages": false,
      "forks_count": 98,
      "mirror_url": null,
      "archived": false,
      "open_issues_count": 1,
      "license": {
        "key": "mit",
        "name": "MIT License",
        "spdx_id": "MIT",
        "url": "https://api.github.com/licenses/mit",
        "node_id": "MDc6TGljZW5zZTEz"
      },
      "forks": 98,
      "open_issues": 1,
      "watchers": 395,
      "default_branch": "master",
      "score": 39.393578
    },
    {
      "id": 23589513,
      "node_id": "MDEwOlJlcG9zaXRvcnkyMzU4OTUxMw==",
      "name": "android-DisplayingBitmaps",
      "full_name": "googlesamples/android-DisplayingBitmaps",
      "private": false,
      "owner": {
        "login": "googlesamples",
        "id": 7378196,
        "node_id": "MDEyOk9yZ2FuaXphdGlvbjczNzgxOTY=",
        "avatar_url": "https://avatars3.githubusercontent.com/u/7378196?v=4",
        "gravatar_id": "",
        "url": "https://api.github.com/users/googlesamples",
        "html_url": "https://github.com/googlesamples",
        "followers_url": "https://api.github.com/users/googlesamples/followers",
        "following_url": "https://api.github.com/users/googlesamples/following{/other_user}",
        "gists_url": "https://api.github.com/users/googlesamples/gists{/gist_id}",
        "starred_url": "https://api.github.com/users/googlesamples/starred{/owner}{/repo}",
        "subscriptions_url": "https://api.github.com/users/googlesamples/subscriptions",
        "organizations_url": "https://api.github.com/users/googlesamples/orgs",
        "repos_url": "https://api.github.com/users/googlesamples/repos",
        "events_url": "https://api.github.com/users/googlesamples/events{/privacy}",
        "received_events_url": "https://api.github.com/users/googlesamples/received_events",
        "type": "Organization",
        "site_admin": false
      },
      "html_url": "https://github.com/googlesamples/android-DisplayingBitmaps",
      "description": null,
      "fork": false,
      "url": "https://api.github.com/repos/googlesamples/android-DisplayingBitmaps",
      "forks_url": "https://api.github.com/repos/googlesamples/android-DisplayingBitmaps/forks",
      "keys_url": "https://api.github.com/repos/googlesamples/android-DisplayingBitmaps/keys{/key_id}",
      "collaborators_url": "https://api.github.com/repos/googlesamples/android-DisplayingBitmaps/collaborators{/collaborator}",
      "teams_url": "https://api.github.com/repos/googlesamples/android-DisplayingBitmaps/teams",
      "hooks_url": "https://api.github.com/repos/googlesamples/android-DisplayingBitmaps/hooks",
      "issue_events_url": "https://api.github.com/repos/googlesamples/android-DisplayingBitmaps/issues/events{/number}",
      "events_url": "https://api.github.com/repos/googlesamples/android-DisplayingBitmaps/events",
      "assignees_url": "https://api.github.com/repos/googlesamples/android-DisplayingBitmaps/assignees{/user}",
      "branches_url": "https://api.github.com/repos/googlesamples/android-DisplayingBitmaps/branches{/branch}",
      "tags_url": "https://api.github.com/repos/googlesamples/android-DisplayingBitmaps/tags",
      "blobs_url": "https://api.github.com/repos/googlesamples/android-DisplayingBitmaps/git/blobs{/sha}",
      "git_tags_url": "https://api.github.com/repos/googlesamples/android-DisplayingBitmaps/git/tags{/sha}",
      "git_refs_url": "https://api.github.com/repos/googlesamples/android-DisplayingBitmaps/git/refs{/sha}",
      "trees_url": "https://api.github.com/repos/googlesamples/android-DisplayingBitmaps/git/trees{/sha}",
      "statuses_url": "https://api.github.com/repos/googlesamples/android-DisplayingBitmaps/statuses/{sha}",
      "languages_url": "https://api.github.com/repos/googlesamples/android-DisplayingBitmaps/languages",
      "stargazers_url": "https://api.github.com/repos/googlesamples/android-DisplayingBitmaps/stargazers",
      "contributors_url": "https://api.github.com/repos/googlesamples/android-DisplayingBitmaps/contributors",
      "subscribers_url": "https://api.github.com/repos/googlesamples/android-DisplayingBitmaps/subscribers",
      "subscription_url": "https://api.github.com/repos/googlesamples/android-DisplayingBitmaps/subscription",
      "commits_url": "https://api.github.com/repos/googlesamples/android-DisplayingBitmaps/commits{/sha}",
      "git_commits_url": "https://api.github.com/repos/googlesamples/android-DisplayingBitmaps/git/commits{/sha}",
      "comments_url": "https://api.github.com/repos/googlesamples/android-DisplayingBitmaps/comments{/number}",
      "issue_comment_url": "https://api.github.com/repos/googlesamples/android-DisplayingBitmaps/issues/comments{/number}",
      "contents_url": "https://api.github.com/repos/googlesamples/android-DisplayingBitmaps/contents/{+path}",
      "compare_url": "https://api.github.com/repos/googlesamples/android-DisplayingBitmaps/compare/{base}...{head}",
      "merges_url": "https://api.github.com/repos/googlesamples/android-DisplayingBitmaps/merges",
      "archive_url": "https://api.github.com/repos/googlesamples/android-DisplayingBitmaps/{archive_format}{/ref}",
      "downloads_url": "https://api.github.com/repos/googlesamples/android-DisplayingBitmaps/downloads",
      "issues_url": "https://api.github.com/repos/googlesamples/android-DisplayingBitmaps/issues{/number}",
      "pulls_url": "https://api.github.com/repos/googlesamples/android-DisplayingBitmaps/pulls{/number}",
      "milestones_url": "https://api.github.com/repos/googlesamples/android-DisplayingBitmaps/milestones{/number}",
      "notifications_url": "https://api.github.com/repos/googlesamples/android-DisplayingBitmaps/notifications{?since,all,participating}",
      "labels_url": "https://api.github.com/repos/googlesamples/android-DisplayingBitmaps/labels{/name}",
      "releases_url": "https://api.github.com/repos/googlesamples/android-DisplayingBitmaps/releases{/id}",
      "deployments_url": "https://api.github.com/repos/googlesamples/android-DisplayingBitmaps/deployments",
      "created_at": "2014-09-02T18:01:00Z",
      "updated_at": "2018-11-28T02:07:52Z",
      "pushed_at": "2018-04-26T10:38:53Z",
      "git_url": "git://github.com/googlesamples/android-DisplayingBitmaps.git",
      "ssh_url": "git@github.com:googlesamples/android-DisplayingBitmaps.git",
      "clone_url": "https://github.com/googlesamples/android-DisplayingBitmaps.git",
      "svn_url": "https://github.com/googlesamples/android-DisplayingBitmaps",
      "homepage": null,
      "size": 1056,
      "stargazers_count": 261,
      "watchers_count": 261,
      "language": "Java",
      "has_issues": true,
      "has_projects": true,
      "has_downloads": true,
      "has_wiki": true,
      "has_pages": false,
      "forks_count": 114,
      "mirror_url": null,
      "archived": false,
      "open_issues_count": 4,
      "license": {
        "key": "apache-2.0",
        "name": "Apache License 2.0",
        "spdx_id": "Apache-2.0",
        "url": "https://api.github.com/licenses/apache-2.0",
        "node_id": "MDc6TGljZW5zZTI="
      },
      "forks": 114,
      "open_issues": 4,
      "watchers": 261,
      "default_branch": "master",
      "score": 39.25527
    },
    {
      "id": 1999264,
      "node_id": "MDEwOlJlcG9zaXRvcnkxOTk5MjY0",
      "name": "GraphView-Demos",
      "full_name": "jjoe64/GraphView-Demos",
      "private": false,
      "owner": {
        "login": "jjoe64",
        "id": 858379,
        "node_id": "MDQ6VXNlcjg1ODM3OQ==",
        "avatar_url": "https://avatars1.githubusercontent.com/u/858379?v=4",
        "gravatar_id": "",
        "url": "https://api.github.com/users/jjoe64",
        "html_url": "https://github.com/jjoe64",
        "followers_url": "https://api.github.com/users/jjoe64/followers",
        "following_url": "https://api.github.com/users/jjoe64/following{/other_user}",
        "gists_url": "https://api.github.com/users/jjoe64/gists{/gist_id}",
        "starred_url": "https://api.github.com/users/jjoe64/starred{/owner}{/repo}",
        "subscriptions_url": "https://api.github.com/users/jjoe64/subscriptions",
        "organizations_url": "https://api.github.com/users/jjoe64/orgs",
        "repos_url": "https://api.github.com/users/jjoe64/repos",
        "events_url": "https://api.github.com/users/jjoe64/events{/privacy}",
        "received_events_url": "https://api.github.com/users/jjoe64/received_events",
        "type": "User",
        "site_admin": false
      },
      "html_url": "https://github.com/jjoe64/GraphView-Demos",
      "description": "Examples for my Android GraphView library",
      "fork": false,
      "url": "https://api.github.com/repos/jjoe64/GraphView-Demos",
      "forks_url": "https://api.github.com/repos/jjoe64/GraphView-Demos/forks",
      "keys_url": "https://api.github.com/repos/jjoe64/GraphView-Demos/keys{/key_id}",
      "collaborators_url": "https://api.github.com/repos/jjoe64/GraphView-Demos/collaborators{/collaborator}",
      "teams_url": "https://api.github.com/repos/jjoe64/GraphView-Demos/teams",
      "hooks_url": "https://api.github.com/repos/jjoe64/GraphView-Demos/hooks",
      "issue_events_url": "https://api.github.com/repos/jjoe64/GraphView-Demos/issues/events{/number}",
      "events_url": "https://api.github.com/repos/jjoe64/GraphView-Demos/events",
      "assignees_url": "https://api.github.com/repos/jjoe64/GraphView-Demos/assignees{/user}",
      "branches_url": "https://api.github.com/repos/jjoe64/GraphView-Demos/branches{/branch}",
      "tags_url": "https://api.github.com/repos/jjoe64/GraphView-Demos/tags",
      "blobs_url": "https://api.github.com/repos/jjoe64/GraphView-Demos/git/blobs{/sha}",
      "git_tags_url": "https://api.github.com/repos/jjoe64/GraphView-Demos/git/tags{/sha}",
      "git_refs_url": "https://api.github.com/repos/jjoe64/GraphView-Demos/git/refs{/sha}",
      "trees_url": "https://api.github.com/repos/jjoe64/GraphView-Demos/git/trees{/sha}",
      "statuses_url": "https://api.github.com/repos/jjoe64/GraphView-Demos/statuses/{sha}",
      "languages_url": "https://api.github.com/repos/jjoe64/GraphView-Demos/languages",
      "stargazers_url": "https://api.github.com/repos/jjoe64/GraphView-Demos/stargazers",
      "contributors_url": "https://api.github.com/repos/jjoe64/GraphView-Demos/contributors",
      "subscribers_url": "https://api.github.com/repos/jjoe64/GraphView-Demos/subscribers",
      "subscription_url": "https://api.github.com/repos/jjoe64/GraphView-Demos/subscription",
      "commits_url": "https://api.github.com/repos/jjoe64/GraphView-Demos/commits{/sha}",
      "git_commits_url": "https://api.github.com/repos/jjoe64/GraphView-Demos/git/commits{/sha}",
      "comments_url": "https://api.github.com/repos/jjoe64/GraphView-Demos/comments{/number}",
      "issue_comment_url": "https://api.github.com/repos/jjoe64/GraphView-Demos/issues/comments{/number}",
      "contents_url": "https://api.github.com/repos/jjoe64/GraphView-Demos/contents/{+path}",
      "compare_url": "https://api.github.com/repos/jjoe64/GraphView-Demos/compare/{base}...{head}",
      "merges_url": "https://api.github.com/repos/jjoe64/GraphView-Demos/merges",
      "archive_url": "https://api.github.com/repos/jjoe64/GraphView-Demos/{archive_format}{/ref}",
      "downloads_url": "https://api.github.com/repos/jjoe64/GraphView-Demos/downloads",
      "issues_url": "https://api.github.com/repos/jjoe64/GraphView-Demos/issues{/number}",
      "pulls_url": "https://api.github.com/repos/jjoe64/GraphView-Demos/pulls{/number}",
      "milestones_url": "https://api.github.com/repos/jjoe64/GraphView-Demos/milestones{/number}",
      "notifications_url": "https://api.github.com/repos/jjoe64/GraphView-Demos/notifications{?since,all,participating}",
      "labels_url": "https://api.github.com/repos/jjoe64/GraphView-Demos/labels{/name}",
      "releases_url": "https://api.github.com/repos/jjoe64/GraphView-Demos/releases{/id}",
      "deployments_url": "https://api.github.com/repos/jjoe64/GraphView-Demos/deployments",
      "created_at": "2011-07-05T08:09:30Z",
      "updated_at": "2018-11-26T04:10:16Z",
      "pushed_at": "2018-04-26T09:20:39Z",
      "git_url": "git://github.com/jjoe64/GraphView-Demos.git",
      "ssh_url": "git@github.com:jjoe64/GraphView-Demos.git",
      "clone_url": "https://github.com/jjoe64/GraphView-Demos.git",
      "svn_url": "https://github.com/jjoe64/GraphView-Demos",
      "homepage": "http://www.jjoe64.com/p/graphview-library.html",
      "size": 2466,
      "stargazers_count": 285,
      "watchers_count": 285,
      "language": "Java",
      "has_issues": true,
      "has_projects": true,
      "has_downloads": true,
      "has_wiki": true,
      "has_pages": false,
      "forks_count": 210,
      "mirror_url": null,
      "archived": false,
      "open_issues_count": 22,
      "license": {
        "key": "mit",
        "name": "MIT License",
        "spdx_id": "MIT",
        "url": "https://api.github.com/licenses/mit",
        "node_id": "MDc6TGljZW5zZTEz"
      },
      "forks": 210,
      "open_issues": 22,
      "watchers": 285,
      "default_branch": "master",
      "score": 35.206665
    },
    {
      "id": 10806843,
      "node_id": "MDEwOlJlcG9zaXRvcnkxMDgwNjg0Mw==",
      "name": "android-oauth-handler",
      "full_name": "codepath/android-oauth-handler",
      "private": false,
      "owner": {
        "login": "codepath",
        "id": 3710273,
        "node_id": "MDEyOk9yZ2FuaXphdGlvbjM3MTAyNzM=",
        "avatar_url": "https://avatars1.githubusercontent.com/u/3710273?v=4",
        "gravatar_id": "",
        "url": "https://api.github.com/users/codepath",
        "html_url": "https://github.com/codepath",
        "followers_url": "https://api.github.com/users/codepath/followers",
        "following_url": "https://api.github.com/users/codepath/following{/other_user}",
        "gists_url": "https://api.github.com/users/codepath/gists{/gist_id}",
        "starred_url": "https://api.github.com/users/codepath/starred{/owner}{/repo}",
        "subscriptions_url": "https://api.github.com/users/codepath/subscriptions",
        "organizations_url": "https://api.github.com/users/codepath/orgs",
        "repos_url": "https://api.github.com/users/codepath/repos",
        "events_url": "https://api.github.com/users/codepath/events{/privacy}",
        "received_events_url": "https://api.github.com/users/codepath/received_events",
        "type": "Organization",
        "site_admin": false
      },
      "html_url": "https://github.com/codepath/android-oauth-handler",
      "description": "Android OAuth Wrapper makes authenticating with APIs simple",
      "fork": false,
      "url": "https://api.github.com/repos/codepath/android-oauth-handler",
      "forks_url": "https://api.github.com/repos/codepath/android-oauth-handler/forks",
      "keys_url": "https://api.github.com/repos/codepath/android-oauth-handler/keys{/key_id}",
      "collaborators_url": "https://api.github.com/repos/codepath/android-oauth-handler/collaborators{/collaborator}",
      "teams_url": "https://api.github.com/repos/codepath/android-oauth-handler/teams",
      "hooks_url": "https://api.github.com/repos/codepath/android-oauth-handler/hooks",
      "issue_events_url": "https://api.github.com/repos/codepath/android-oauth-handler/issues/events{/number}",
      "events_url": "https://api.github.com/repos/codepath/android-oauth-handler/events",
      "assignees_url": "https://api.github.com/repos/codepath/android-oauth-handler/assignees{/user}",
      "branches_url": "https://api.github.com/repos/codepath/android-oauth-handler/branches{/branch}",
      "tags_url": "https://api.github.com/repos/codepath/android-oauth-handler/tags",
      "blobs_url": "https://api.github.com/repos/codepath/android-oauth-handler/git/blobs{/sha}",
      "git_tags_url": "https://api.github.com/repos/codepath/android-oauth-handler/git/tags{/sha}",
      "git_refs_url": "https://api.github.com/repos/codepath/android-oauth-handler/git/refs{/sha}",
      "trees_url": "https://api.github.com/repos/codepath/android-oauth-handler/git/trees{/sha}",
      "statuses_url": "https://api.github.com/repos/codepath/android-oauth-handler/statuses/{sha}",
      "languages_url": "https://api.github.com/repos/codepath/android-oauth-handler/languages",
      "stargazers_url": "https://api.github.com/repos/codepath/android-oauth-handler/stargazers",
      "contributors_url": "https://api.github.com/repos/codepath/android-oauth-handler/contributors",
      "subscribers_url": "https://api.github.com/repos/codepath/android-oauth-handler/subscribers",
      "subscription_url": "https://api.github.com/repos/codepath/android-oauth-handler/subscription",
      "commits_url": "https://api.github.com/repos/codepath/android-oauth-handler/commits{/sha}",
      "git_commits_url": "https://api.github.com/repos/codepath/android-oauth-handler/git/commits{/sha}",
      "comments_url": "https://api.github.com/repos/codepath/android-oauth-handler/comments{/number}",
      "issue_comment_url": "https://api.github.com/repos/codepath/android-oauth-handler/issues/comments{/number}",
      "contents_url": "https://api.github.com/repos/codepath/android-oauth-handler/contents/{+path}",
      "compare_url": "https://api.github.com/repos/codepath/android-oauth-handler/compare/{base}...{head}",
      "merges_url": "https://api.github.com/repos/codepath/android-oauth-handler/merges",
      "archive_url": "https://api.github.com/repos/codepath/android-oauth-handler/{archive_format}{/ref}",
      "downloads_url": "https://api.github.com/repos/codepath/android-oauth-handler/downloads",
      "issues_url": "https://api.github.com/repos/codepath/android-oauth-handler/issues{/number}",
      "pulls_url": "https://api.github.com/repos/codepath/android-oauth-handler/pulls{/number}",
      "milestones_url": "https://api.github.com/repos/codepath/android-oauth-handler/milestones{/number}",
      "notifications_url": "https://api.github.com/repos/codepath/android-oauth-handler/notifications{?since,all,participating}",
      "labels_url": "https://api.github.com/repos/codepath/android-oauth-handler/labels{/name}",
      "releases_url": "https://api.github.com/repos/codepath/android-oauth-handler/releases{/id}",
      "deployments_url": "https://api.github.com/repos/codepath/android-oauth-handler/deployments",
      "created_at": "2013-06-19T21:44:29Z",
      "updated_at": "2018-11-14T14:30:25Z",
      "pushed_at": "2018-04-28T17:23:13Z",
      "git_url": "git://github.com/codepath/android-oauth-handler.git",
      "ssh_url": "git@github.com:codepath/android-oauth-handler.git",
      "clone_url": "https://github.com/codepath/android-oauth-handler.git",
      "svn_url": "https://github.com/codepath/android-oauth-handler",
      "homepage": null,
      "size": 2414,
      "stargazers_count": 108,
      "watchers_count": 108,
      "language": "Java",
      "has_issues": true,
      "has_projects": true,
      "has_downloads": true,
      "has_wiki": true,
      "has_pages": false,
      "forks_count": 26,
      "mirror_url": null,
      "archived": false,
      "open_issues_count": 2,
      "license": {
        "key": "mit",
        "name": "MIT License",
        "spdx_id": "MIT",
        "url": "https://api.github.com/licenses/mit",
        "node_id": "MDc6TGljZW5zZTEz"
      },
      "forks": 26,
      "open_issues": 2,
      "watchers": 108,
      "default_branch": "master",
      "score": 30.275124
    },
    {
      "id": 14835268,
      "node_id": "MDEwOlJlcG9zaXRvcnkxNDgzNTI2OA==",
      "name": "NexusDialog",
      "full_name": "dkharrat/NexusDialog",
      "private": false,
      "owner": {
        "login": "dkharrat",
        "id": 428744,
        "node_id": "MDQ6VXNlcjQyODc0NA==",
        "avatar_url": "https://avatars2.githubusercontent.com/u/428744?v=4",
        "gravatar_id": "",
        "url": "https://api.github.com/users/dkharrat",
        "html_url": "https://github.com/dkharrat",
        "followers_url": "https://api.github.com/users/dkharrat/followers",
        "following_url": "https://api.github.com/users/dkharrat/following{/other_user}",
        "gists_url": "https://api.github.com/users/dkharrat/gists{/gist_id}",
        "starred_url": "https://api.github.com/users/dkharrat/starred{/owner}{/repo}",
        "subscriptions_url": "https://api.github.com/users/dkharrat/subscriptions",
        "organizations_url": "https://api.github.com/users/dkharrat/orgs",
        "repos_url": "https://api.github.com/users/dkharrat/repos",
        "events_url": "https://api.github.com/users/dkharrat/events{/privacy}",
        "received_events_url": "https://api.github.com/users/dkharrat/received_events",
        "type": "User",
        "site_admin": false
      },
      "html_url": "https://github.com/dkharrat/NexusDialog",
      "description": "Library that allows you to easily and quickly create forms in Android with little code",
      "fork": false,
      "url": "https://api.github.com/repos/dkharrat/NexusDialog",
      "forks_url": "https://api.github.com/repos/dkharrat/NexusDialog/forks",
      "keys_url": "https://api.github.com/repos/dkharrat/NexusDialog/keys{/key_id}",
      "collaborators_url": "https://api.github.com/repos/dkharrat/NexusDialog/collaborators{/collaborator}",
      "teams_url": "https://api.github.com/repos/dkharrat/NexusDialog/teams",
      "hooks_url": "https://api.github.com/repos/dkharrat/NexusDialog/hooks",
      "issue_events_url": "https://api.github.com/repos/dkharrat/NexusDialog/issues/events{/number}",
      "events_url": "https://api.github.com/repos/dkharrat/NexusDialog/events",
      "assignees_url": "https://api.github.com/repos/dkharrat/NexusDialog/assignees{/user}",
      "branches_url": "https://api.github.com/repos/dkharrat/NexusDialog/branches{/branch}",
      "tags_url": "https://api.github.com/repos/dkharrat/NexusDialog/tags",
      "blobs_url": "https://api.github.com/repos/dkharrat/NexusDialog/git/blobs{/sha}",
      "git_tags_url": "https://api.github.com/repos/dkharrat/NexusDialog/git/tags{/sha}",
      "git_refs_url": "https://api.github.com/repos/dkharrat/NexusDialog/git/refs{/sha}",
      "trees_url": "https://api.github.com/repos/dkharrat/NexusDialog/git/trees{/sha}",
      "statuses_url": "https://api.github.com/repos/dkharrat/NexusDialog/statuses/{sha}",
      "languages_url": "https://api.github.com/repos/dkharrat/NexusDialog/languages",
      "stargazers_url": "https://api.github.com/repos/dkharrat/NexusDialog/stargazers",
      "contributors_url": "https://api.github.com/repos/dkharrat/NexusDialog/contributors",
      "subscribers_url": "https://api.github.com/repos/dkharrat/NexusDialog/subscribers",
      "subscription_url": "https://api.github.com/repos/dkharrat/NexusDialog/subscription",
      "commits_url": "https://api.github.com/repos/dkharrat/NexusDialog/commits{/sha}",
      "git_commits_url": "https://api.github.com/repos/dkharrat/NexusDialog/git/commits{/sha}",
      "comments_url": "https://api.github.com/repos/dkharrat/NexusDialog/comments{/number}",
      "issue_comment_url": "https://api.github.com/repos/dkharrat/NexusDialog/issues/comments{/number}",
      "contents_url": "https://api.github.com/repos/dkharrat/NexusDialog/contents/{+path}",
      "compare_url": "https://api.github.com/repos/dkharrat/NexusDialog/compare/{base}...{head}",
      "merges_url": "https://api.github.com/repos/dkharrat/NexusDialog/merges",
      "archive_url": "https://api.github.com/repos/dkharrat/NexusDialog/{archive_format}{/ref}",
      "downloads_url": "https://api.github.com/repos/dkharrat/NexusDialog/downloads",
      "issues_url": "https://api.github.com/repos/dkharrat/NexusDialog/issues{/number}",
      "pulls_url": "https://api.github.com/repos/dkharrat/NexusDialog/pulls{/number}",
      "milestones_url": "https://api.github.com/repos/dkharrat/NexusDialog/milestones{/number}",
      "notifications_url": "https://api.github.com/repos/dkharrat/NexusDialog/notifications{?since,all,participating}",
      "labels_url": "https://api.github.com/repos/dkharrat/NexusDialog/labels{/name}",
      "releases_url": "https://api.github.com/repos/dkharrat/NexusDialog/releases{/id}",
      "deployments_url": "https://api.github.com/repos/dkharrat/NexusDialog/deployments",
      "created_at": "2013-12-01T07:35:37Z",
      "updated_at": "2018-11-18T21:06:09Z",
      "pushed_at": "2018-04-29T21:07:29Z",
      "git_url": "git://github.com/dkharrat/NexusDialog.git",
      "ssh_url": "git@github.com:dkharrat/NexusDialog.git",
      "clone_url": "https://github.com/dkharrat/NexusDialog.git",
      "svn_url": "https://github.com/dkharrat/NexusDialog",
      "homepage": null,
      "size": 775,
      "stargazers_count": 179,
      "watchers_count": 179,
      "language": "Java",
      "has_issues": true,
      "has_projects": true,
      "has_downloads": true,
      "has_wiki": true,
      "has_pages": true,
      "forks_count": 53,
      "mirror_url": null,
      "archived": false,
      "open_issues_count": 17,
      "license": {
        "key": "apache-2.0",
        "name": "Apache License 2.0",
        "spdx_id": "Apache-2.0",
        "url": "https://api.github.com/licenses/apache-2.0",
        "node_id": "MDc6TGljZW5zZTI="
      },
      "forks": 53,
      "open_issues": 17,
      "watchers": 179,
      "default_branch": "master",
      "score": 25.909836
    },
    {
      "id": 29142599,
      "node_id": "MDEwOlJlcG9zaXRvcnkyOTE0MjU5OQ==",
      "name": "ambilwarna",
      "full_name": "yukuku/ambilwarna",
      "private": false,
      "owner": {
        "login": "yukuku",
        "id": 1407837,
        "node_id": "MDQ6VXNlcjE0MDc4Mzc=",
        "avatar_url": "https://avatars1.githubusercontent.com/u/1407837?v=4",
        "gravatar_id": "",
        "url": "https://api.github.com/users/yukuku",
        "html_url": "https://github.com/yukuku",
        "followers_url": "https://api.github.com/users/yukuku/followers",
        "following_url": "https://api.github.com/users/yukuku/following{/other_user}",
        "gists_url": "https://api.github.com/users/yukuku/gists{/gist_id}",
        "starred_url": "https://api.github.com/users/yukuku/starred{/owner}{/repo}",
        "subscriptions_url": "https://api.github.com/users/yukuku/subscriptions",
        "organizations_url": "https://api.github.com/users/yukuku/orgs",
        "repos_url": "https://api.github.com/users/yukuku/repos",
        "events_url": "https://api.github.com/users/yukuku/events{/privacy}",
        "received_events_url": "https://api.github.com/users/yukuku/received_events",
        "type": "User",
        "site_admin": false
      },
      "html_url": "https://github.com/yukuku/ambilwarna",
      "description": "Android Color Picker aka AmbilWarna library (\"Pick a Color\" in Indonesian)",
      "fork": false,
      "url": "https://api.github.com/repos/yukuku/ambilwarna",
      "forks_url": "https://api.github.com/repos/yukuku/ambilwarna/forks",
      "keys_url": "https://api.github.com/repos/yukuku/ambilwarna/keys{/key_id}",
      "collaborators_url": "https://api.github.com/repos/yukuku/ambilwarna/collaborators{/collaborator}",
      "teams_url": "https://api.github.com/repos/yukuku/ambilwarna/teams",
      "hooks_url": "https://api.github.com/repos/yukuku/ambilwarna/hooks",
      "issue_events_url": "https://api.github.com/repos/yukuku/ambilwarna/issues/events{/number}",
      "events_url": "https://api.github.com/repos/yukuku/ambilwarna/events",
      "assignees_url": "https://api.github.com/repos/yukuku/ambilwarna/assignees{/user}",
      "branches_url": "https://api.github.com/repos/yukuku/ambilwarna/branches{/branch}",
      "tags_url": "https://api.github.com/repos/yukuku/ambilwarna/tags",
      "blobs_url": "https://api.github.com/repos/yukuku/ambilwarna/git/blobs{/sha}",
      "git_tags_url": "https://api.github.com/repos/yukuku/ambilwarna/git/tags{/sha}",
      "git_refs_url": "https://api.github.com/repos/yukuku/ambilwarna/git/refs{/sha}",
      "trees_url": "https://api.github.com/repos/yukuku/ambilwarna/git/trees{/sha}",
      "statuses_url": "https://api.github.com/repos/yukuku/ambilwarna/statuses/{sha}",
      "languages_url": "https://api.github.com/repos/yukuku/ambilwarna/languages",
      "stargazers_url": "https://api.github.com/repos/yukuku/ambilwarna/stargazers",
      "contributors_url": "https://api.github.com/repos/yukuku/ambilwarna/contributors",
      "subscribers_url": "https://api.github.com/repos/yukuku/ambilwarna/subscribers",
      "subscription_url": "https://api.github.com/repos/yukuku/ambilwarna/subscription",
      "commits_url": "https://api.github.com/repos/yukuku/ambilwarna/commits{/sha}",
      "git_commits_url": "https://api.github.com/repos/yukuku/ambilwarna/git/commits{/sha}",
      "comments_url": "https://api.github.com/repos/yukuku/ambilwarna/comments{/number}",
      "issue_comment_url": "https://api.github.com/repos/yukuku/ambilwarna/issues/comments{/number}",
      "contents_url": "https://api.github.com/repos/yukuku/ambilwarna/contents/{+path}",
      "compare_url": "https://api.github.com/repos/yukuku/ambilwarna/compare/{base}...{head}",
      "merges_url": "https://api.github.com/repos/yukuku/ambilwarna/merges",
      "archive_url": "https://api.github.com/repos/yukuku/ambilwarna/{archive_format}{/ref}",
      "downloads_url": "https://api.github.com/repos/yukuku/ambilwarna/downloads",
      "issues_url": "https://api.github.com/repos/yukuku/ambilwarna/issues{/number}",
      "pulls_url": "https://api.github.com/repos/yukuku/ambilwarna/pulls{/number}",
      "milestones_url": "https://api.github.com/repos/yukuku/ambilwarna/milestones{/number}",
      "notifications_url": "https://api.github.com/repos/yukuku/ambilwarna/notifications{?since,all,participating}",
      "labels_url": "https://api.github.com/repos/yukuku/ambilwarna/labels{/name}",
      "releases_url": "https://api.github.com/repos/yukuku/ambilwarna/releases{/id}",
      "deployments_url": "https://api.github.com/repos/yukuku/ambilwarna/deployments",
      "created_at": "2015-01-12T15:44:50Z",
      "updated_at": "2018-11-29T14:57:29Z",
      "pushed_at": "2018-04-26T11:55:23Z",
      "git_url": "git://github.com/yukuku/ambilwarna.git",
      "ssh_url": "git@github.com:yukuku/ambilwarna.git",
      "clone_url": "https://github.com/yukuku/ambilwarna.git",
      "svn_url": "https://github.com/yukuku/ambilwarna",
      "homepage": null,
      "size": 143,
      "stargazers_count": 146,
      "watchers_count": 146,
      "language": "Java",
      "has_issues": true,
      "has_projects": true,
      "has_downloads": true,
      "has_wiki": true,
      "has_pages": false,
      "forks_count": 66,
      "mirror_url": null,
      "archived": false,
      "open_issues_count": 9,
      "license": {
        "key": "other",
        "name": "Other",
        "spdx_id": "NOASSERTION",
        "url": null,
        "node_id": "MDc6TGljZW5zZTA="
      },
      "forks": 66,
      "open_issues": 9,
      "watchers": 146,
      "default_branch": "master",
      "score": 21.182077
    },
    {
      "id": 63624634,
      "node_id": "MDEwOlJlcG9zaXRvcnk2MzYyNDYzNA==",
      "name": "AptPreferences",
      "full_name": "joyrun/AptPreferences",
      "private": false,
      "owner": {
        "login": "joyrun",
        "id": 18008218,
        "node_id": "MDEyOk9yZ2FuaXphdGlvbjE4MDA4MjE4",
        "avatar_url": "https://avatars2.githubusercontent.com/u/18008218?v=4",
        "gravatar_id": "",
        "url": "https://api.github.com/users/joyrun",
        "html_url": "https://github.com/joyrun",
        "followers_url": "https://api.github.com/users/joyrun/followers",
        "following_url": "https://api.github.com/users/joyrun/following{/other_user}",
        "gists_url": "https://api.github.com/users/joyrun/gists{/gist_id}",
        "starred_url": "https://api.github.com/users/joyrun/starred{/owner}{/repo}",
        "subscriptions_url": "https://api.github.com/users/joyrun/subscriptions",
        "organizations_url": "https://api.github.com/users/joyrun/orgs",
        "repos_url": "https://api.github.com/users/joyrun/repos",
        "events_url": "https://api.github.com/users/joyrun/events{/privacy}",
        "received_events_url": "https://api.github.com/users/joyrun/received_events",
        "type": "Organization",
        "site_admin": false
      },
      "html_url": "https://github.com/joyrun/AptPreferences",
      "description": "基于apt实现的Android快速持久化框架：AptPreferences",
      "fork": false,
      "url": "https://api.github.com/repos/joyrun/AptPreferences",
      "forks_url": "https://api.github.com/repos/joyrun/AptPreferences/forks",
      "keys_url": "https://api.github.com/repos/joyrun/AptPreferences/keys{/key_id}",
      "collaborators_url": "https://api.github.com/repos/joyrun/AptPreferences/collaborators{/collaborator}",
      "teams_url": "https://api.github.com/repos/joyrun/AptPreferences/teams",
      "hooks_url": "https://api.github.com/repos/joyrun/AptPreferences/hooks",
      "issue_events_url": "https://api.github.com/repos/joyrun/AptPreferences/issues/events{/number}",
      "events_url": "https://api.github.com/repos/joyrun/AptPreferences/events",
      "assignees_url": "https://api.github.com/repos/joyrun/AptPreferences/assignees{/user}",
      "branches_url": "https://api.github.com/repos/joyrun/AptPreferences/branches{/branch}",
      "tags_url": "https://api.github.com/repos/joyrun/AptPreferences/tags",
      "blobs_url": "https://api.github.com/repos/joyrun/AptPreferences/git/blobs{/sha}",
      "git_tags_url": "https://api.github.com/repos/joyrun/AptPreferences/git/tags{/sha}",
      "git_refs_url": "https://api.github.com/repos/joyrun/AptPreferences/git/refs{/sha}",
      "trees_url": "https://api.github.com/repos/joyrun/AptPreferences/git/trees{/sha}",
      "statuses_url": "https://api.github.com/repos/joyrun/AptPreferences/statuses/{sha}",
      "languages_url": "https://api.github.com/repos/joyrun/AptPreferences/languages",
      "stargazers_url": "https://api.github.com/repos/joyrun/AptPreferences/stargazers",
      "contributors_url": "https://api.github.com/repos/joyrun/AptPreferences/contributors",
      "subscribers_url": "https://api.github.com/repos/joyrun/AptPreferences/subscribers",
      "subscription_url": "https://api.github.com/repos/joyrun/AptPreferences/subscription",
      "commits_url": "https://api.github.com/repos/joyrun/AptPreferences/commits{/sha}",
      "git_commits_url": "https://api.github.com/repos/joyrun/AptPreferences/git/commits{/sha}",
      "comments_url": "https://api.github.com/repos/joyrun/AptPreferences/comments{/number}",
      "issue_comment_url": "https://api.github.com/repos/joyrun/AptPreferences/issues/comments{/number}",
      "contents_url": "https://api.github.com/repos/joyrun/AptPreferences/contents/{+path}",
      "compare_url": "https://api.github.com/repos/joyrun/AptPreferences/compare/{base}...{head}",
      "merges_url": "https://api.github.com/repos/joyrun/AptPreferences/merges",
      "archive_url": "https://api.github.com/repos/joyrun/AptPreferences/{archive_format}{/ref}",
      "downloads_url": "https://api.github.com/repos/joyrun/AptPreferences/downloads",
      "issues_url": "https://api.github.com/repos/joyrun/AptPreferences/issues{/number}",
      "pulls_url": "https://api.github.com/repos/joyrun/AptPreferences/pulls{/number}",
      "milestones_url": "https://api.github.com/repos/joyrun/AptPreferences/milestones{/number}",
      "notifications_url": "https://api.github.com/repos/joyrun/AptPreferences/notifications{?since,all,participating}",
      "labels_url": "https://api.github.com/repos/joyrun/AptPreferences/labels{/name}",
      "releases_url": "https://api.github.com/repos/joyrun/AptPreferences/releases{/id}",
      "deployments_url": "https://api.github.com/repos/joyrun/AptPreferences/deployments",
      "created_at": "2016-07-18T17:48:39Z",
      "updated_at": "2018-11-12T08:42:22Z",
      "pushed_at": "2018-04-26T03:48:18Z",
      "git_url": "git://github.com/joyrun/AptPreferences.git",
      "ssh_url": "git@github.com:joyrun/AptPreferences.git",
      "clone_url": "https://github.com/joyrun/AptPreferences.git",
      "svn_url": "https://github.com/joyrun/AptPreferences",
      "homepage": "https://joyrun.github.io/2016/07/19/AptPreferences/",
      "size": 256,
      "stargazers_count": 215,
      "watchers_count": 215,
      "language": "Java",
      "has_issues": true,
      "has_projects": true,
      "has_downloads": true,
      "has_wiki": true,
      "has_pages": true,
      "forks_count": 26,
      "mirror_url": null,
      "archived": false,
      "open_issues_count": 1,
      "license": {
        "key": "apache-2.0",
        "name": "Apache License 2.0",
        "spdx_id": "Apache-2.0",
        "url": "https://api.github.com/licenses/apache-2.0",
        "node_id": "MDc6TGljZW5zZTI="
      },
      "forks": 26,
      "open_issues": 1,
      "watchers": 215,
      "default_branch": "master",
      "score": 18.905169
    }
  ]
}
