{
  "total_count": 102,
  "incomplete_results": false,
  "items": [
    {
      "id": 62800551,
      "node_id": "MDEwOlJlcG9zaXRvcnk2MjgwMDU1MQ==",
      "name": "LanSoEditor_advance",
      "full_name": "LanSoSdk/LanSoEditor_advance",
      "private": false,
      "owner": {
        "login": "LanSoSdk",
        "id": 15357449,
        "node_id": "MDQ6VXNlcjE1MzU3NDQ5",
        "avatar_url": "https://avatars0.githubusercontent.com/u/15357449?v=4",
        "gravatar_id": "",
        "url": "https://api.github.com/users/LanSoSdk",
        "html_url": "https://github.com/LanSoSdk",
        "followers_url": "https://api.github.com/users/LanSoSdk/followers",
        "following_url": "https://api.github.com/users/LanSoSdk/following{/other_user}",
        "gists_url": "https://api.github.com/users/LanSoSdk/gists{/gist_id}",
        "starred_url": "https://api.github.com/users/LanSoSdk/starred{/owner}{/repo}",
        "subscriptions_url": "https://api.github.com/users/LanSoSdk/subscriptions",
        "organizations_url": "https://api.github.com/users/LanSoSdk/orgs",
        "repos_url": "https://api.github.com/users/LanSoSdk/repos",
        "events_url": "https://api.github.com/users/LanSoSdk/events{/privacy}",
        "received_events_url": "https://api.github.com/users/LanSoSdk/received_events",
        "type": "User",
        "site_admin": false
      },
      "html_url": "https://github.com/LanSoSdk/LanSoEditor_advance",
      "description": "android  video editor  advance sdk .蓝松短视频编辑SDK专业版 android端, 紧跟主流视频效果, 提供抖音,QQ微视中的灵魂出窍,抖动等25种视频效果,图层架构,所有的叠画面都是一层一层来完成的,支持AE模板 (After Effects),可做微商水印相机, 小柿饼的效果等",
      "fork": false,
      "url": "https://api.github.com/repos/LanSoSdk/LanSoEditor_advance",
      "forks_url": "https://api.github.com/repos/LanSoSdk/LanSoEditor_advance/forks",
      "keys_url": "https://api.github.com/repos/LanSoSdk/LanSoEditor_advance/keys{/key_id}",
      "collaborators_url": "https://api.github.com/repos/LanSoSdk/LanSoEditor_advance/collaborators{/collaborator}",
      "teams_url": "https://api.github.com/repos/LanSoSdk/LanSoEditor_advance/teams",
      "hooks_url": "https://api.github.com/repos/LanSoSdk/LanSoEditor_advance/hooks",
      "issue_events_url": "https://api.github.com/repos/LanSoSdk/LanSoEditor_advance/issues/events{/number}",
      "events_url": "https://api.github.com/repos/LanSoSdk/LanSoEditor_advance/events",
      "assignees_url": "https://api.github.com/repos/LanSoSdk/LanSoEditor_advance/assignees{/user}",
      "branches_url": "https://api.github.com/repos/LanSoSdk/LanSoEditor_advance/branches{/branch}",
      "tags_url": "https://api.github.com/repos/LanSoSdk/LanSoEditor_advance/tags",
      "blobs_url": "https://api.github.com/repos/LanSoSdk/LanSoEditor_advance/git/blobs{/sha}",
      "git_tags_url": "https://api.github.com/repos/LanSoSdk/LanSoEditor_advance/git/tags{/sha}",
      "git_refs_url": "https://api.github.com/repos/LanSoSdk/LanSoEditor_advance/git/refs{/sha}",
      "trees_url": "https://api.github.com/repos/LanSoSdk/LanSoEditor_advance/git/trees{/sha}",
      "statuses_url": "https://api.github.com/repos/LanSoSdk/LanSoEditor_advance/statuses/{sha}",
      "languages_url": "https://api.github.com/repos/LanSoSdk/LanSoEditor_advance/languages",
      "stargazers_url": "https://api.github.com/repos/LanSoSdk/LanSoEditor_advance/stargazers",
      "contributors_url": "https://api.github.com/repos/LanSoSdk/LanSoEditor_advance/contributors",
      "subscribers_url": "https://api.github.com/repos/LanSoSdk/LanSoEditor_advance/subscribers",
      "subscription_url": "https://api.github.com/repos/LanSoSdk/LanSoEditor_advance/subscription",
      "commits_url": "https://api.github.com/repos/LanSoSdk/LanSoEditor_advance/commits{/sha}",
      "git_commits_url": "https://api.github.com/repos/LanSoSdk/LanSoEditor_advance/git/commits{/sha}",
      "comments_url": "https://api.github.com/repos/LanSoSdk/LanSoEditor_advance/comments{/number}",
      "issue_comment_url": "https://api.github.com/repos/LanSoSdk/LanSoEditor_advance/issues/comments{/number}",
      "contents_url": "https://api.github.com/repos/LanSoSdk/LanSoEditor_advance/contents/{+path}",
      "compare_url": "https://api.github.com/repos/LanSoSdk/LanSoEditor_advance/compare/{base}...{head}",
      "merges_url": "https://api.github.com/repos/LanSoSdk/LanSoEditor_advance/merges",
      "archive_url": "https://api.github.com/repos/LanSoSdk/LanSoEditor_advance/{archive_format}{/ref}",
      "downloads_url": "https://api.github.com/repos/LanSoSdk/LanSoEditor_advance/downloads",
      "issues_url": "https://api.github.com/repos/LanSoSdk/LanSoEditor_advance/issues{/number}",
      "pulls_url": "https://api.github.com/repos/LanSoSdk/LanSoEditor_advance/pulls{/number}",
      "milestones_url": "https://api.github.com/repos/LanSoSdk/LanSoEditor_advance/milestones{/number}",
      "notifications_url": "https://api.github.com/repos/LanSoSdk/LanSoEditor_advance/notifications{?since,all,participating}",
      "labels_url": "https://api.github.com/repos/LanSoSdk/LanSoEditor_advance/labels{/name}",
      "releases_url": "https://api.github.com/repos/LanSoSdk/LanSoEditor_advance/releases{/id}",
      "deployments_url": "https://api.github.com/repos/LanSoSdk/LanSoEditor_advance/deployments",
      "created_at": "2016-07-07T11:05:27Z",
      "updated_at": "2018-11-27T11:30:52Z",
      "pushed_at": "2018-11-01T08:17:50Z",
      "git_url": "git://github.com/LanSoSdk/LanSoEditor_advance.git",
      "ssh_url": "git@github.com:LanSoSdk/LanSoEditor_advance.git",
      "clone_url": "https://github.com/LanSoSdk/LanSoEditor_advance.git",
      "svn_url": "https://github.com/LanSoSdk/LanSoEditor_advance",
      "homepage": "",
      "size": 917570,
      "stargazers_count": 274,
      "watchers_count": 274,
      "language": "Java",
      "has_issues": true,
      "has_projects": true,
      "has_downloads": true,
      "has_wiki": true,
      "has_pages": false,
      "forks_count": 85,
      "mirror_url": null,
      "archived": false,
      "open_issues_count": 4,
      "license": null,
      "forks": 85,
      "open_issues": 4,
      "watchers": 274,
      "default_branch": "master",
      "score": 10.042704
    },
    {
      "id": 110344150,
      "node_id": "MDEwOlJlcG9zaXRvcnkxMTAzNDQxNTA=",
      "name": "DataStructure",
      "full_name": "UCodeUStory/DataStructure",
      "private": false,
      "owner": {
        "login": "UCodeUStory",
        "id": 17451281,
        "node_id": "MDQ6VXNlcjE3NDUxMjgx",
        "avatar_url": "https://avatars3.githubusercontent.com/u/17451281?v=4",
        "gravatar_id": "",
        "url": "https://api.github.com/users/UCodeUStory",
        "html_url": "https://github.com/UCodeUStory",
        "followers_url": "https://api.github.com/users/UCodeUStory/followers",
        "following_url": "https://api.github.com/users/UCodeUStory/following{/other_user}",
        "gists_url": "https://api.github.com/users/UCodeUStory/gists{/gist_id}",
        "starred_url": "https://api.github.com/users/UCodeUStory/starred{/owner}{/repo}",
        "subscriptions_url": "https://api.github.com/users/UCodeUStory/subscriptions",
        "organizations_url": "https://api.github.com/users/UCodeUStory/orgs",
        "repos_url": "https://api.github.com/users/UCodeUStory/repos",
        "events_url": "https://api.github.com/users/UCodeUStory/events{/privacy}",
        "received_events_url": "https://api.github.com/users/UCodeUStory/received_events",
        "type": "User",
        "site_admin": false
      },
      "html_url": "https://github.com/UCodeUStory/DataStructure",
      "description": "💋💋数据结构、算法总结、学习算法的时间复杂度、空间复杂度、分析算法特点以及应用、Java面试难题、Android面试难题",
      "fork": false,
      "url": "https://api.github.com/repos/UCodeUStory/DataStructure",
      "forks_url": "https://api.github.com/repos/UCodeUStory/DataStructure/forks",
      "keys_url": "https://api.github.com/repos/UCodeUStory/DataStructure/keys{/key_id}",
      "collaborators_url": "https://api.github.com/repos/UCodeUStory/DataStructure/collaborators{/collaborator}",
      "teams_url": "https://api.github.com/repos/UCodeUStory/DataStructure/teams",
      "hooks_url": "https://api.github.com/repos/UCodeUStory/DataStructure/hooks",
      "issue_events_url": "https://api.github.com/repos/UCodeUStory/DataStructure/issues/events{/number}",
      "events_url": "https://api.github.com/repos/UCodeUStory/DataStructure/events",
      "assignees_url": "https://api.github.com/repos/UCodeUStory/DataStructure/assignees{/user}",
      "branches_url": "https://api.github.com/repos/UCodeUStory/DataStructure/branches{/branch}",
      "tags_url": "https://api.github.com/repos/UCodeUStory/DataStructure/tags",
      "blobs_url": "https://api.github.com/repos/UCodeUStory/DataStructure/git/blobs{/sha}",
      "git_tags_url": "https://api.github.com/repos/UCodeUStory/DataStructure/git/tags{/sha}",
      "git_refs_url": "https://api.github.com/repos/UCodeUStory/DataStructure/git/refs{/sha}",
      "trees_url": "https://api.github.com/repos/UCodeUStory/DataStructure/git/trees{/sha}",
      "statuses_url": "https://api.github.com/repos/UCodeUStory/DataStructure/statuses/{sha}",
      "languages_url": "https://api.github.com/repos/UCodeUStory/DataStructure/languages",
      "stargazers_url": "https://api.github.com/repos/UCodeUStory/DataStructure/stargazers",
      "contributors_url": "https://api.github.com/repos/UCodeUStory/DataStructure/contributors",
      "subscribers_url": "https://api.github.com/repos/UCodeUStory/DataStructure/subscribers",
      "subscription_url": "https://api.github.com/repos/UCodeUStory/DataStructure/subscription",
      "commits_url": "https://api.github.com/repos/UCodeUStory/DataStructure/commits{/sha}",
      "git_commits_url": "https://api.github.com/repos/UCodeUStory/DataStructure/git/commits{/sha}",
      "comments_url": "https://api.github.com/repos/UCodeUStory/DataStructure/comments{/number}",
      "issue_comment_url": "https://api.github.com/repos/UCodeUStory/DataStructure/issues/comments{/number}",
      "contents_url": "https://api.github.com/repos/UCodeUStory/DataStructure/contents/{+path}",
      "compare_url": "https://api.github.com/repos/UCodeUStory/DataStructure/compare/{base}...{head}",
      "merges_url": "https://api.github.com/repos/UCodeUStory/DataStructure/merges",
      "archive_url": "https://api.github.com/repos/UCodeUStory/DataStructure/{archive_format}{/ref}",
      "downloads_url": "https://api.github.com/repos/UCodeUStory/DataStructure/downloads",
      "issues_url": "https://api.github.com/repos/UCodeUStory/DataStructure/issues{/number}",
      "pulls_url": "https://api.github.com/repos/UCodeUStory/DataStructure/pulls{/number}",
      "milestones_url": "https://api.github.com/repos/UCodeUStory/DataStructure/milestones{/number}",
      "notifications_url": "https://api.github.com/repos/UCodeUStory/DataStructure/notifications{?since,all,participating}",
      "labels_url": "https://api.github.com/repos/UCodeUStory/DataStructure/labels{/name}",
      "releases_url": "https://api.github.com/repos/UCodeUStory/DataStructure/releases{/id}",
      "deployments_url": "https://api.github.com/repos/UCodeUStory/DataStructure/deployments",
      "created_at": "2017-11-11T12:35:27Z",
      "updated_at": "2018-11-28T09:15:51Z",
      "pushed_at": "2018-10-30T06:15:08Z",
      "git_url": "git://github.com/UCodeUStory/DataStructure.git",
      "ssh_url": "git@github.com:UCodeUStory/DataStructure.git",
      "clone_url": "https://github.com/UCodeUStory/DataStructure.git",
      "svn_url": "https://github.com/UCodeUStory/DataStructure",
      "homepage": "",
      "size": 28470,
      "stargazers_count": 437,
      "watchers_count": 437,
      "language": "Java",
      "has_issues": true,
      "has_projects": true,
      "has_downloads": true,
      "has_wiki": true,
      "has_pages": false,
      "forks_count": 149,
      "mirror_url": null,
      "archived": false,
      "open_issues_count": 0,
      "license": null,
      "forks": 149,
      "open_issues": 0,
      "watchers": 437,
      "default_branch": "master",
      "score": 9.891478
    }
  ]
}
