{
  "total_count": 10,
  "incomplete_results": false,
  "items": [
    {
      "id": 8498756,
      "node_id": "MDEwOlJlcG9zaXRvcnk4NDk4NzU2",
      "name": "AndroidInAppBilling",
      "full_name": "poiuytrez/AndroidInAppBilling",
      "private": false,
      "owner": {
        "login": "poiuytrez",
        "id": 1167433,
        "node_id": "MDQ6VXNlcjExNjc0MzM=",
        "avatar_url": "https://avatars3.githubusercontent.com/u/1167433?v=4",
        "gravatar_id": "",
        "url": "https://api.github.com/users/poiuytrez",
        "html_url": "https://github.com/poiuytrez",
        "followers_url": "https://api.github.com/users/poiuytrez/followers",
        "following_url": "https://api.github.com/users/poiuytrez/following{/other_user}",
        "gists_url": "https://api.github.com/users/poiuytrez/gists{/gist_id}",
        "starred_url": "https://api.github.com/users/poiuytrez/starred{/owner}{/repo}",
        "subscriptions_url": "https://api.github.com/users/poiuytrez/subscriptions",
        "organizations_url": "https://api.github.com/users/poiuytrez/orgs",
        "repos_url": "https://api.github.com/users/poiuytrez/repos",
        "events_url": "https://api.github.com/users/poiuytrez/events{/privacy}",
        "received_events_url": "https://api.github.com/users/poiuytrez/received_events",
        "type": "User",
        "site_admin": false
      },
      "html_url": "https://github.com/poiuytrez/AndroidInAppBilling",
      "description": "Android App Billing plugin for Cordova",
      "fork": false,
      "url": "https://api.github.com/repos/poiuytrez/AndroidInAppBilling",
      "forks_url": "https://api.github.com/repos/poiuytrez/AndroidInAppBilling/forks",
      "keys_url": "https://api.github.com/repos/poiuytrez/AndroidInAppBilling/keys{/key_id}",
      "collaborators_url": "https://api.github.com/repos/poiuytrez/AndroidInAppBilling/collaborators{/collaborator}",
      "teams_url": "https://api.github.com/repos/poiuytrez/AndroidInAppBilling/teams",
      "hooks_url": "https://api.github.com/repos/poiuytrez/AndroidInAppBilling/hooks",
      "issue_events_url": "https://api.github.com/repos/poiuytrez/AndroidInAppBilling/issues/events{/number}",
      "events_url": "https://api.github.com/repos/poiuytrez/AndroidInAppBilling/events",
      "assignees_url": "https://api.github.com/repos/poiuytrez/AndroidInAppBilling/assignees{/user}",
      "branches_url": "https://api.github.com/repos/poiuytrez/AndroidInAppBilling/branches{/branch}",
      "tags_url": "https://api.github.com/repos/poiuytrez/AndroidInAppBilling/tags",
      "blobs_url": "https://api.github.com/repos/poiuytrez/AndroidInAppBilling/git/blobs{/sha}",
      "git_tags_url": "https://api.github.com/repos/poiuytrez/AndroidInAppBilling/git/tags{/sha}",
      "git_refs_url": "https://api.github.com/repos/poiuytrez/AndroidInAppBilling/git/refs{/sha}",
      "trees_url": "https://api.github.com/repos/poiuytrez/AndroidInAppBilling/git/trees{/sha}",
      "statuses_url": "https://api.github.com/repos/poiuytrez/AndroidInAppBilling/statuses/{sha}",
      "languages_url": "https://api.github.com/repos/poiuytrez/AndroidInAppBilling/languages",
      "stargazers_url": "https://api.github.com/repos/poiuytrez/AndroidInAppBilling/stargazers",
      "contributors_url": "https://api.github.com/repos/poiuytrez/AndroidInAppBilling/contributors",
      "subscribers_url": "https://api.github.com/repos/poiuytrez/AndroidInAppBilling/subscribers",
      "subscription_url": "https://api.github.com/repos/poiuytrez/AndroidInAppBilling/subscription",
      "commits_url": "https://api.github.com/repos/poiuytrez/AndroidInAppBilling/commits{/sha}",
      "git_commits_url": "https://api.github.com/repos/poiuytrez/AndroidInAppBilling/git/commits{/sha}",
      "comments_url": "https://api.github.com/repos/poiuytrez/AndroidInAppBilling/comments{/number}",
      "issue_comment_url": "https://api.github.com/repos/poiuytrez/AndroidInAppBilling/issues/comments{/number}",
      "contents_url": "https://api.github.com/repos/poiuytrez/AndroidInAppBilling/contents/{+path}",
      "compare_url": "https://api.github.com/repos/poiuytrez/AndroidInAppBilling/compare/{base}...{head}",
      "merges_url": "https://api.github.com/repos/poiuytrez/AndroidInAppBilling/merges",
      "archive_url": "https://api.github.com/repos/poiuytrez/AndroidInAppBilling/{archive_format}{/ref}",
      "downloads_url": "https://api.github.com/repos/poiuytrez/AndroidInAppBilling/downloads",
      "issues_url": "https://api.github.com/repos/poiuytrez/AndroidInAppBilling/issues{/number}",
      "pulls_url": "https://api.github.com/repos/poiuytrez/AndroidInAppBilling/pulls{/number}",
      "milestones_url": "https://api.github.com/repos/poiuytrez/AndroidInAppBilling/milestones{/number}",
      "notifications_url": "https://api.github.com/repos/poiuytrez/AndroidInAppBilling/notifications{?since,all,participating}",
      "labels_url": "https://api.github.com/repos/poiuytrez/AndroidInAppBilling/labels{/name}",
      "releases_url": "https://api.github.com/repos/poiuytrez/AndroidInAppBilling/releases{/id}",
      "deployments_url": "https://api.github.com/repos/poiuytrez/AndroidInAppBilling/deployments",
      "created_at": "2013-03-01T10:04:09Z",
      "updated_at": "2018-11-19T06:55:47Z",
      "pushed_at": "2018-01-18T09:02:12Z",
      "git_url": "git://github.com/poiuytrez/AndroidInAppBilling.git",
      "ssh_url": "git@github.com:poiuytrez/AndroidInAppBilling.git",
      "clone_url": "https://github.com/poiuytrez/AndroidInAppBilling.git",
      "svn_url": "https://github.com/poiuytrez/AndroidInAppBilling",
      "homepage": null,
      "size": 168,
      "stargazers_count": 175,
      "watchers_count": 175,
      "language": "Java",
      "has_issues": true,
      "has_projects": true,
      "has_downloads": true,
      "has_wiki": true,
      "has_pages": false,
      "forks_count": 162,
      "mirror_url": null,
      "archived": false,
      "open_issues_count": 55,
      "license": null,
      "forks": 162,
      "open_issues": 55,
      "watchers": 175,
      "default_branch": "master",
      "score": 48.61881
    },
    {
      "id": 18633290,
      "node_id": "MDEwOlJlcG9zaXRvcnkxODYzMzI5MA==",
      "name": "pocketsphinx-android",
      "full_name": "cmusphinx/pocketsphinx-android",
      "private": false,
      "owner": {
        "login": "cmusphinx",
        "id": 7203378,
        "node_id": "MDEyOk9yZ2FuaXphdGlvbjcyMDMzNzg=",
        "avatar_url": "https://avatars2.githubusercontent.com/u/7203378?v=4",
        "gravatar_id": "",
        "url": "https://api.github.com/users/cmusphinx",
        "html_url": "https://github.com/cmusphinx",
        "followers_url": "https://api.github.com/users/cmusphinx/followers",
        "following_url": "https://api.github.com/users/cmusphinx/following{/other_user}",
        "gists_url": "https://api.github.com/users/cmusphinx/gists{/gist_id}",
        "starred_url": "https://api.github.com/users/cmusphinx/starred{/owner}{/repo}",
        "subscriptions_url": "https://api.github.com/users/cmusphinx/subscriptions",
        "organizations_url": "https://api.github.com/users/cmusphinx/orgs",
        "repos_url": "https://api.github.com/users/cmusphinx/repos",
        "events_url": "https://api.github.com/users/cmusphinx/events{/privacy}",
        "received_events_url": "https://api.github.com/users/cmusphinx/received_events",
        "type": "Organization",
        "site_admin": false
      },
      "html_url": "https://github.com/cmusphinx/pocketsphinx-android",
      "description": "pocketsphinx build for Android",
      "fork": false,
      "url": "https://api.github.com/repos/cmusphinx/pocketsphinx-android",
      "forks_url": "https://api.github.com/repos/cmusphinx/pocketsphinx-android/forks",
      "keys_url": "https://api.github.com/repos/cmusphinx/pocketsphinx-android/keys{/key_id}",
      "collaborators_url": "https://api.github.com/repos/cmusphinx/pocketsphinx-android/collaborators{/collaborator}",
      "teams_url": "https://api.github.com/repos/cmusphinx/pocketsphinx-android/teams",
      "hooks_url": "https://api.github.com/repos/cmusphinx/pocketsphinx-android/hooks",
      "issue_events_url": "https://api.github.com/repos/cmusphinx/pocketsphinx-android/issues/events{/number}",
      "events_url": "https://api.github.com/repos/cmusphinx/pocketsphinx-android/events",
      "assignees_url": "https://api.github.com/repos/cmusphinx/pocketsphinx-android/assignees{/user}",
      "branches_url": "https://api.github.com/repos/cmusphinx/pocketsphinx-android/branches{/branch}",
      "tags_url": "https://api.github.com/repos/cmusphinx/pocketsphinx-android/tags",
      "blobs_url": "https://api.github.com/repos/cmusphinx/pocketsphinx-android/git/blobs{/sha}",
      "git_tags_url": "https://api.github.com/repos/cmusphinx/pocketsphinx-android/git/tags{/sha}",
      "git_refs_url": "https://api.github.com/repos/cmusphinx/pocketsphinx-android/git/refs{/sha}",
      "trees_url": "https://api.github.com/repos/cmusphinx/pocketsphinx-android/git/trees{/sha}",
      "statuses_url": "https://api.github.com/repos/cmusphinx/pocketsphinx-android/statuses/{sha}",
      "languages_url": "https://api.github.com/repos/cmusphinx/pocketsphinx-android/languages",
      "stargazers_url": "https://api.github.com/repos/cmusphinx/pocketsphinx-android/stargazers",
      "contributors_url": "https://api.github.com/repos/cmusphinx/pocketsphinx-android/contributors",
      "subscribers_url": "https://api.github.com/repos/cmusphinx/pocketsphinx-android/subscribers",
      "subscription_url": "https://api.github.com/repos/cmusphinx/pocketsphinx-android/subscription",
      "commits_url": "https://api.github.com/repos/cmusphinx/pocketsphinx-android/commits{/sha}",
      "git_commits_url": "https://api.github.com/repos/cmusphinx/pocketsphinx-android/git/commits{/sha}",
      "comments_url": "https://api.github.com/repos/cmusphinx/pocketsphinx-android/comments{/number}",
      "issue_comment_url": "https://api.github.com/repos/cmusphinx/pocketsphinx-android/issues/comments{/number}",
      "contents_url": "https://api.github.com/repos/cmusphinx/pocketsphinx-android/contents/{+path}",
      "compare_url": "https://api.github.com/repos/cmusphinx/pocketsphinx-android/compare/{base}...{head}",
      "merges_url": "https://api.github.com/repos/cmusphinx/pocketsphinx-android/merges",
      "archive_url": "https://api.github.com/repos/cmusphinx/pocketsphinx-android/{archive_format}{/ref}",
      "downloads_url": "https://api.github.com/repos/cmusphinx/pocketsphinx-android/downloads",
      "issues_url": "https://api.github.com/repos/cmusphinx/pocketsphinx-android/issues{/number}",
      "pulls_url": "https://api.github.com/repos/cmusphinx/pocketsphinx-android/pulls{/number}",
      "milestones_url": "https://api.github.com/repos/cmusphinx/pocketsphinx-android/milestones{/number}",
      "notifications_url": "https://api.github.com/repos/cmusphinx/pocketsphinx-android/notifications{?since,all,participating}",
      "labels_url": "https://api.github.com/repos/cmusphinx/pocketsphinx-android/labels{/name}",
      "releases_url": "https://api.github.com/repos/cmusphinx/pocketsphinx-android/releases{/id}",
      "deployments_url": "https://api.github.com/repos/cmusphinx/pocketsphinx-android/deployments",
      "created_at": "2014-04-10T10:58:38Z",
      "updated_at": "2018-11-28T12:04:57Z",
      "pushed_at": "2018-01-17T06:58:00Z",
      "git_url": "git://github.com/cmusphinx/pocketsphinx-android.git",
      "ssh_url": "git@github.com:cmusphinx/pocketsphinx-android.git",
      "clone_url": "https://github.com/cmusphinx/pocketsphinx-android.git",
      "svn_url": "https://github.com/cmusphinx/pocketsphinx-android",
      "homepage": null,
      "size": 157,
      "stargazers_count": 161,
      "watchers_count": 161,
      "language": "Java",
      "has_issues": true,
      "has_projects": false,
      "has_downloads": true,
      "has_wiki": false,
      "has_pages": false,
      "forks_count": 90,
      "mirror_url": null,
      "archived": false,
      "open_issues_count": 10,
      "license": {
        "key": "bsd-2-clause",
        "name": "BSD 2-Clause \"Simplified\" License",
        "spdx_id": "BSD-2-Clause",
        "url": "https://api.github.com/licenses/bsd-2-clause",
        "node_id": "MDc6TGljZW5zZTQ="
      },
      "forks": 90,
      "open_issues": 10,
      "watchers": 161,
      "default_branch": "master",
      "score": 39.323475
    },
    {
      "id": 41251625,
      "node_id": "MDEwOlJlcG9zaXRvcnk0MTI1MTYyNQ==",
      "name": "AirPlay-Receiver-on-Android",
      "full_name": "gpfduoduo/AirPlay-Receiver-on-Android",
      "private": false,
      "owner": {
        "login": "gpfduoduo",
        "id": 3996340,
        "node_id": "MDQ6VXNlcjM5OTYzNDA=",
        "avatar_url": "https://avatars3.githubusercontent.com/u/3996340?v=4",
        "gravatar_id": "",
        "url": "https://api.github.com/users/gpfduoduo",
        "html_url": "https://github.com/gpfduoduo",
        "followers_url": "https://api.github.com/users/gpfduoduo/followers",
        "following_url": "https://api.github.com/users/gpfduoduo/following{/other_user}",
        "gists_url": "https://api.github.com/users/gpfduoduo/gists{/gist_id}",
        "starred_url": "https://api.github.com/users/gpfduoduo/starred{/owner}{/repo}",
        "subscriptions_url": "https://api.github.com/users/gpfduoduo/subscriptions",
        "organizations_url": "https://api.github.com/users/gpfduoduo/orgs",
        "repos_url": "https://api.github.com/users/gpfduoduo/repos",
        "events_url": "https://api.github.com/users/gpfduoduo/events{/privacy}",
        "received_events_url": "https://api.github.com/users/gpfduoduo/received_events",
        "type": "User",
        "site_admin": false
      },
      "html_url": "https://github.com/gpfduoduo/AirPlay-Receiver-on-Android",
      "description": "在Android中实现Airplay（图片+视频）的接收端",
      "fork": false,
      "url": "https://api.github.com/repos/gpfduoduo/AirPlay-Receiver-on-Android",
      "forks_url": "https://api.github.com/repos/gpfduoduo/AirPlay-Receiver-on-Android/forks",
      "keys_url": "https://api.github.com/repos/gpfduoduo/AirPlay-Receiver-on-Android/keys{/key_id}",
      "collaborators_url": "https://api.github.com/repos/gpfduoduo/AirPlay-Receiver-on-Android/collaborators{/collaborator}",
      "teams_url": "https://api.github.com/repos/gpfduoduo/AirPlay-Receiver-on-Android/teams",
      "hooks_url": "https://api.github.com/repos/gpfduoduo/AirPlay-Receiver-on-Android/hooks",
      "issue_events_url": "https://api.github.com/repos/gpfduoduo/AirPlay-Receiver-on-Android/issues/events{/number}",
      "events_url": "https://api.github.com/repos/gpfduoduo/AirPlay-Receiver-on-Android/events",
      "assignees_url": "https://api.github.com/repos/gpfduoduo/AirPlay-Receiver-on-Android/assignees{/user}",
      "branches_url": "https://api.github.com/repos/gpfduoduo/AirPlay-Receiver-on-Android/branches{/branch}",
      "tags_url": "https://api.github.com/repos/gpfduoduo/AirPlay-Receiver-on-Android/tags",
      "blobs_url": "https://api.github.com/repos/gpfduoduo/AirPlay-Receiver-on-Android/git/blobs{/sha}",
      "git_tags_url": "https://api.github.com/repos/gpfduoduo/AirPlay-Receiver-on-Android/git/tags{/sha}",
      "git_refs_url": "https://api.github.com/repos/gpfduoduo/AirPlay-Receiver-on-Android/git/refs{/sha}",
      "trees_url": "https://api.github.com/repos/gpfduoduo/AirPlay-Receiver-on-Android/git/trees{/sha}",
      "statuses_url": "https://api.github.com/repos/gpfduoduo/AirPlay-Receiver-on-Android/statuses/{sha}",
      "languages_url": "https://api.github.com/repos/gpfduoduo/AirPlay-Receiver-on-Android/languages",
      "stargazers_url": "https://api.github.com/repos/gpfduoduo/AirPlay-Receiver-on-Android/stargazers",
      "contributors_url": "https://api.github.com/repos/gpfduoduo/AirPlay-Receiver-on-Android/contributors",
      "subscribers_url": "https://api.github.com/repos/gpfduoduo/AirPlay-Receiver-on-Android/subscribers",
      "subscription_url": "https://api.github.com/repos/gpfduoduo/AirPlay-Receiver-on-Android/subscription",
      "commits_url": "https://api.github.com/repos/gpfduoduo/AirPlay-Receiver-on-Android/commits{/sha}",
      "git_commits_url": "https://api.github.com/repos/gpfduoduo/AirPlay-Receiver-on-Android/git/commits{/sha}",
      "comments_url": "https://api.github.com/repos/gpfduoduo/AirPlay-Receiver-on-Android/comments{/number}",
      "issue_comment_url": "https://api.github.com/repos/gpfduoduo/AirPlay-Receiver-on-Android/issues/comments{/number}",
      "contents_url": "https://api.github.com/repos/gpfduoduo/AirPlay-Receiver-on-Android/contents/{+path}",
      "compare_url": "https://api.github.com/repos/gpfduoduo/AirPlay-Receiver-on-Android/compare/{base}...{head}",
      "merges_url": "https://api.github.com/repos/gpfduoduo/AirPlay-Receiver-on-Android/merges",
      "archive_url": "https://api.github.com/repos/gpfduoduo/AirPlay-Receiver-on-Android/{archive_format}{/ref}",
      "downloads_url": "https://api.github.com/repos/gpfduoduo/AirPlay-Receiver-on-Android/downloads",
      "issues_url": "https://api.github.com/repos/gpfduoduo/AirPlay-Receiver-on-Android/issues{/number}",
      "pulls_url": "https://api.github.com/repos/gpfduoduo/AirPlay-Receiver-on-Android/pulls{/number}",
      "milestones_url": "https://api.github.com/repos/gpfduoduo/AirPlay-Receiver-on-Android/milestones{/number}",
      "notifications_url": "https://api.github.com/repos/gpfduoduo/AirPlay-Receiver-on-Android/notifications{?since,all,participating}",
      "labels_url": "https://api.github.com/repos/gpfduoduo/AirPlay-Receiver-on-Android/labels{/name}",
      "releases_url": "https://api.github.com/repos/gpfduoduo/AirPlay-Receiver-on-Android/releases{/id}",
      "deployments_url": "https://api.github.com/repos/gpfduoduo/AirPlay-Receiver-on-Android/deployments",
      "created_at": "2015-08-23T13:57:16Z",
      "updated_at": "2018-11-22T05:51:49Z",
      "pushed_at": "2018-01-18T03:10:23Z",
      "git_url": "git://github.com/gpfduoduo/AirPlay-Receiver-on-Android.git",
      "ssh_url": "git@github.com:gpfduoduo/AirPlay-Receiver-on-Android.git",
      "clone_url": "https://github.com/gpfduoduo/AirPlay-Receiver-on-Android.git",
      "svn_url": "https://github.com/gpfduoduo/AirPlay-Receiver-on-Android",
      "homepage": "",
      "size": 33604,
      "stargazers_count": 175,
      "watchers_count": 175,
      "language": "Java",
      "has_issues": true,
      "has_projects": true,
      "has_downloads": true,
      "has_wiki": true,
      "has_pages": false,
      "forks_count": 63,
      "mirror_url": null,
      "archived": false,
      "open_issues_count": 9,
      "license": null,
      "forks": 63,
      "open_issues": 9,
      "watchers": 175,
      "default_branch": "master",
      "score": 33.945587
    },
    {
      "id": 77109591,
      "node_id": "MDEwOlJlcG9zaXRvcnk3NzEwOTU5MQ==",
      "name": "LSettingView",
      "full_name": "leonHua/LSettingView",
      "private": false,
      "owner": {
        "login": "leonHua",
        "id": 16703661,
        "node_id": "MDQ6VXNlcjE2NzAzNjYx",
        "avatar_url": "https://avatars1.githubusercontent.com/u/16703661?v=4",
        "gravatar_id": "",
        "url": "https://api.github.com/users/leonHua",
        "html_url": "https://github.com/leonHua",
        "followers_url": "https://api.github.com/users/leonHua/followers",
        "following_url": "https://api.github.com/users/leonHua/following{/other_user}",
        "gists_url": "https://api.github.com/users/leonHua/gists{/gist_id}",
        "starred_url": "https://api.github.com/users/leonHua/starred{/owner}{/repo}",
        "subscriptions_url": "https://api.github.com/users/leonHua/subscriptions",
        "organizations_url": "https://api.github.com/users/leonHua/orgs",
        "repos_url": "https://api.github.com/users/leonHua/repos",
        "events_url": "https://api.github.com/users/leonHua/events{/privacy}",
        "received_events_url": "https://api.github.com/users/leonHua/received_events",
        "type": "User",
        "site_admin": false
      },
      "html_url": "https://github.com/leonHua/LSettingView",
      "description": "非常常用的设置界面条目 very useful setting item",
      "fork": false,
      "url": "https://api.github.com/repos/leonHua/LSettingView",
      "forks_url": "https://api.github.com/repos/leonHua/LSettingView/forks",
      "keys_url": "https://api.github.com/repos/leonHua/LSettingView/keys{/key_id}",
      "collaborators_url": "https://api.github.com/repos/leonHua/LSettingView/collaborators{/collaborator}",
      "teams_url": "https://api.github.com/repos/leonHua/LSettingView/teams",
      "hooks_url": "https://api.github.com/repos/leonHua/LSettingView/hooks",
      "issue_events_url": "https://api.github.com/repos/leonHua/LSettingView/issues/events{/number}",
      "events_url": "https://api.github.com/repos/leonHua/LSettingView/events",
      "assignees_url": "https://api.github.com/repos/leonHua/LSettingView/assignees{/user}",
      "branches_url": "https://api.github.com/repos/leonHua/LSettingView/branches{/branch}",
      "tags_url": "https://api.github.com/repos/leonHua/LSettingView/tags",
      "blobs_url": "https://api.github.com/repos/leonHua/LSettingView/git/blobs{/sha}",
      "git_tags_url": "https://api.github.com/repos/leonHua/LSettingView/git/tags{/sha}",
      "git_refs_url": "https://api.github.com/repos/leonHua/LSettingView/git/refs{/sha}",
      "trees_url": "https://api.github.com/repos/leonHua/LSettingView/git/trees{/sha}",
      "statuses_url": "https://api.github.com/repos/leonHua/LSettingView/statuses/{sha}",
      "languages_url": "https://api.github.com/repos/leonHua/LSettingView/languages",
      "stargazers_url": "https://api.github.com/repos/leonHua/LSettingView/stargazers",
      "contributors_url": "https://api.github.com/repos/leonHua/LSettingView/contributors",
      "subscribers_url": "https://api.github.com/repos/leonHua/LSettingView/subscribers",
      "subscription_url": "https://api.github.com/repos/leonHua/LSettingView/subscription",
      "commits_url": "https://api.github.com/repos/leonHua/LSettingView/commits{/sha}",
      "git_commits_url": "https://api.github.com/repos/leonHua/LSettingView/git/commits{/sha}",
      "comments_url": "https://api.github.com/repos/leonHua/LSettingView/comments{/number}",
      "issue_comment_url": "https://api.github.com/repos/leonHua/LSettingView/issues/comments{/number}",
      "contents_url": "https://api.github.com/repos/leonHua/LSettingView/contents/{+path}",
      "compare_url": "https://api.github.com/repos/leonHua/LSettingView/compare/{base}...{head}",
      "merges_url": "https://api.github.com/repos/leonHua/LSettingView/merges",
      "archive_url": "https://api.github.com/repos/leonHua/LSettingView/{archive_format}{/ref}",
      "downloads_url": "https://api.github.com/repos/leonHua/LSettingView/downloads",
      "issues_url": "https://api.github.com/repos/leonHua/LSettingView/issues{/number}",
      "pulls_url": "https://api.github.com/repos/leonHua/LSettingView/pulls{/number}",
      "milestones_url": "https://api.github.com/repos/leonHua/LSettingView/milestones{/number}",
      "notifications_url": "https://api.github.com/repos/leonHua/LSettingView/notifications{?since,all,participating}",
      "labels_url": "https://api.github.com/repos/leonHua/LSettingView/labels{/name}",
      "releases_url": "https://api.github.com/repos/leonHua/LSettingView/releases{/id}",
      "deployments_url": "https://api.github.com/repos/leonHua/LSettingView/deployments",
      "created_at": "2016-12-22T03:42:27Z",
      "updated_at": "2018-11-25T07:27:15Z",
      "pushed_at": "2018-01-18T03:54:00Z",
      "git_url": "git://github.com/leonHua/LSettingView.git",
      "ssh_url": "git@github.com:leonHua/LSettingView.git",
      "clone_url": "https://github.com/leonHua/LSettingView.git",
      "svn_url": "https://github.com/leonHua/LSettingView",
      "homepage": "",
      "size": 1220,
      "stargazers_count": 226,
      "watchers_count": 226,
      "language": "Java",
      "has_issues": true,
      "has_projects": true,
      "has_downloads": true,
      "has_wiki": true,
      "has_pages": false,
      "forks_count": 56,
      "mirror_url": null,
      "archived": false,
      "open_issues_count": 8,
      "license": null,
      "forks": 56,
      "open_issues": 8,
      "watchers": 226,
      "default_branch": "master",
      "score": 30.705837
    },
    {
      "id": 75385858,
      "node_id": "MDEwOlJlcG9zaXRvcnk3NTM4NTg1OA==",
      "name": "Android-PickerView-Library",
      "full_name": "Airsaid/Android-PickerView-Library",
      "private": false,
      "owner": {
        "login": "Airsaid",
        "id": 15967150,
        "node_id": "MDQ6VXNlcjE1OTY3MTUw",
        "avatar_url": "https://avatars3.githubusercontent.com/u/15967150?v=4",
        "gravatar_id": "",
        "url": "https://api.github.com/users/Airsaid",
        "html_url": "https://github.com/Airsaid",
        "followers_url": "https://api.github.com/users/Airsaid/followers",
        "following_url": "https://api.github.com/users/Airsaid/following{/other_user}",
        "gists_url": "https://api.github.com/users/Airsaid/gists{/gist_id}",
        "starred_url": "https://api.github.com/users/Airsaid/starred{/owner}{/repo}",
        "subscriptions_url": "https://api.github.com/users/Airsaid/subscriptions",
        "organizations_url": "https://api.github.com/users/Airsaid/orgs",
        "repos_url": "https://api.github.com/users/Airsaid/repos",
        "events_url": "https://api.github.com/users/Airsaid/events{/privacy}",
        "received_events_url": "https://api.github.com/users/Airsaid/received_events",
        "type": "User",
        "site_admin": false
      },
      "html_url": "https://github.com/Airsaid/Android-PickerView-Library",
      "description": "Simple PickerView for Android - code from https://github.com/saiwu-bigkoo/Android-PickerView",
      "fork": false,
      "url": "https://api.github.com/repos/Airsaid/Android-PickerView-Library",
      "forks_url": "https://api.github.com/repos/Airsaid/Android-PickerView-Library/forks",
      "keys_url": "https://api.github.com/repos/Airsaid/Android-PickerView-Library/keys{/key_id}",
      "collaborators_url": "https://api.github.com/repos/Airsaid/Android-PickerView-Library/collaborators{/collaborator}",
      "teams_url": "https://api.github.com/repos/Airsaid/Android-PickerView-Library/teams",
      "hooks_url": "https://api.github.com/repos/Airsaid/Android-PickerView-Library/hooks",
      "issue_events_url": "https://api.github.com/repos/Airsaid/Android-PickerView-Library/issues/events{/number}",
      "events_url": "https://api.github.com/repos/Airsaid/Android-PickerView-Library/events",
      "assignees_url": "https://api.github.com/repos/Airsaid/Android-PickerView-Library/assignees{/user}",
      "branches_url": "https://api.github.com/repos/Airsaid/Android-PickerView-Library/branches{/branch}",
      "tags_url": "https://api.github.com/repos/Airsaid/Android-PickerView-Library/tags",
      "blobs_url": "https://api.github.com/repos/Airsaid/Android-PickerView-Library/git/blobs{/sha}",
      "git_tags_url": "https://api.github.com/repos/Airsaid/Android-PickerView-Library/git/tags{/sha}",
      "git_refs_url": "https://api.github.com/repos/Airsaid/Android-PickerView-Library/git/refs{/sha}",
      "trees_url": "https://api.github.com/repos/Airsaid/Android-PickerView-Library/git/trees{/sha}",
      "statuses_url": "https://api.github.com/repos/Airsaid/Android-PickerView-Library/statuses/{sha}",
      "languages_url": "https://api.github.com/repos/Airsaid/Android-PickerView-Library/languages",
      "stargazers_url": "https://api.github.com/repos/Airsaid/Android-PickerView-Library/stargazers",
      "contributors_url": "https://api.github.com/repos/Airsaid/Android-PickerView-Library/contributors",
      "subscribers_url": "https://api.github.com/repos/Airsaid/Android-PickerView-Library/subscribers",
      "subscription_url": "https://api.github.com/repos/Airsaid/Android-PickerView-Library/subscription",
      "commits_url": "https://api.github.com/repos/Airsaid/Android-PickerView-Library/commits{/sha}",
      "git_commits_url": "https://api.github.com/repos/Airsaid/Android-PickerView-Library/git/commits{/sha}",
      "comments_url": "https://api.github.com/repos/Airsaid/Android-PickerView-Library/comments{/number}",
      "issue_comment_url": "https://api.github.com/repos/Airsaid/Android-PickerView-Library/issues/comments{/number}",
      "contents_url": "https://api.github.com/repos/Airsaid/Android-PickerView-Library/contents/{+path}",
      "compare_url": "https://api.github.com/repos/Airsaid/Android-PickerView-Library/compare/{base}...{head}",
      "merges_url": "https://api.github.com/repos/Airsaid/Android-PickerView-Library/merges",
      "archive_url": "https://api.github.com/repos/Airsaid/Android-PickerView-Library/{archive_format}{/ref}",
      "downloads_url": "https://api.github.com/repos/Airsaid/Android-PickerView-Library/downloads",
      "issues_url": "https://api.github.com/repos/Airsaid/Android-PickerView-Library/issues{/number}",
      "pulls_url": "https://api.github.com/repos/Airsaid/Android-PickerView-Library/pulls{/number}",
      "milestones_url": "https://api.github.com/repos/Airsaid/Android-PickerView-Library/milestones{/number}",
      "notifications_url": "https://api.github.com/repos/Airsaid/Android-PickerView-Library/notifications{?since,all,participating}",
      "labels_url": "https://api.github.com/repos/Airsaid/Android-PickerView-Library/labels{/name}",
      "releases_url": "https://api.github.com/repos/Airsaid/Android-PickerView-Library/releases{/id}",
      "deployments_url": "https://api.github.com/repos/Airsaid/Android-PickerView-Library/deployments",
      "created_at": "2016-12-02T10:28:44Z",
      "updated_at": "2018-09-30T10:15:20Z",
      "pushed_at": "2018-01-19T02:42:55Z",
      "git_url": "git://github.com/Airsaid/Android-PickerView-Library.git",
      "ssh_url": "git@github.com:Airsaid/Android-PickerView-Library.git",
      "clone_url": "https://github.com/Airsaid/Android-PickerView-Library.git",
      "svn_url": "https://github.com/Airsaid/Android-PickerView-Library",
      "homepage": "",
      "size": 469,
      "stargazers_count": 105,
      "watchers_count": 105,
      "language": "Java",
      "has_issues": true,
      "has_projects": true,
      "has_downloads": true,
      "has_wiki": true,
      "has_pages": false,
      "forks_count": 21,
      "mirror_url": null,
      "archived": false,
      "open_issues_count": 3,
      "license": null,
      "forks": 21,
      "open_issues": 3,
      "watchers": 105,
      "default_branch": "master",
      "score": 29.257435
    },
    {
      "id": 117252631,
      "node_id": "MDEwOlJlcG9zaXRvcnkxMTcyNTI2MzE=",
      "name": "WifiTransfer-master",
      "full_name": "MZCretin/WifiTransfer-master",
      "private": false,
      "owner": {
        "login": "MZCretin",
        "id": 16283031,
        "node_id": "MDQ6VXNlcjE2MjgzMDMx",
        "avatar_url": "https://avatars0.githubusercontent.com/u/16283031?v=4",
        "gravatar_id": "",
        "url": "https://api.github.com/users/MZCretin",
        "html_url": "https://github.com/MZCretin",
        "followers_url": "https://api.github.com/users/MZCretin/followers",
        "following_url": "https://api.github.com/users/MZCretin/following{/other_user}",
        "gists_url": "https://api.github.com/users/MZCretin/gists{/gist_id}",
        "starred_url": "https://api.github.com/users/MZCretin/starred{/owner}{/repo}",
        "subscriptions_url": "https://api.github.com/users/MZCretin/subscriptions",
        "organizations_url": "https://api.github.com/users/MZCretin/orgs",
        "repos_url": "https://api.github.com/users/MZCretin/repos",
        "events_url": "https://api.github.com/users/MZCretin/events{/privacy}",
        "received_events_url": "https://api.github.com/users/MZCretin/received_events",
        "type": "User",
        "site_admin": false
      },
      "html_url": "https://github.com/MZCretin/WifiTransfer-master",
      "description": "Android下WIFI隔空apk安装",
      "fork": false,
      "url": "https://api.github.com/repos/MZCretin/WifiTransfer-master",
      "forks_url": "https://api.github.com/repos/MZCretin/WifiTransfer-master/forks",
      "keys_url": "https://api.github.com/repos/MZCretin/WifiTransfer-master/keys{/key_id}",
      "collaborators_url": "https://api.github.com/repos/MZCretin/WifiTransfer-master/collaborators{/collaborator}",
      "teams_url": "https://api.github.com/repos/MZCretin/WifiTransfer-master/teams",
      "hooks_url": "https://api.github.com/repos/MZCretin/WifiTransfer-master/hooks",
      "issue_events_url": "https://api.github.com/repos/MZCretin/WifiTransfer-master/issues/events{/number}",
      "events_url": "https://api.github.com/repos/MZCretin/WifiTransfer-master/events",
      "assignees_url": "https://api.github.com/repos/MZCretin/WifiTransfer-master/assignees{/user}",
      "branches_url": "https://api.github.com/repos/MZCretin/WifiTransfer-master/branches{/branch}",
      "tags_url": "https://api.github.com/repos/MZCretin/WifiTransfer-master/tags",
      "blobs_url": "https://api.github.com/repos/MZCretin/WifiTransfer-master/git/blobs{/sha}",
      "git_tags_url": "https://api.github.com/repos/MZCretin/WifiTransfer-master/git/tags{/sha}",
      "git_refs_url": "https://api.github.com/repos/MZCretin/WifiTransfer-master/git/refs{/sha}",
      "trees_url": "https://api.github.com/repos/MZCretin/WifiTransfer-master/git/trees{/sha}",
      "statuses_url": "https://api.github.com/repos/MZCretin/WifiTransfer-master/statuses/{sha}",
      "languages_url": "https://api.github.com/repos/MZCretin/WifiTransfer-master/languages",
      "stargazers_url": "https://api.github.com/repos/MZCretin/WifiTransfer-master/stargazers",
      "contributors_url": "https://api.github.com/repos/MZCretin/WifiTransfer-master/contributors",
      "subscribers_url": "https://api.github.com/repos/MZCretin/WifiTransfer-master/subscribers",
      "subscription_url": "https://api.github.com/repos/MZCretin/WifiTransfer-master/subscription",
      "commits_url": "https://api.github.com/repos/MZCretin/WifiTransfer-master/commits{/sha}",
      "git_commits_url": "https://api.github.com/repos/MZCretin/WifiTransfer-master/git/commits{/sha}",
      "comments_url": "https://api.github.com/repos/MZCretin/WifiTransfer-master/comments{/number}",
      "issue_comment_url": "https://api.github.com/repos/MZCretin/WifiTransfer-master/issues/comments{/number}",
      "contents_url": "https://api.github.com/repos/MZCretin/WifiTransfer-master/contents/{+path}",
      "compare_url": "https://api.github.com/repos/MZCretin/WifiTransfer-master/compare/{base}...{head}",
      "merges_url": "https://api.github.com/repos/MZCretin/WifiTransfer-master/merges",
      "archive_url": "https://api.github.com/repos/MZCretin/WifiTransfer-master/{archive_format}{/ref}",
      "downloads_url": "https://api.github.com/repos/MZCretin/WifiTransfer-master/downloads",
      "issues_url": "https://api.github.com/repos/MZCretin/WifiTransfer-master/issues{/number}",
      "pulls_url": "https://api.github.com/repos/MZCretin/WifiTransfer-master/pulls{/number}",
      "milestones_url": "https://api.github.com/repos/MZCretin/WifiTransfer-master/milestones{/number}",
      "notifications_url": "https://api.github.com/repos/MZCretin/WifiTransfer-master/notifications{?since,all,participating}",
      "labels_url": "https://api.github.com/repos/MZCretin/WifiTransfer-master/labels{/name}",
      "releases_url": "https://api.github.com/repos/MZCretin/WifiTransfer-master/releases{/id}",
      "deployments_url": "https://api.github.com/repos/MZCretin/WifiTransfer-master/deployments",
      "created_at": "2018-01-12T14:47:44Z",
      "updated_at": "2018-11-28T07:46:18Z",
      "pushed_at": "2018-01-18T01:57:20Z",
      "git_url": "git://github.com/MZCretin/WifiTransfer-master.git",
      "ssh_url": "git@github.com:MZCretin/WifiTransfer-master.git",
      "clone_url": "https://github.com/MZCretin/WifiTransfer-master.git",
      "svn_url": "https://github.com/MZCretin/WifiTransfer-master",
      "homepage": null,
      "size": 732,
      "stargazers_count": 419,
      "watchers_count": 419,
      "language": "Java",
      "has_issues": true,
      "has_projects": true,
      "has_downloads": true,
      "has_wiki": true,
      "has_pages": false,
      "forks_count": 100,
      "mirror_url": null,
      "archived": false,
      "open_issues_count": 8,
      "license": null,
      "forks": 100,
      "open_issues": 8,
      "watchers": 419,
      "default_branch": "master",
      "score": 28.974375
    },
    {
      "id": 73681493,
      "node_id": "MDEwOlJlcG9zaXRvcnk3MzY4MTQ5Mw==",
      "name": "HintPopupWindow",
      "full_name": "Zhaoss/HintPopupWindow",
      "private": false,
      "owner": {
        "login": "Zhaoss",
        "id": 14296757,
        "node_id": "MDQ6VXNlcjE0Mjk2NzU3",
        "avatar_url": "https://avatars1.githubusercontent.com/u/14296757?v=4",
        "gravatar_id": "",
        "url": "https://api.github.com/users/Zhaoss",
        "html_url": "https://github.com/Zhaoss",
        "followers_url": "https://api.github.com/users/Zhaoss/followers",
        "following_url": "https://api.github.com/users/Zhaoss/following{/other_user}",
        "gists_url": "https://api.github.com/users/Zhaoss/gists{/gist_id}",
        "starred_url": "https://api.github.com/users/Zhaoss/starred{/owner}{/repo}",
        "subscriptions_url": "https://api.github.com/users/Zhaoss/subscriptions",
        "organizations_url": "https://api.github.com/users/Zhaoss/orgs",
        "repos_url": "https://api.github.com/users/Zhaoss/repos",
        "events_url": "https://api.github.com/users/Zhaoss/events{/privacy}",
        "received_events_url": "https://api.github.com/users/Zhaoss/received_events",
        "type": "User",
        "site_admin": false
      },
      "html_url": "https://github.com/Zhaoss/HintPopupWindow",
      "description": "仿QQ的选项弹窗动画",
      "fork": false,
      "url": "https://api.github.com/repos/Zhaoss/HintPopupWindow",
      "forks_url": "https://api.github.com/repos/Zhaoss/HintPopupWindow/forks",
      "keys_url": "https://api.github.com/repos/Zhaoss/HintPopupWindow/keys{/key_id}",
      "collaborators_url": "https://api.github.com/repos/Zhaoss/HintPopupWindow/collaborators{/collaborator}",
      "teams_url": "https://api.github.com/repos/Zhaoss/HintPopupWindow/teams",
      "hooks_url": "https://api.github.com/repos/Zhaoss/HintPopupWindow/hooks",
      "issue_events_url": "https://api.github.com/repos/Zhaoss/HintPopupWindow/issues/events{/number}",
      "events_url": "https://api.github.com/repos/Zhaoss/HintPopupWindow/events",
      "assignees_url": "https://api.github.com/repos/Zhaoss/HintPopupWindow/assignees{/user}",
      "branches_url": "https://api.github.com/repos/Zhaoss/HintPopupWindow/branches{/branch}",
      "tags_url": "https://api.github.com/repos/Zhaoss/HintPopupWindow/tags",
      "blobs_url": "https://api.github.com/repos/Zhaoss/HintPopupWindow/git/blobs{/sha}",
      "git_tags_url": "https://api.github.com/repos/Zhaoss/HintPopupWindow/git/tags{/sha}",
      "git_refs_url": "https://api.github.com/repos/Zhaoss/HintPopupWindow/git/refs{/sha}",
      "trees_url": "https://api.github.com/repos/Zhaoss/HintPopupWindow/git/trees{/sha}",
      "statuses_url": "https://api.github.com/repos/Zhaoss/HintPopupWindow/statuses/{sha}",
      "languages_url": "https://api.github.com/repos/Zhaoss/HintPopupWindow/languages",
      "stargazers_url": "https://api.github.com/repos/Zhaoss/HintPopupWindow/stargazers",
      "contributors_url": "https://api.github.com/repos/Zhaoss/HintPopupWindow/contributors",
      "subscribers_url": "https://api.github.com/repos/Zhaoss/HintPopupWindow/subscribers",
      "subscription_url": "https://api.github.com/repos/Zhaoss/HintPopupWindow/subscription",
      "commits_url": "https://api.github.com/repos/Zhaoss/HintPopupWindow/commits{/sha}",
      "git_commits_url": "https://api.github.com/repos/Zhaoss/HintPopupWindow/git/commits{/sha}",
      "comments_url": "https://api.github.com/repos/Zhaoss/HintPopupWindow/comments{/number}",
      "issue_comment_url": "https://api.github.com/repos/Zhaoss/HintPopupWindow/issues/comments{/number}",
      "contents_url": "https://api.github.com/repos/Zhaoss/HintPopupWindow/contents/{+path}",
      "compare_url": "https://api.github.com/repos/Zhaoss/HintPopupWindow/compare/{base}...{head}",
      "merges_url": "https://api.github.com/repos/Zhaoss/HintPopupWindow/merges",
      "archive_url": "https://api.github.com/repos/Zhaoss/HintPopupWindow/{archive_format}{/ref}",
      "downloads_url": "https://api.github.com/repos/Zhaoss/HintPopupWindow/downloads",
      "issues_url": "https://api.github.com/repos/Zhaoss/HintPopupWindow/issues{/number}",
      "pulls_url": "https://api.github.com/repos/Zhaoss/HintPopupWindow/pulls{/number}",
      "milestones_url": "https://api.github.com/repos/Zhaoss/HintPopupWindow/milestones{/number}",
      "notifications_url": "https://api.github.com/repos/Zhaoss/HintPopupWindow/notifications{?since,all,participating}",
      "labels_url": "https://api.github.com/repos/Zhaoss/HintPopupWindow/labels{/name}",
      "releases_url": "https://api.github.com/repos/Zhaoss/HintPopupWindow/releases{/id}",
      "deployments_url": "https://api.github.com/repos/Zhaoss/HintPopupWindow/deployments",
      "created_at": "2016-11-14T08:06:47Z",
      "updated_at": "2018-11-29T01:29:19Z",
      "pushed_at": "2018-01-19T10:34:55Z",
      "git_url": "git://github.com/Zhaoss/HintPopupWindow.git",
      "ssh_url": "git@github.com:Zhaoss/HintPopupWindow.git",
      "clone_url": "https://github.com/Zhaoss/HintPopupWindow.git",
      "svn_url": "https://github.com/Zhaoss/HintPopupWindow",
      "homepage": "",
      "size": 3270,
      "stargazers_count": 349,
      "watchers_count": 349,
      "language": "Java",
      "has_issues": true,
      "has_projects": true,
      "has_downloads": true,
      "has_wiki": true,
      "has_pages": true,
      "forks_count": 79,
      "mirror_url": null,
      "archived": false,
      "open_issues_count": 5,
      "license": null,
      "forks": 79,
      "open_issues": 5,
      "watchers": 349,
      "default_branch": "master",
      "score": 28.277632
    },
    {
      "id": 3012154,
      "node_id": "MDEwOlJlcG9zaXRvcnkzMDEyMTU0",
      "name": "ChkBugReport",
      "full_name": "sonyxperiadev/ChkBugReport",
      "private": false,
      "owner": {
        "login": "sonyxperiadev",
        "id": 487469,
        "node_id": "MDQ6VXNlcjQ4NzQ2OQ==",
        "avatar_url": "https://avatars3.githubusercontent.com/u/487469?v=4",
        "gravatar_id": "",
        "url": "https://api.github.com/users/sonyxperiadev",
        "html_url": "https://github.com/sonyxperiadev",
        "followers_url": "https://api.github.com/users/sonyxperiadev/followers",
        "following_url": "https://api.github.com/users/sonyxperiadev/following{/other_user}",
        "gists_url": "https://api.github.com/users/sonyxperiadev/gists{/gist_id}",
        "starred_url": "https://api.github.com/users/sonyxperiadev/starred{/owner}{/repo}",
        "subscriptions_url": "https://api.github.com/users/sonyxperiadev/subscriptions",
        "organizations_url": "https://api.github.com/users/sonyxperiadev/orgs",
        "repos_url": "https://api.github.com/users/sonyxperiadev/repos",
        "events_url": "https://api.github.com/users/sonyxperiadev/events{/privacy}",
        "received_events_url": "https://api.github.com/users/sonyxperiadev/received_events",
        "type": "User",
        "site_admin": false
      },
      "html_url": "https://github.com/sonyxperiadev/ChkBugReport",
      "description": "A command line tool which parses and converts android bugreport files into more human readable html reports.",
      "fork": false,
      "url": "https://api.github.com/repos/sonyxperiadev/ChkBugReport",
      "forks_url": "https://api.github.com/repos/sonyxperiadev/ChkBugReport/forks",
      "keys_url": "https://api.github.com/repos/sonyxperiadev/ChkBugReport/keys{/key_id}",
      "collaborators_url": "https://api.github.com/repos/sonyxperiadev/ChkBugReport/collaborators{/collaborator}",
      "teams_url": "https://api.github.com/repos/sonyxperiadev/ChkBugReport/teams",
      "hooks_url": "https://api.github.com/repos/sonyxperiadev/ChkBugReport/hooks",
      "issue_events_url": "https://api.github.com/repos/sonyxperiadev/ChkBugReport/issues/events{/number}",
      "events_url": "https://api.github.com/repos/sonyxperiadev/ChkBugReport/events",
      "assignees_url": "https://api.github.com/repos/sonyxperiadev/ChkBugReport/assignees{/user}",
      "branches_url": "https://api.github.com/repos/sonyxperiadev/ChkBugReport/branches{/branch}",
      "tags_url": "https://api.github.com/repos/sonyxperiadev/ChkBugReport/tags",
      "blobs_url": "https://api.github.com/repos/sonyxperiadev/ChkBugReport/git/blobs{/sha}",
      "git_tags_url": "https://api.github.com/repos/sonyxperiadev/ChkBugReport/git/tags{/sha}",
      "git_refs_url": "https://api.github.com/repos/sonyxperiadev/ChkBugReport/git/refs{/sha}",
      "trees_url": "https://api.github.com/repos/sonyxperiadev/ChkBugReport/git/trees{/sha}",
      "statuses_url": "https://api.github.com/repos/sonyxperiadev/ChkBugReport/statuses/{sha}",
      "languages_url": "https://api.github.com/repos/sonyxperiadev/ChkBugReport/languages",
      "stargazers_url": "https://api.github.com/repos/sonyxperiadev/ChkBugReport/stargazers",
      "contributors_url": "https://api.github.com/repos/sonyxperiadev/ChkBugReport/contributors",
      "subscribers_url": "https://api.github.com/repos/sonyxperiadev/ChkBugReport/subscribers",
      "subscription_url": "https://api.github.com/repos/sonyxperiadev/ChkBugReport/subscription",
      "commits_url": "https://api.github.com/repos/sonyxperiadev/ChkBugReport/commits{/sha}",
      "git_commits_url": "https://api.github.com/repos/sonyxperiadev/ChkBugReport/git/commits{/sha}",
      "comments_url": "https://api.github.com/repos/sonyxperiadev/ChkBugReport/comments{/number}",
      "issue_comment_url": "https://api.github.com/repos/sonyxperiadev/ChkBugReport/issues/comments{/number}",
      "contents_url": "https://api.github.com/repos/sonyxperiadev/ChkBugReport/contents/{+path}",
      "compare_url": "https://api.github.com/repos/sonyxperiadev/ChkBugReport/compare/{base}...{head}",
      "merges_url": "https://api.github.com/repos/sonyxperiadev/ChkBugReport/merges",
      "archive_url": "https://api.github.com/repos/sonyxperiadev/ChkBugReport/{archive_format}{/ref}",
      "downloads_url": "https://api.github.com/repos/sonyxperiadev/ChkBugReport/downloads",
      "issues_url": "https://api.github.com/repos/sonyxperiadev/ChkBugReport/issues{/number}",
      "pulls_url": "https://api.github.com/repos/sonyxperiadev/ChkBugReport/pulls{/number}",
      "milestones_url": "https://api.github.com/repos/sonyxperiadev/ChkBugReport/milestones{/number}",
      "notifications_url": "https://api.github.com/repos/sonyxperiadev/ChkBugReport/notifications{?since,all,participating}",
      "labels_url": "https://api.github.com/repos/sonyxperiadev/ChkBugReport/labels{/name}",
      "releases_url": "https://api.github.com/repos/sonyxperiadev/ChkBugReport/releases{/id}",
      "deployments_url": "https://api.github.com/repos/sonyxperiadev/ChkBugReport/deployments",
      "created_at": "2011-12-19T13:32:27Z",
      "updated_at": "2018-11-26T09:08:15Z",
      "pushed_at": "2018-01-16T15:48:54Z",
      "git_url": "git://github.com/sonyxperiadev/ChkBugReport.git",
      "ssh_url": "git@github.com:sonyxperiadev/ChkBugReport.git",
      "clone_url": "https://github.com/sonyxperiadev/ChkBugReport.git",
      "svn_url": "https://github.com/sonyxperiadev/ChkBugReport",
      "homepage": "",
      "size": 10611,
      "stargazers_count": 539,
      "watchers_count": 539,
      "language": "Java",
      "has_issues": true,
      "has_projects": true,
      "has_downloads": true,
      "has_wiki": true,
      "has_pages": true,
      "forks_count": 170,
      "mirror_url": null,
      "archived": false,
      "open_issues_count": 10,
      "license": null,
      "forks": 170,
      "open_issues": 10,
      "watchers": 539,
      "default_branch": "master",
      "score": 21.917543
    },
    {
      "id": 72614222,
      "node_id": "MDEwOlJlcG9zaXRvcnk3MjYxNDIyMg==",
      "name": "Module2Module",
      "full_name": "qibin0506/Module2Module",
      "private": false,
      "owner": {
        "login": "qibin0506",
        "id": 7258171,
        "node_id": "MDQ6VXNlcjcyNTgxNzE=",
        "avatar_url": "https://avatars3.githubusercontent.com/u/7258171?v=4",
        "gravatar_id": "",
        "url": "https://api.github.com/users/qibin0506",
        "html_url": "https://github.com/qibin0506",
        "followers_url": "https://api.github.com/users/qibin0506/followers",
        "following_url": "https://api.github.com/users/qibin0506/following{/other_user}",
        "gists_url": "https://api.github.com/users/qibin0506/gists{/gist_id}",
        "starred_url": "https://api.github.com/users/qibin0506/starred{/owner}{/repo}",
        "subscriptions_url": "https://api.github.com/users/qibin0506/subscriptions",
        "organizations_url": "https://api.github.com/users/qibin0506/orgs",
        "repos_url": "https://api.github.com/users/qibin0506/repos",
        "events_url": "https://api.github.com/users/qibin0506/events{/privacy}",
        "received_events_url": "https://api.github.com/users/qibin0506/received_events",
        "type": "User",
        "site_admin": false
      },
      "html_url": "https://github.com/qibin0506/Module2Module",
      "description": "Android模块化开发小demo",
      "fork": false,
      "url": "https://api.github.com/repos/qibin0506/Module2Module",
      "forks_url": "https://api.github.com/repos/qibin0506/Module2Module/forks",
      "keys_url": "https://api.github.com/repos/qibin0506/Module2Module/keys{/key_id}",
      "collaborators_url": "https://api.github.com/repos/qibin0506/Module2Module/collaborators{/collaborator}",
      "teams_url": "https://api.github.com/repos/qibin0506/Module2Module/teams",
      "hooks_url": "https://api.github.com/repos/qibin0506/Module2Module/hooks",
      "issue_events_url": "https://api.github.com/repos/qibin0506/Module2Module/issues/events{/number}",
      "events_url": "https://api.github.com/repos/qibin0506/Module2Module/events",
      "assignees_url": "https://api.github.com/repos/qibin0506/Module2Module/assignees{/user}",
      "branches_url": "https://api.github.com/repos/qibin0506/Module2Module/branches{/branch}",
      "tags_url": "https://api.github.com/repos/qibin0506/Module2Module/tags",
      "blobs_url": "https://api.github.com/repos/qibin0506/Module2Module/git/blobs{/sha}",
      "git_tags_url": "https://api.github.com/repos/qibin0506/Module2Module/git/tags{/sha}",
      "git_refs_url": "https://api.github.com/repos/qibin0506/Module2Module/git/refs{/sha}",
      "trees_url": "https://api.github.com/repos/qibin0506/Module2Module/git/trees{/sha}",
      "statuses_url": "https://api.github.com/repos/qibin0506/Module2Module/statuses/{sha}",
      "languages_url": "https://api.github.com/repos/qibin0506/Module2Module/languages",
      "stargazers_url": "https://api.github.com/repos/qibin0506/Module2Module/stargazers",
      "contributors_url": "https://api.github.com/repos/qibin0506/Module2Module/contributors",
      "subscribers_url": "https://api.github.com/repos/qibin0506/Module2Module/subscribers",
      "subscription_url": "https://api.github.com/repos/qibin0506/Module2Module/subscription",
      "commits_url": "https://api.github.com/repos/qibin0506/Module2Module/commits{/sha}",
      "git_commits_url": "https://api.github.com/repos/qibin0506/Module2Module/git/commits{/sha}",
      "comments_url": "https://api.github.com/repos/qibin0506/Module2Module/comments{/number}",
      "issue_comment_url": "https://api.github.com/repos/qibin0506/Module2Module/issues/comments{/number}",
      "contents_url": "https://api.github.com/repos/qibin0506/Module2Module/contents/{+path}",
      "compare_url": "https://api.github.com/repos/qibin0506/Module2Module/compare/{base}...{head}",
      "merges_url": "https://api.github.com/repos/qibin0506/Module2Module/merges",
      "archive_url": "https://api.github.com/repos/qibin0506/Module2Module/{archive_format}{/ref}",
      "downloads_url": "https://api.github.com/repos/qibin0506/Module2Module/downloads",
      "issues_url": "https://api.github.com/repos/qibin0506/Module2Module/issues{/number}",
      "pulls_url": "https://api.github.com/repos/qibin0506/Module2Module/pulls{/number}",
      "milestones_url": "https://api.github.com/repos/qibin0506/Module2Module/milestones{/number}",
      "notifications_url": "https://api.github.com/repos/qibin0506/Module2Module/notifications{?since,all,participating}",
      "labels_url": "https://api.github.com/repos/qibin0506/Module2Module/labels{/name}",
      "releases_url": "https://api.github.com/repos/qibin0506/Module2Module/releases{/id}",
      "deployments_url": "https://api.github.com/repos/qibin0506/Module2Module/deployments",
      "created_at": "2016-11-02T07:18:51Z",
      "updated_at": "2018-10-08T07:35:51Z",
      "pushed_at": "2018-01-18T08:38:17Z",
      "git_url": "git://github.com/qibin0506/Module2Module.git",
      "ssh_url": "git@github.com:qibin0506/Module2Module.git",
      "clone_url": "https://github.com/qibin0506/Module2Module.git",
      "svn_url": "https://github.com/qibin0506/Module2Module",
      "homepage": "http://blog.csdn.net/qibin0506",
      "size": 118,
      "stargazers_count": 106,
      "watchers_count": 106,
      "language": "Java",
      "has_issues": true,
      "has_projects": true,
      "has_downloads": true,
      "has_wiki": true,
      "has_pages": false,
      "forks_count": 21,
      "mirror_url": null,
      "archived": false,
      "open_issues_count": 0,
      "license": {
        "key": "apache-2.0",
        "name": "Apache License 2.0",
        "spdx_id": "Apache-2.0",
        "url": "https://api.github.com/licenses/apache-2.0",
        "node_id": "MDc6TGljZW5zZTI="
      },
      "forks": 21,
      "open_issues": 0,
      "watchers": 106,
      "default_branch": "master",
      "score": 21.40257
    },
    {
      "id": 45388688,
      "node_id": "MDEwOlJlcG9zaXRvcnk0NTM4ODY4OA==",
      "name": "Droidux",
      "full_name": "izumin5210/Droidux",
      "private": false,
      "owner": {
        "login": "izumin5210",
        "id": 2010175,
        "node_id": "MDQ6VXNlcjIwMTAxNzU=",
        "avatar_url": "https://avatars1.githubusercontent.com/u/2010175?v=4",
        "gravatar_id": "",
        "url": "https://api.github.com/users/izumin5210",
        "html_url": "https://github.com/izumin5210",
        "followers_url": "https://api.github.com/users/izumin5210/followers",
        "following_url": "https://api.github.com/users/izumin5210/following{/other_user}",
        "gists_url": "https://api.github.com/users/izumin5210/gists{/gist_id}",
        "starred_url": "https://api.github.com/users/izumin5210/starred{/owner}{/repo}",
        "subscriptions_url": "https://api.github.com/users/izumin5210/subscriptions",
        "organizations_url": "https://api.github.com/users/izumin5210/orgs",
        "repos_url": "https://api.github.com/users/izumin5210/repos",
        "events_url": "https://api.github.com/users/izumin5210/events{/privacy}",
        "received_events_url": "https://api.github.com/users/izumin5210/received_events",
        "type": "User",
        "site_admin": false
      },
      "html_url": "https://github.com/izumin5210/Droidux",
      "description": "\"Predictable state container\" implementation, inspired by Redux.",
      "fork": false,
      "url": "https://api.github.com/repos/izumin5210/Droidux",
      "forks_url": "https://api.github.com/repos/izumin5210/Droidux/forks",
      "keys_url": "https://api.github.com/repos/izumin5210/Droidux/keys{/key_id}",
      "collaborators_url": "https://api.github.com/repos/izumin5210/Droidux/collaborators{/collaborator}",
      "teams_url": "https://api.github.com/repos/izumin5210/Droidux/teams",
      "hooks_url": "https://api.github.com/repos/izumin5210/Droidux/hooks",
      "issue_events_url": "https://api.github.com/repos/izumin5210/Droidux/issues/events{/number}",
      "events_url": "https://api.github.com/repos/izumin5210/Droidux/events",
      "assignees_url": "https://api.github.com/repos/izumin5210/Droidux/assignees{/user}",
      "branches_url": "https://api.github.com/repos/izumin5210/Droidux/branches{/branch}",
      "tags_url": "https://api.github.com/repos/izumin5210/Droidux/tags",
      "blobs_url": "https://api.github.com/repos/izumin5210/Droidux/git/blobs{/sha}",
      "git_tags_url": "https://api.github.com/repos/izumin5210/Droidux/git/tags{/sha}",
      "git_refs_url": "https://api.github.com/repos/izumin5210/Droidux/git/refs{/sha}",
      "trees_url": "https://api.github.com/repos/izumin5210/Droidux/git/trees{/sha}",
      "statuses_url": "https://api.github.com/repos/izumin5210/Droidux/statuses/{sha}",
      "languages_url": "https://api.github.com/repos/izumin5210/Droidux/languages",
      "stargazers_url": "https://api.github.com/repos/izumin5210/Droidux/stargazers",
      "contributors_url": "https://api.github.com/repos/izumin5210/Droidux/contributors",
      "subscribers_url": "https://api.github.com/repos/izumin5210/Droidux/subscribers",
      "subscription_url": "https://api.github.com/repos/izumin5210/Droidux/subscription",
      "commits_url": "https://api.github.com/repos/izumin5210/Droidux/commits{/sha}",
      "git_commits_url": "https://api.github.com/repos/izumin5210/Droidux/git/commits{/sha}",
      "comments_url": "https://api.github.com/repos/izumin5210/Droidux/comments{/number}",
      "issue_comment_url": "https://api.github.com/repos/izumin5210/Droidux/issues/comments{/number}",
      "contents_url": "https://api.github.com/repos/izumin5210/Droidux/contents/{+path}",
      "compare_url": "https://api.github.com/repos/izumin5210/Droidux/compare/{base}...{head}",
      "merges_url": "https://api.github.com/repos/izumin5210/Droidux/merges",
      "archive_url": "https://api.github.com/repos/izumin5210/Droidux/{archive_format}{/ref}",
      "downloads_url": "https://api.github.com/repos/izumin5210/Droidux/downloads",
      "issues_url": "https://api.github.com/repos/izumin5210/Droidux/issues{/number}",
      "pulls_url": "https://api.github.com/repos/izumin5210/Droidux/pulls{/number}",
      "milestones_url": "https://api.github.com/repos/izumin5210/Droidux/milestones{/number}",
      "notifications_url": "https://api.github.com/repos/izumin5210/Droidux/notifications{?since,all,participating}",
      "labels_url": "https://api.github.com/repos/izumin5210/Droidux/labels{/name}",
      "releases_url": "https://api.github.com/repos/izumin5210/Droidux/releases{/id}",
      "deployments_url": "https://api.github.com/repos/izumin5210/Droidux/deployments",
      "created_at": "2015-11-02T10:48:37Z",
      "updated_at": "2018-10-01T08:21:02Z",
      "pushed_at": "2018-01-16T12:22:47Z",
      "git_url": "git://github.com/izumin5210/Droidux.git",
      "ssh_url": "git@github.com:izumin5210/Droidux.git",
      "clone_url": "https://github.com/izumin5210/Droidux.git",
      "svn_url": "https://github.com/izumin5210/Droidux",
      "homepage": "https://github.com/izumin5210/Droidux",
      "size": 478,
      "stargazers_count": 162,
      "watchers_count": 162,
      "language": "Java",
      "has_issues": true,
      "has_projects": true,
      "has_downloads": true,
      "has_wiki": false,
      "has_pages": false,
      "forks_count": 13,
      "mirror_url": null,
      "archived": false,
      "open_issues_count": 5,
      "license": {
        "key": "apache-2.0",
        "name": "Apache License 2.0",
        "spdx_id": "Apache-2.0",
        "url": "https://api.github.com/licenses/apache-2.0",
        "node_id": "MDc6TGljZW5zZTI="
      },
      "forks": 13,
      "open_issues": 5,
      "watchers": 162,
      "default_branch": "master",
      "score": 20.793287
    }
  ]
}
