{
  "total_count": 13,
  "incomplete_results": false,
  "items": [
    {
      "id": 33467307,
      "node_id": "MDEwOlJlcG9zaXRvcnkzMzQ2NzMwNw==",
      "name": "android-shapeLoadingView",
      "full_name": "zzz40500/android-shapeLoadingView",
      "private": false,
      "owner": {
        "login": "zzz40500",
        "id": 5378647,
        "node_id": "MDQ6VXNlcjUzNzg2NDc=",
        "avatar_url": "https://avatars2.githubusercontent.com/u/5378647?v=4",
        "gravatar_id": "",
        "url": "https://api.github.com/users/zzz40500",
        "html_url": "https://github.com/zzz40500",
        "followers_url": "https://api.github.com/users/zzz40500/followers",
        "following_url": "https://api.github.com/users/zzz40500/following{/other_user}",
        "gists_url": "https://api.github.com/users/zzz40500/gists{/gist_id}",
        "starred_url": "https://api.github.com/users/zzz40500/starred{/owner}{/repo}",
        "subscriptions_url": "https://api.github.com/users/zzz40500/subscriptions",
        "organizations_url": "https://api.github.com/users/zzz40500/orgs",
        "repos_url": "https://api.github.com/users/zzz40500/repos",
        "events_url": "https://api.github.com/users/zzz40500/events{/privacy}",
        "received_events_url": "https://api.github.com/users/zzz40500/received_events",
        "type": "User",
        "site_admin": false
      },
      "html_url": "https://github.com/zzz40500/android-shapeLoadingView",
      "description": "高仿新版58 加载动画",
      "fork": false,
      "url": "https://api.github.com/repos/zzz40500/android-shapeLoadingView",
      "forks_url": "https://api.github.com/repos/zzz40500/android-shapeLoadingView/forks",
      "keys_url": "https://api.github.com/repos/zzz40500/android-shapeLoadingView/keys{/key_id}",
      "collaborators_url": "https://api.github.com/repos/zzz40500/android-shapeLoadingView/collaborators{/collaborator}",
      "teams_url": "https://api.github.com/repos/zzz40500/android-shapeLoadingView/teams",
      "hooks_url": "https://api.github.com/repos/zzz40500/android-shapeLoadingView/hooks",
      "issue_events_url": "https://api.github.com/repos/zzz40500/android-shapeLoadingView/issues/events{/number}",
      "events_url": "https://api.github.com/repos/zzz40500/android-shapeLoadingView/events",
      "assignees_url": "https://api.github.com/repos/zzz40500/android-shapeLoadingView/assignees{/user}",
      "branches_url": "https://api.github.com/repos/zzz40500/android-shapeLoadingView/branches{/branch}",
      "tags_url": "https://api.github.com/repos/zzz40500/android-shapeLoadingView/tags",
      "blobs_url": "https://api.github.com/repos/zzz40500/android-shapeLoadingView/git/blobs{/sha}",
      "git_tags_url": "https://api.github.com/repos/zzz40500/android-shapeLoadingView/git/tags{/sha}",
      "git_refs_url": "https://api.github.com/repos/zzz40500/android-shapeLoadingView/git/refs{/sha}",
      "trees_url": "https://api.github.com/repos/zzz40500/android-shapeLoadingView/git/trees{/sha}",
      "statuses_url": "https://api.github.com/repos/zzz40500/android-shapeLoadingView/statuses/{sha}",
      "languages_url": "https://api.github.com/repos/zzz40500/android-shapeLoadingView/languages",
      "stargazers_url": "https://api.github.com/repos/zzz40500/android-shapeLoadingView/stargazers",
      "contributors_url": "https://api.github.com/repos/zzz40500/android-shapeLoadingView/contributors",
      "subscribers_url": "https://api.github.com/repos/zzz40500/android-shapeLoadingView/subscribers",
      "subscription_url": "https://api.github.com/repos/zzz40500/android-shapeLoadingView/subscription",
      "commits_url": "https://api.github.com/repos/zzz40500/android-shapeLoadingView/commits{/sha}",
      "git_commits_url": "https://api.github.com/repos/zzz40500/android-shapeLoadingView/git/commits{/sha}",
      "comments_url": "https://api.github.com/repos/zzz40500/android-shapeLoadingView/comments{/number}",
      "issue_comment_url": "https://api.github.com/repos/zzz40500/android-shapeLoadingView/issues/comments{/number}",
      "contents_url": "https://api.github.com/repos/zzz40500/android-shapeLoadingView/contents/{+path}",
      "compare_url": "https://api.github.com/repos/zzz40500/android-shapeLoadingView/compare/{base}...{head}",
      "merges_url": "https://api.github.com/repos/zzz40500/android-shapeLoadingView/merges",
      "archive_url": "https://api.github.com/repos/zzz40500/android-shapeLoadingView/{archive_format}{/ref}",
      "downloads_url": "https://api.github.com/repos/zzz40500/android-shapeLoadingView/downloads",
      "issues_url": "https://api.github.com/repos/zzz40500/android-shapeLoadingView/issues{/number}",
      "pulls_url": "https://api.github.com/repos/zzz40500/android-shapeLoadingView/pulls{/number}",
      "milestones_url": "https://api.github.com/repos/zzz40500/android-shapeLoadingView/milestones{/number}",
      "notifications_url": "https://api.github.com/repos/zzz40500/android-shapeLoadingView/notifications{?since,all,participating}",
      "labels_url": "https://api.github.com/repos/zzz40500/android-shapeLoadingView/labels{/name}",
      "releases_url": "https://api.github.com/repos/zzz40500/android-shapeLoadingView/releases{/id}",
      "deployments_url": "https://api.github.com/repos/zzz40500/android-shapeLoadingView/deployments",
      "created_at": "2015-04-06T04:56:31Z",
      "updated_at": "2018-11-29T01:03:13Z",
      "pushed_at": "2018-02-11T03:15:43Z",
      "git_url": "git://github.com/zzz40500/android-shapeLoadingView.git",
      "ssh_url": "git@github.com:zzz40500/android-shapeLoadingView.git",
      "clone_url": "https://github.com/zzz40500/android-shapeLoadingView.git",
      "svn_url": "https://github.com/zzz40500/android-shapeLoadingView",
      "homepage": null,
      "size": 123,
      "stargazers_count": 1608,
      "watchers_count": 1608,
      "language": "Java",
      "has_issues": true,
      "has_projects": true,
      "has_downloads": true,
      "has_wiki": true,
      "has_pages": false,
      "forks_count": 435,
      "mirror_url": null,
      "archived": false,
      "open_issues_count": 6,
      "license": {
        "key": "apache-2.0",
        "name": "Apache License 2.0",
        "spdx_id": "Apache-2.0",
        "url": "https://api.github.com/licenses/apache-2.0",
        "node_id": "MDc6TGljZW5zZTI="
      },
      "forks": 435,
      "open_issues": 6,
      "watchers": 1608,
      "default_branch": "master",
      "score": 49.578335
    },
    {
      "id": 40378251,
      "node_id": "MDEwOlJlcG9zaXRvcnk0MDM3ODI1MQ==",
      "name": "TorrentStream-Android",
      "full_name": "TorrentStream/TorrentStream-Android",
      "private": false,
      "owner": {
        "login": "TorrentStream",
        "id": 25332039,
        "node_id": "MDEyOk9yZ2FuaXphdGlvbjI1MzMyMDM5",
        "avatar_url": "https://avatars1.githubusercontent.com/u/25332039?v=4",
        "gravatar_id": "",
        "url": "https://api.github.com/users/TorrentStream",
        "html_url": "https://github.com/TorrentStream",
        "followers_url": "https://api.github.com/users/TorrentStream/followers",
        "following_url": "https://api.github.com/users/TorrentStream/following{/other_user}",
        "gists_url": "https://api.github.com/users/TorrentStream/gists{/gist_id}",
        "starred_url": "https://api.github.com/users/TorrentStream/starred{/owner}{/repo}",
        "subscriptions_url": "https://api.github.com/users/TorrentStream/subscriptions",
        "organizations_url": "https://api.github.com/users/TorrentStream/orgs",
        "repos_url": "https://api.github.com/users/TorrentStream/repos",
        "events_url": "https://api.github.com/users/TorrentStream/events{/privacy}",
        "received_events_url": "https://api.github.com/users/TorrentStream/received_events",
        "type": "Organization",
        "site_admin": false
      },
      "html_url": "https://github.com/TorrentStream/TorrentStream-Android",
      "description": "A torrent streamer library for Android based on jlibtorrent",
      "fork": false,
      "url": "https://api.github.com/repos/TorrentStream/TorrentStream-Android",
      "forks_url": "https://api.github.com/repos/TorrentStream/TorrentStream-Android/forks",
      "keys_url": "https://api.github.com/repos/TorrentStream/TorrentStream-Android/keys{/key_id}",
      "collaborators_url": "https://api.github.com/repos/TorrentStream/TorrentStream-Android/collaborators{/collaborator}",
      "teams_url": "https://api.github.com/repos/TorrentStream/TorrentStream-Android/teams",
      "hooks_url": "https://api.github.com/repos/TorrentStream/TorrentStream-Android/hooks",
      "issue_events_url": "https://api.github.com/repos/TorrentStream/TorrentStream-Android/issues/events{/number}",
      "events_url": "https://api.github.com/repos/TorrentStream/TorrentStream-Android/events",
      "assignees_url": "https://api.github.com/repos/TorrentStream/TorrentStream-Android/assignees{/user}",
      "branches_url": "https://api.github.com/repos/TorrentStream/TorrentStream-Android/branches{/branch}",
      "tags_url": "https://api.github.com/repos/TorrentStream/TorrentStream-Android/tags",
      "blobs_url": "https://api.github.com/repos/TorrentStream/TorrentStream-Android/git/blobs{/sha}",
      "git_tags_url": "https://api.github.com/repos/TorrentStream/TorrentStream-Android/git/tags{/sha}",
      "git_refs_url": "https://api.github.com/repos/TorrentStream/TorrentStream-Android/git/refs{/sha}",
      "trees_url": "https://api.github.com/repos/TorrentStream/TorrentStream-Android/git/trees{/sha}",
      "statuses_url": "https://api.github.com/repos/TorrentStream/TorrentStream-Android/statuses/{sha}",
      "languages_url": "https://api.github.com/repos/TorrentStream/TorrentStream-Android/languages",
      "stargazers_url": "https://api.github.com/repos/TorrentStream/TorrentStream-Android/stargazers",
      "contributors_url": "https://api.github.com/repos/TorrentStream/TorrentStream-Android/contributors",
      "subscribers_url": "https://api.github.com/repos/TorrentStream/TorrentStream-Android/subscribers",
      "subscription_url": "https://api.github.com/repos/TorrentStream/TorrentStream-Android/subscription",
      "commits_url": "https://api.github.com/repos/TorrentStream/TorrentStream-Android/commits{/sha}",
      "git_commits_url": "https://api.github.com/repos/TorrentStream/TorrentStream-Android/git/commits{/sha}",
      "comments_url": "https://api.github.com/repos/TorrentStream/TorrentStream-Android/comments{/number}",
      "issue_comment_url": "https://api.github.com/repos/TorrentStream/TorrentStream-Android/issues/comments{/number}",
      "contents_url": "https://api.github.com/repos/TorrentStream/TorrentStream-Android/contents/{+path}",
      "compare_url": "https://api.github.com/repos/TorrentStream/TorrentStream-Android/compare/{base}...{head}",
      "merges_url": "https://api.github.com/repos/TorrentStream/TorrentStream-Android/merges",
      "archive_url": "https://api.github.com/repos/TorrentStream/TorrentStream-Android/{archive_format}{/ref}",
      "downloads_url": "https://api.github.com/repos/TorrentStream/TorrentStream-Android/downloads",
      "issues_url": "https://api.github.com/repos/TorrentStream/TorrentStream-Android/issues{/number}",
      "pulls_url": "https://api.github.com/repos/TorrentStream/TorrentStream-Android/pulls{/number}",
      "milestones_url": "https://api.github.com/repos/TorrentStream/TorrentStream-Android/milestones{/number}",
      "notifications_url": "https://api.github.com/repos/TorrentStream/TorrentStream-Android/notifications{?since,all,participating}",
      "labels_url": "https://api.github.com/repos/TorrentStream/TorrentStream-Android/labels{/name}",
      "releases_url": "https://api.github.com/repos/TorrentStream/TorrentStream-Android/releases{/id}",
      "deployments_url": "https://api.github.com/repos/TorrentStream/TorrentStream-Android/deployments",
      "created_at": "2015-08-07T19:49:23Z",
      "updated_at": "2018-11-29T09:40:04Z",
      "pushed_at": "2018-02-11T14:41:11Z",
      "git_url": "git://github.com/TorrentStream/TorrentStream-Android.git",
      "ssh_url": "git@github.com:TorrentStream/TorrentStream-Android.git",
      "clone_url": "https://github.com/TorrentStream/TorrentStream-Android.git",
      "svn_url": "https://github.com/TorrentStream/TorrentStream-Android",
      "homepage": "",
      "size": 218,
      "stargazers_count": 138,
      "watchers_count": 138,
      "language": "Java",
      "has_issues": true,
      "has_projects": true,
      "has_downloads": true,
      "has_wiki": true,
      "has_pages": false,
      "forks_count": 63,
      "mirror_url": null,
      "archived": false,
      "open_issues_count": 2,
      "license": {
        "key": "other",
        "name": "Other",
        "spdx_id": "NOASSERTION",
        "url": null,
        "node_id": "MDc6TGljZW5zZTA="
      },
      "forks": 63,
      "open_issues": 2,
      "watchers": 138,
      "default_branch": "develop",
      "score": 35.046413
    },
    {
      "id": 72805051,
      "node_id": "MDEwOlJlcG9zaXRvcnk3MjgwNTA1MQ==",
      "name": "MyDiary",
      "full_name": "DaxiaK/MyDiary",
      "private": false,
      "owner": {
        "login": "DaxiaK",
        "id": 7134978,
        "node_id": "MDQ6VXNlcjcxMzQ5Nzg=",
        "avatar_url": "https://avatars3.githubusercontent.com/u/7134978?v=4",
        "gravatar_id": "",
        "url": "https://api.github.com/users/DaxiaK",
        "html_url": "https://github.com/DaxiaK",
        "followers_url": "https://api.github.com/users/DaxiaK/followers",
        "following_url": "https://api.github.com/users/DaxiaK/following{/other_user}",
        "gists_url": "https://api.github.com/users/DaxiaK/gists{/gist_id}",
        "starred_url": "https://api.github.com/users/DaxiaK/starred{/owner}{/repo}",
        "subscriptions_url": "https://api.github.com/users/DaxiaK/subscriptions",
        "organizations_url": "https://api.github.com/users/DaxiaK/orgs",
        "repos_url": "https://api.github.com/users/DaxiaK/repos",
        "events_url": "https://api.github.com/users/DaxiaK/events{/privacy}",
        "received_events_url": "https://api.github.com/users/DaxiaK/received_events",
        "type": "User",
        "site_admin": false
      },
      "html_url": "https://github.com/DaxiaK/MyDiary",
      "description": "In the Movie \"-your name.-\" (君の名は。, 你的名字) , \"My Diary\" of android version.",
      "fork": false,
      "url": "https://api.github.com/repos/DaxiaK/MyDiary",
      "forks_url": "https://api.github.com/repos/DaxiaK/MyDiary/forks",
      "keys_url": "https://api.github.com/repos/DaxiaK/MyDiary/keys{/key_id}",
      "collaborators_url": "https://api.github.com/repos/DaxiaK/MyDiary/collaborators{/collaborator}",
      "teams_url": "https://api.github.com/repos/DaxiaK/MyDiary/teams",
      "hooks_url": "https://api.github.com/repos/DaxiaK/MyDiary/hooks",
      "issue_events_url": "https://api.github.com/repos/DaxiaK/MyDiary/issues/events{/number}",
      "events_url": "https://api.github.com/repos/DaxiaK/MyDiary/events",
      "assignees_url": "https://api.github.com/repos/DaxiaK/MyDiary/assignees{/user}",
      "branches_url": "https://api.github.com/repos/DaxiaK/MyDiary/branches{/branch}",
      "tags_url": "https://api.github.com/repos/DaxiaK/MyDiary/tags",
      "blobs_url": "https://api.github.com/repos/DaxiaK/MyDiary/git/blobs{/sha}",
      "git_tags_url": "https://api.github.com/repos/DaxiaK/MyDiary/git/tags{/sha}",
      "git_refs_url": "https://api.github.com/repos/DaxiaK/MyDiary/git/refs{/sha}",
      "trees_url": "https://api.github.com/repos/DaxiaK/MyDiary/git/trees{/sha}",
      "statuses_url": "https://api.github.com/repos/DaxiaK/MyDiary/statuses/{sha}",
      "languages_url": "https://api.github.com/repos/DaxiaK/MyDiary/languages",
      "stargazers_url": "https://api.github.com/repos/DaxiaK/MyDiary/stargazers",
      "contributors_url": "https://api.github.com/repos/DaxiaK/MyDiary/contributors",
      "subscribers_url": "https://api.github.com/repos/DaxiaK/MyDiary/subscribers",
      "subscription_url": "https://api.github.com/repos/DaxiaK/MyDiary/subscription",
      "commits_url": "https://api.github.com/repos/DaxiaK/MyDiary/commits{/sha}",
      "git_commits_url": "https://api.github.com/repos/DaxiaK/MyDiary/git/commits{/sha}",
      "comments_url": "https://api.github.com/repos/DaxiaK/MyDiary/comments{/number}",
      "issue_comment_url": "https://api.github.com/repos/DaxiaK/MyDiary/issues/comments{/number}",
      "contents_url": "https://api.github.com/repos/DaxiaK/MyDiary/contents/{+path}",
      "compare_url": "https://api.github.com/repos/DaxiaK/MyDiary/compare/{base}...{head}",
      "merges_url": "https://api.github.com/repos/DaxiaK/MyDiary/merges",
      "archive_url": "https://api.github.com/repos/DaxiaK/MyDiary/{archive_format}{/ref}",
      "downloads_url": "https://api.github.com/repos/DaxiaK/MyDiary/downloads",
      "issues_url": "https://api.github.com/repos/DaxiaK/MyDiary/issues{/number}",
      "pulls_url": "https://api.github.com/repos/DaxiaK/MyDiary/pulls{/number}",
      "milestones_url": "https://api.github.com/repos/DaxiaK/MyDiary/milestones{/number}",
      "notifications_url": "https://api.github.com/repos/DaxiaK/MyDiary/notifications{?since,all,participating}",
      "labels_url": "https://api.github.com/repos/DaxiaK/MyDiary/labels{/name}",
      "releases_url": "https://api.github.com/repos/DaxiaK/MyDiary/releases{/id}",
      "deployments_url": "https://api.github.com/repos/DaxiaK/MyDiary/deployments",
      "created_at": "2016-11-04T02:04:13Z",
      "updated_at": "2018-11-27T00:58:51Z",
      "pushed_at": "2018-02-12T02:24:09Z",
      "git_url": "git://github.com/DaxiaK/MyDiary.git",
      "ssh_url": "git@github.com:DaxiaK/MyDiary.git",
      "clone_url": "https://github.com/DaxiaK/MyDiary.git",
      "svn_url": "https://github.com/DaxiaK/MyDiary",
      "homepage": "",
      "size": 13941,
      "stargazers_count": 1347,
      "watchers_count": 1347,
      "language": "Java",
      "has_issues": true,
      "has_projects": true,
      "has_downloads": true,
      "has_wiki": true,
      "has_pages": false,
      "forks_count": 233,
      "mirror_url": null,
      "archived": false,
      "open_issues_count": 6,
      "license": null,
      "forks": 233,
      "open_issues": 6,
      "watchers": 1347,
      "default_branch": "master",
      "score": 34.498524
    },
    {
      "id": 7390861,
      "node_id": "MDEwOlJlcG9zaXRvcnk3MzkwODYx",
      "name": "Shelves",
      "full_name": "gjtorikian/Shelves",
      "private": false,
      "owner": {
        "login": "gjtorikian",
        "id": 64050,
        "node_id": "MDQ6VXNlcjY0MDUw",
        "avatar_url": "https://avatars1.githubusercontent.com/u/64050?v=4",
        "gravatar_id": "",
        "url": "https://api.github.com/users/gjtorikian",
        "html_url": "https://github.com/gjtorikian",
        "followers_url": "https://api.github.com/users/gjtorikian/followers",
        "following_url": "https://api.github.com/users/gjtorikian/following{/other_user}",
        "gists_url": "https://api.github.com/users/gjtorikian/gists{/gist_id}",
        "starred_url": "https://api.github.com/users/gjtorikian/starred{/owner}{/repo}",
        "subscriptions_url": "https://api.github.com/users/gjtorikian/subscriptions",
        "organizations_url": "https://api.github.com/users/gjtorikian/orgs",
        "repos_url": "https://api.github.com/users/gjtorikian/repos",
        "events_url": "https://api.github.com/users/gjtorikian/events{/privacy}",
        "received_events_url": "https://api.github.com/users/gjtorikian/received_events",
        "type": "User",
        "site_admin": false
      },
      "html_url": "https://github.com/gjtorikian/Shelves",
      "description": "An Android application that manages your collection of apparel, board games, books, comics, gadgets, movies, music, software, tools, toys, and video games.",
      "fork": false,
      "url": "https://api.github.com/repos/gjtorikian/Shelves",
      "forks_url": "https://api.github.com/repos/gjtorikian/Shelves/forks",
      "keys_url": "https://api.github.com/repos/gjtorikian/Shelves/keys{/key_id}",
      "collaborators_url": "https://api.github.com/repos/gjtorikian/Shelves/collaborators{/collaborator}",
      "teams_url": "https://api.github.com/repos/gjtorikian/Shelves/teams",
      "hooks_url": "https://api.github.com/repos/gjtorikian/Shelves/hooks",
      "issue_events_url": "https://api.github.com/repos/gjtorikian/Shelves/issues/events{/number}",
      "events_url": "https://api.github.com/repos/gjtorikian/Shelves/events",
      "assignees_url": "https://api.github.com/repos/gjtorikian/Shelves/assignees{/user}",
      "branches_url": "https://api.github.com/repos/gjtorikian/Shelves/branches{/branch}",
      "tags_url": "https://api.github.com/repos/gjtorikian/Shelves/tags",
      "blobs_url": "https://api.github.com/repos/gjtorikian/Shelves/git/blobs{/sha}",
      "git_tags_url": "https://api.github.com/repos/gjtorikian/Shelves/git/tags{/sha}",
      "git_refs_url": "https://api.github.com/repos/gjtorikian/Shelves/git/refs{/sha}",
      "trees_url": "https://api.github.com/repos/gjtorikian/Shelves/git/trees{/sha}",
      "statuses_url": "https://api.github.com/repos/gjtorikian/Shelves/statuses/{sha}",
      "languages_url": "https://api.github.com/repos/gjtorikian/Shelves/languages",
      "stargazers_url": "https://api.github.com/repos/gjtorikian/Shelves/stargazers",
      "contributors_url": "https://api.github.com/repos/gjtorikian/Shelves/contributors",
      "subscribers_url": "https://api.github.com/repos/gjtorikian/Shelves/subscribers",
      "subscription_url": "https://api.github.com/repos/gjtorikian/Shelves/subscription",
      "commits_url": "https://api.github.com/repos/gjtorikian/Shelves/commits{/sha}",
      "git_commits_url": "https://api.github.com/repos/gjtorikian/Shelves/git/commits{/sha}",
      "comments_url": "https://api.github.com/repos/gjtorikian/Shelves/comments{/number}",
      "issue_comment_url": "https://api.github.com/repos/gjtorikian/Shelves/issues/comments{/number}",
      "contents_url": "https://api.github.com/repos/gjtorikian/Shelves/contents/{+path}",
      "compare_url": "https://api.github.com/repos/gjtorikian/Shelves/compare/{base}...{head}",
      "merges_url": "https://api.github.com/repos/gjtorikian/Shelves/merges",
      "archive_url": "https://api.github.com/repos/gjtorikian/Shelves/{archive_format}{/ref}",
      "downloads_url": "https://api.github.com/repos/gjtorikian/Shelves/downloads",
      "issues_url": "https://api.github.com/repos/gjtorikian/Shelves/issues{/number}",
      "pulls_url": "https://api.github.com/repos/gjtorikian/Shelves/pulls{/number}",
      "milestones_url": "https://api.github.com/repos/gjtorikian/Shelves/milestones{/number}",
      "notifications_url": "https://api.github.com/repos/gjtorikian/Shelves/notifications{?since,all,participating}",
      "labels_url": "https://api.github.com/repos/gjtorikian/Shelves/labels{/name}",
      "releases_url": "https://api.github.com/repos/gjtorikian/Shelves/releases{/id}",
      "deployments_url": "https://api.github.com/repos/gjtorikian/Shelves/deployments",
      "created_at": "2012-12-31T20:54:59Z",
      "updated_at": "2018-11-08T17:39:47Z",
      "pushed_at": "2018-02-10T16:06:59Z",
      "git_url": "git://github.com/gjtorikian/Shelves.git",
      "ssh_url": "git@github.com:gjtorikian/Shelves.git",
      "clone_url": "https://github.com/gjtorikian/Shelves.git",
      "svn_url": "https://github.com/gjtorikian/Shelves",
      "homepage": "https://play.google.com/store/apps/details?id=com.miadzin.shelves&hl=en",
      "size": 5254,
      "stargazers_count": 109,
      "watchers_count": 109,
      "language": "Java",
      "has_issues": true,
      "has_projects": true,
      "has_downloads": true,
      "has_wiki": true,
      "has_pages": false,
      "forks_count": 84,
      "mirror_url": null,
      "archived": false,
      "open_issues_count": 19,
      "license": {
        "key": "apache-2.0",
        "name": "Apache License 2.0",
        "spdx_id": "Apache-2.0",
        "url": "https://api.github.com/licenses/apache-2.0",
        "node_id": "MDc6TGljZW5zZTI="
      },
      "forks": 84,
      "open_issues": 19,
      "watchers": 109,
      "default_branch": "master",
      "score": 31.217035
    },
    {
      "id": 52860962,
      "node_id": "MDEwOlJlcG9zaXRvcnk1Mjg2MDk2Mg==",
      "name": "SuperMvp",
      "full_name": "liuyanggithub/SuperMvp",
      "private": false,
      "owner": {
        "login": "liuyanggithub",
        "id": 8335222,
        "node_id": "MDQ6VXNlcjgzMzUyMjI=",
        "avatar_url": "https://avatars2.githubusercontent.com/u/8335222?v=4",
        "gravatar_id": "",
        "url": "https://api.github.com/users/liuyanggithub",
        "html_url": "https://github.com/liuyanggithub",
        "followers_url": "https://api.github.com/users/liuyanggithub/followers",
        "following_url": "https://api.github.com/users/liuyanggithub/following{/other_user}",
        "gists_url": "https://api.github.com/users/liuyanggithub/gists{/gist_id}",
        "starred_url": "https://api.github.com/users/liuyanggithub/starred{/owner}{/repo}",
        "subscriptions_url": "https://api.github.com/users/liuyanggithub/subscriptions",
        "organizations_url": "https://api.github.com/users/liuyanggithub/orgs",
        "repos_url": "https://api.github.com/users/liuyanggithub/repos",
        "events_url": "https://api.github.com/users/liuyanggithub/events{/privacy}",
        "received_events_url": "https://api.github.com/users/liuyanggithub/received_events",
        "type": "User",
        "site_admin": false
      },
      "html_url": "https://github.com/liuyanggithub/SuperMvp",
      "description": "MVP“美”图+新闻+天气预报+Material+Rx2+Retrofit2+Glide+leakcanary+butterknife",
      "fork": false,
      "url": "https://api.github.com/repos/liuyanggithub/SuperMvp",
      "forks_url": "https://api.github.com/repos/liuyanggithub/SuperMvp/forks",
      "keys_url": "https://api.github.com/repos/liuyanggithub/SuperMvp/keys{/key_id}",
      "collaborators_url": "https://api.github.com/repos/liuyanggithub/SuperMvp/collaborators{/collaborator}",
      "teams_url": "https://api.github.com/repos/liuyanggithub/SuperMvp/teams",
      "hooks_url": "https://api.github.com/repos/liuyanggithub/SuperMvp/hooks",
      "issue_events_url": "https://api.github.com/repos/liuyanggithub/SuperMvp/issues/events{/number}",
      "events_url": "https://api.github.com/repos/liuyanggithub/SuperMvp/events",
      "assignees_url": "https://api.github.com/repos/liuyanggithub/SuperMvp/assignees{/user}",
      "branches_url": "https://api.github.com/repos/liuyanggithub/SuperMvp/branches{/branch}",
      "tags_url": "https://api.github.com/repos/liuyanggithub/SuperMvp/tags",
      "blobs_url": "https://api.github.com/repos/liuyanggithub/SuperMvp/git/blobs{/sha}",
      "git_tags_url": "https://api.github.com/repos/liuyanggithub/SuperMvp/git/tags{/sha}",
      "git_refs_url": "https://api.github.com/repos/liuyanggithub/SuperMvp/git/refs{/sha}",
      "trees_url": "https://api.github.com/repos/liuyanggithub/SuperMvp/git/trees{/sha}",
      "statuses_url": "https://api.github.com/repos/liuyanggithub/SuperMvp/statuses/{sha}",
      "languages_url": "https://api.github.com/repos/liuyanggithub/SuperMvp/languages",
      "stargazers_url": "https://api.github.com/repos/liuyanggithub/SuperMvp/stargazers",
      "contributors_url": "https://api.github.com/repos/liuyanggithub/SuperMvp/contributors",
      "subscribers_url": "https://api.github.com/repos/liuyanggithub/SuperMvp/subscribers",
      "subscription_url": "https://api.github.com/repos/liuyanggithub/SuperMvp/subscription",
      "commits_url": "https://api.github.com/repos/liuyanggithub/SuperMvp/commits{/sha}",
      "git_commits_url": "https://api.github.com/repos/liuyanggithub/SuperMvp/git/commits{/sha}",
      "comments_url": "https://api.github.com/repos/liuyanggithub/SuperMvp/comments{/number}",
      "issue_comment_url": "https://api.github.com/repos/liuyanggithub/SuperMvp/issues/comments{/number}",
      "contents_url": "https://api.github.com/repos/liuyanggithub/SuperMvp/contents/{+path}",
      "compare_url": "https://api.github.com/repos/liuyanggithub/SuperMvp/compare/{base}...{head}",
      "merges_url": "https://api.github.com/repos/liuyanggithub/SuperMvp/merges",
      "archive_url": "https://api.github.com/repos/liuyanggithub/SuperMvp/{archive_format}{/ref}",
      "downloads_url": "https://api.github.com/repos/liuyanggithub/SuperMvp/downloads",
      "issues_url": "https://api.github.com/repos/liuyanggithub/SuperMvp/issues{/number}",
      "pulls_url": "https://api.github.com/repos/liuyanggithub/SuperMvp/pulls{/number}",
      "milestones_url": "https://api.github.com/repos/liuyanggithub/SuperMvp/milestones{/number}",
      "notifications_url": "https://api.github.com/repos/liuyanggithub/SuperMvp/notifications{?since,all,participating}",
      "labels_url": "https://api.github.com/repos/liuyanggithub/SuperMvp/labels{/name}",
      "releases_url": "https://api.github.com/repos/liuyanggithub/SuperMvp/releases{/id}",
      "deployments_url": "https://api.github.com/repos/liuyanggithub/SuperMvp/deployments",
      "created_at": "2016-03-01T08:32:35Z",
      "updated_at": "2018-11-29T07:24:23Z",
      "pushed_at": "2018-02-12T05:52:23Z",
      "git_url": "git://github.com/liuyanggithub/SuperMvp.git",
      "ssh_url": "git@github.com:liuyanggithub/SuperMvp.git",
      "clone_url": "https://github.com/liuyanggithub/SuperMvp.git",
      "svn_url": "https://github.com/liuyanggithub/SuperMvp",
      "homepage": "",
      "size": 14697,
      "stargazers_count": 693,
      "watchers_count": 693,
      "language": "Java",
      "has_issues": true,
      "has_projects": true,
      "has_downloads": true,
      "has_wiki": true,
      "has_pages": false,
      "forks_count": 227,
      "mirror_url": null,
      "archived": false,
      "open_issues_count": 6,
      "license": null,
      "forks": 227,
      "open_issues": 6,
      "watchers": 693,
      "default_branch": "master",
      "score": 25.426043
    },
    {
      "id": 115961980,
      "node_id": "MDEwOlJlcG9zaXRvcnkxMTU5NjE5ODA=",
      "name": "TomatoIt",
      "full_name": "luqinmao/TomatoIt",
      "private": false,
      "owner": {
        "login": "luqinmao",
        "id": 13937479,
        "node_id": "MDQ6VXNlcjEzOTM3NDc5",
        "avatar_url": "https://avatars2.githubusercontent.com/u/13937479?v=4",
        "gravatar_id": "",
        "url": "https://api.github.com/users/luqinmao",
        "html_url": "https://github.com/luqinmao",
        "followers_url": "https://api.github.com/users/luqinmao/followers",
        "following_url": "https://api.github.com/users/luqinmao/following{/other_user}",
        "gists_url": "https://api.github.com/users/luqinmao/gists{/gist_id}",
        "starred_url": "https://api.github.com/users/luqinmao/starred{/owner}{/repo}",
        "subscriptions_url": "https://api.github.com/users/luqinmao/subscriptions",
        "organizations_url": "https://api.github.com/users/luqinmao/orgs",
        "repos_url": "https://api.github.com/users/luqinmao/repos",
        "events_url": "https://api.github.com/users/luqinmao/events{/privacy}",
        "received_events_url": "https://api.github.com/users/luqinmao/received_events",
        "type": "User",
        "site_admin": false
      },
      "html_url": "https://github.com/luqinmao/TomatoIt",
      "description": "okgo+rxjava+mvp实现玩Android客户端",
      "fork": false,
      "url": "https://api.github.com/repos/luqinmao/TomatoIt",
      "forks_url": "https://api.github.com/repos/luqinmao/TomatoIt/forks",
      "keys_url": "https://api.github.com/repos/luqinmao/TomatoIt/keys{/key_id}",
      "collaborators_url": "https://api.github.com/repos/luqinmao/TomatoIt/collaborators{/collaborator}",
      "teams_url": "https://api.github.com/repos/luqinmao/TomatoIt/teams",
      "hooks_url": "https://api.github.com/repos/luqinmao/TomatoIt/hooks",
      "issue_events_url": "https://api.github.com/repos/luqinmao/TomatoIt/issues/events{/number}",
      "events_url": "https://api.github.com/repos/luqinmao/TomatoIt/events",
      "assignees_url": "https://api.github.com/repos/luqinmao/TomatoIt/assignees{/user}",
      "branches_url": "https://api.github.com/repos/luqinmao/TomatoIt/branches{/branch}",
      "tags_url": "https://api.github.com/repos/luqinmao/TomatoIt/tags",
      "blobs_url": "https://api.github.com/repos/luqinmao/TomatoIt/git/blobs{/sha}",
      "git_tags_url": "https://api.github.com/repos/luqinmao/TomatoIt/git/tags{/sha}",
      "git_refs_url": "https://api.github.com/repos/luqinmao/TomatoIt/git/refs{/sha}",
      "trees_url": "https://api.github.com/repos/luqinmao/TomatoIt/git/trees{/sha}",
      "statuses_url": "https://api.github.com/repos/luqinmao/TomatoIt/statuses/{sha}",
      "languages_url": "https://api.github.com/repos/luqinmao/TomatoIt/languages",
      "stargazers_url": "https://api.github.com/repos/luqinmao/TomatoIt/stargazers",
      "contributors_url": "https://api.github.com/repos/luqinmao/TomatoIt/contributors",
      "subscribers_url": "https://api.github.com/repos/luqinmao/TomatoIt/subscribers",
      "subscription_url": "https://api.github.com/repos/luqinmao/TomatoIt/subscription",
      "commits_url": "https://api.github.com/repos/luqinmao/TomatoIt/commits{/sha}",
      "git_commits_url": "https://api.github.com/repos/luqinmao/TomatoIt/git/commits{/sha}",
      "comments_url": "https://api.github.com/repos/luqinmao/TomatoIt/comments{/number}",
      "issue_comment_url": "https://api.github.com/repos/luqinmao/TomatoIt/issues/comments{/number}",
      "contents_url": "https://api.github.com/repos/luqinmao/TomatoIt/contents/{+path}",
      "compare_url": "https://api.github.com/repos/luqinmao/TomatoIt/compare/{base}...{head}",
      "merges_url": "https://api.github.com/repos/luqinmao/TomatoIt/merges",
      "archive_url": "https://api.github.com/repos/luqinmao/TomatoIt/{archive_format}{/ref}",
      "downloads_url": "https://api.github.com/repos/luqinmao/TomatoIt/downloads",
      "issues_url": "https://api.github.com/repos/luqinmao/TomatoIt/issues{/number}",
      "pulls_url": "https://api.github.com/repos/luqinmao/TomatoIt/pulls{/number}",
      "milestones_url": "https://api.github.com/repos/luqinmao/TomatoIt/milestones{/number}",
      "notifications_url": "https://api.github.com/repos/luqinmao/TomatoIt/notifications{?since,all,participating}",
      "labels_url": "https://api.github.com/repos/luqinmao/TomatoIt/labels{/name}",
      "releases_url": "https://api.github.com/repos/luqinmao/TomatoIt/releases{/id}",
      "deployments_url": "https://api.github.com/repos/luqinmao/TomatoIt/deployments",
      "created_at": "2018-01-02T01:36:03Z",
      "updated_at": "2018-11-29T09:03:06Z",
      "pushed_at": "2018-02-10T07:46:09Z",
      "git_url": "git://github.com/luqinmao/TomatoIt.git",
      "ssh_url": "git@github.com:luqinmao/TomatoIt.git",
      "clone_url": "https://github.com/luqinmao/TomatoIt.git",
      "svn_url": "https://github.com/luqinmao/TomatoIt",
      "homepage": "",
      "size": 794,
      "stargazers_count": 213,
      "watchers_count": 213,
      "language": "Java",
      "has_issues": true,
      "has_projects": true,
      "has_downloads": true,
      "has_wiki": true,
      "has_pages": false,
      "forks_count": 38,
      "mirror_url": null,
      "archived": false,
      "open_issues_count": 6,
      "license": null,
      "forks": 38,
      "open_issues": 6,
      "watchers": 213,
      "default_branch": "master",
      "score": 24.643074
    },
    {
      "id": 43748465,
      "node_id": "MDEwOlJlcG9zaXRvcnk0Mzc0ODQ2NQ==",
      "name": "Wiggle",
      "full_name": "kubode/Wiggle",
      "private": false,
      "owner": {
        "login": "kubode",
        "id": 5885032,
        "node_id": "MDQ6VXNlcjU4ODUwMzI=",
        "avatar_url": "https://avatars3.githubusercontent.com/u/5885032?v=4",
        "gravatar_id": "",
        "url": "https://api.github.com/users/kubode",
        "html_url": "https://github.com/kubode",
        "followers_url": "https://api.github.com/users/kubode/followers",
        "following_url": "https://api.github.com/users/kubode/following{/other_user}",
        "gists_url": "https://api.github.com/users/kubode/gists{/gist_id}",
        "starred_url": "https://api.github.com/users/kubode/starred{/owner}{/repo}",
        "subscriptions_url": "https://api.github.com/users/kubode/subscriptions",
        "organizations_url": "https://api.github.com/users/kubode/orgs",
        "repos_url": "https://api.github.com/users/kubode/repos",
        "events_url": "https://api.github.com/users/kubode/events{/privacy}",
        "received_events_url": "https://api.github.com/users/kubode/received_events",
        "type": "User",
        "site_admin": false
      },
      "html_url": "https://github.com/kubode/Wiggle",
      "description": "An Android helper library for delayed scrolling",
      "fork": false,
      "url": "https://api.github.com/repos/kubode/Wiggle",
      "forks_url": "https://api.github.com/repos/kubode/Wiggle/forks",
      "keys_url": "https://api.github.com/repos/kubode/Wiggle/keys{/key_id}",
      "collaborators_url": "https://api.github.com/repos/kubode/Wiggle/collaborators{/collaborator}",
      "teams_url": "https://api.github.com/repos/kubode/Wiggle/teams",
      "hooks_url": "https://api.github.com/repos/kubode/Wiggle/hooks",
      "issue_events_url": "https://api.github.com/repos/kubode/Wiggle/issues/events{/number}",
      "events_url": "https://api.github.com/repos/kubode/Wiggle/events",
      "assignees_url": "https://api.github.com/repos/kubode/Wiggle/assignees{/user}",
      "branches_url": "https://api.github.com/repos/kubode/Wiggle/branches{/branch}",
      "tags_url": "https://api.github.com/repos/kubode/Wiggle/tags",
      "blobs_url": "https://api.github.com/repos/kubode/Wiggle/git/blobs{/sha}",
      "git_tags_url": "https://api.github.com/repos/kubode/Wiggle/git/tags{/sha}",
      "git_refs_url": "https://api.github.com/repos/kubode/Wiggle/git/refs{/sha}",
      "trees_url": "https://api.github.com/repos/kubode/Wiggle/git/trees{/sha}",
      "statuses_url": "https://api.github.com/repos/kubode/Wiggle/statuses/{sha}",
      "languages_url": "https://api.github.com/repos/kubode/Wiggle/languages",
      "stargazers_url": "https://api.github.com/repos/kubode/Wiggle/stargazers",
      "contributors_url": "https://api.github.com/repos/kubode/Wiggle/contributors",
      "subscribers_url": "https://api.github.com/repos/kubode/Wiggle/subscribers",
      "subscription_url": "https://api.github.com/repos/kubode/Wiggle/subscription",
      "commits_url": "https://api.github.com/repos/kubode/Wiggle/commits{/sha}",
      "git_commits_url": "https://api.github.com/repos/kubode/Wiggle/git/commits{/sha}",
      "comments_url": "https://api.github.com/repos/kubode/Wiggle/comments{/number}",
      "issue_comment_url": "https://api.github.com/repos/kubode/Wiggle/issues/comments{/number}",
      "contents_url": "https://api.github.com/repos/kubode/Wiggle/contents/{+path}",
      "compare_url": "https://api.github.com/repos/kubode/Wiggle/compare/{base}...{head}",
      "merges_url": "https://api.github.com/repos/kubode/Wiggle/merges",
      "archive_url": "https://api.github.com/repos/kubode/Wiggle/{archive_format}{/ref}",
      "downloads_url": "https://api.github.com/repos/kubode/Wiggle/downloads",
      "issues_url": "https://api.github.com/repos/kubode/Wiggle/issues{/number}",
      "pulls_url": "https://api.github.com/repos/kubode/Wiggle/pulls{/number}",
      "milestones_url": "https://api.github.com/repos/kubode/Wiggle/milestones{/number}",
      "notifications_url": "https://api.github.com/repos/kubode/Wiggle/notifications{?since,all,participating}",
      "labels_url": "https://api.github.com/repos/kubode/Wiggle/labels{/name}",
      "releases_url": "https://api.github.com/repos/kubode/Wiggle/releases{/id}",
      "deployments_url": "https://api.github.com/repos/kubode/Wiggle/deployments",
      "created_at": "2015-10-06T12:15:01Z",
      "updated_at": "2018-09-27T02:53:52Z",
      "pushed_at": "2018-02-11T15:16:51Z",
      "git_url": "git://github.com/kubode/Wiggle.git",
      "ssh_url": "git@github.com:kubode/Wiggle.git",
      "clone_url": "https://github.com/kubode/Wiggle.git",
      "svn_url": "https://github.com/kubode/Wiggle",
      "homepage": "",
      "size": 1026,
      "stargazers_count": 172,
      "watchers_count": 172,
      "language": "Java",
      "has_issues": true,
      "has_projects": true,
      "has_downloads": true,
      "has_wiki": true,
      "has_pages": false,
      "forks_count": 17,
      "mirror_url": null,
      "archived": false,
      "open_issues_count": 0,
      "license": {
        "key": "apache-2.0",
        "name": "Apache License 2.0",
        "spdx_id": "Apache-2.0",
        "url": "https://api.github.com/licenses/apache-2.0",
        "node_id": "MDc6TGljZW5zZTI="
      },
      "forks": 17,
      "open_issues": 0,
      "watchers": 172,
      "default_branch": "master",
      "score": 24.44095
    },
    {
      "id": 43800370,
      "node_id": "MDEwOlJlcG9zaXRvcnk0MzgwMDM3MA==",
      "name": "FabricView",
      "full_name": "antwankakki/FabricView",
      "private": false,
      "owner": {
        "login": "antwankakki",
        "id": 356274,
        "node_id": "MDQ6VXNlcjM1NjI3NA==",
        "avatar_url": "https://avatars1.githubusercontent.com/u/356274?v=4",
        "gravatar_id": "",
        "url": "https://api.github.com/users/antwankakki",
        "html_url": "https://github.com/antwankakki",
        "followers_url": "https://api.github.com/users/antwankakki/followers",
        "following_url": "https://api.github.com/users/antwankakki/following{/other_user}",
        "gists_url": "https://api.github.com/users/antwankakki/gists{/gist_id}",
        "starred_url": "https://api.github.com/users/antwankakki/starred{/owner}{/repo}",
        "subscriptions_url": "https://api.github.com/users/antwankakki/subscriptions",
        "organizations_url": "https://api.github.com/users/antwankakki/orgs",
        "repos_url": "https://api.github.com/users/antwankakki/repos",
        "events_url": "https://api.github.com/users/antwankakki/events{/privacy}",
        "received_events_url": "https://api.github.com/users/antwankakki/received_events",
        "type": "User",
        "site_admin": false
      },
      "html_url": "https://github.com/antwankakki/FabricView",
      "description": "A new canvas drawing library for Android. Aims to be the Fabric.js for Android. Supports text, images, and hand/stylus drawing input. The library has a website and API docs, check it out",
      "fork": false,
      "url": "https://api.github.com/repos/antwankakki/FabricView",
      "forks_url": "https://api.github.com/repos/antwankakki/FabricView/forks",
      "keys_url": "https://api.github.com/repos/antwankakki/FabricView/keys{/key_id}",
      "collaborators_url": "https://api.github.com/repos/antwankakki/FabricView/collaborators{/collaborator}",
      "teams_url": "https://api.github.com/repos/antwankakki/FabricView/teams",
      "hooks_url": "https://api.github.com/repos/antwankakki/FabricView/hooks",
      "issue_events_url": "https://api.github.com/repos/antwankakki/FabricView/issues/events{/number}",
      "events_url": "https://api.github.com/repos/antwankakki/FabricView/events",
      "assignees_url": "https://api.github.com/repos/antwankakki/FabricView/assignees{/user}",
      "branches_url": "https://api.github.com/repos/antwankakki/FabricView/branches{/branch}",
      "tags_url": "https://api.github.com/repos/antwankakki/FabricView/tags",
      "blobs_url": "https://api.github.com/repos/antwankakki/FabricView/git/blobs{/sha}",
      "git_tags_url": "https://api.github.com/repos/antwankakki/FabricView/git/tags{/sha}",
      "git_refs_url": "https://api.github.com/repos/antwankakki/FabricView/git/refs{/sha}",
      "trees_url": "https://api.github.com/repos/antwankakki/FabricView/git/trees{/sha}",
      "statuses_url": "https://api.github.com/repos/antwankakki/FabricView/statuses/{sha}",
      "languages_url": "https://api.github.com/repos/antwankakki/FabricView/languages",
      "stargazers_url": "https://api.github.com/repos/antwankakki/FabricView/stargazers",
      "contributors_url": "https://api.github.com/repos/antwankakki/FabricView/contributors",
      "subscribers_url": "https://api.github.com/repos/antwankakki/FabricView/subscribers",
      "subscription_url": "https://api.github.com/repos/antwankakki/FabricView/subscription",
      "commits_url": "https://api.github.com/repos/antwankakki/FabricView/commits{/sha}",
      "git_commits_url": "https://api.github.com/repos/antwankakki/FabricView/git/commits{/sha}",
      "comments_url": "https://api.github.com/repos/antwankakki/FabricView/comments{/number}",
      "issue_comment_url": "https://api.github.com/repos/antwankakki/FabricView/issues/comments{/number}",
      "contents_url": "https://api.github.com/repos/antwankakki/FabricView/contents/{+path}",
      "compare_url": "https://api.github.com/repos/antwankakki/FabricView/compare/{base}...{head}",
      "merges_url": "https://api.github.com/repos/antwankakki/FabricView/merges",
      "archive_url": "https://api.github.com/repos/antwankakki/FabricView/{archive_format}{/ref}",
      "downloads_url": "https://api.github.com/repos/antwankakki/FabricView/downloads",
      "issues_url": "https://api.github.com/repos/antwankakki/FabricView/issues{/number}",
      "pulls_url": "https://api.github.com/repos/antwankakki/FabricView/pulls{/number}",
      "milestones_url": "https://api.github.com/repos/antwankakki/FabricView/milestones{/number}",
      "notifications_url": "https://api.github.com/repos/antwankakki/FabricView/notifications{?since,all,participating}",
      "labels_url": "https://api.github.com/repos/antwankakki/FabricView/labels{/name}",
      "releases_url": "https://api.github.com/repos/antwankakki/FabricView/releases{/id}",
      "deployments_url": "https://api.github.com/repos/antwankakki/FabricView/deployments",
      "created_at": "2015-10-07T07:14:29Z",
      "updated_at": "2018-11-26T06:37:57Z",
      "pushed_at": "2018-02-12T19:49:59Z",
      "git_url": "git://github.com/antwankakki/FabricView.git",
      "ssh_url": "git@github.com:antwankakki/FabricView.git",
      "clone_url": "https://github.com/antwankakki/FabricView.git",
      "svn_url": "https://github.com/antwankakki/FabricView",
      "homepage": "http://antwankakki.github.io/FabricView/",
      "size": 230,
      "stargazers_count": 952,
      "watchers_count": 952,
      "language": "Java",
      "has_issues": true,
      "has_projects": true,
      "has_downloads": true,
      "has_wiki": true,
      "has_pages": true,
      "forks_count": 167,
      "mirror_url": null,
      "archived": false,
      "open_issues_count": 12,
      "license": {
        "key": "apache-2.0",
        "name": "Apache License 2.0",
        "spdx_id": "Apache-2.0",
        "url": "https://api.github.com/licenses/apache-2.0",
        "node_id": "MDc6TGljZW5zZTI="
      },
      "forks": 167,
      "open_issues": 12,
      "watchers": 952,
      "default_branch": "master",
      "score": 24.002066
    },
    {
      "id": 49421225,
      "node_id": "MDEwOlJlcG9zaXRvcnk0OTQyMTIyNQ==",
      "name": "Masked-Edittext",
      "full_name": "pinball83/Masked-Edittext",
      "private": false,
      "owner": {
        "login": "pinball83",
        "id": 4235335,
        "node_id": "MDQ6VXNlcjQyMzUzMzU=",
        "avatar_url": "https://avatars2.githubusercontent.com/u/4235335?v=4",
        "gravatar_id": "",
        "url": "https://api.github.com/users/pinball83",
        "html_url": "https://github.com/pinball83",
        "followers_url": "https://api.github.com/users/pinball83/followers",
        "following_url": "https://api.github.com/users/pinball83/following{/other_user}",
        "gists_url": "https://api.github.com/users/pinball83/gists{/gist_id}",
        "starred_url": "https://api.github.com/users/pinball83/starred{/owner}{/repo}",
        "subscriptions_url": "https://api.github.com/users/pinball83/subscriptions",
        "organizations_url": "https://api.github.com/users/pinball83/orgs",
        "repos_url": "https://api.github.com/users/pinball83/repos",
        "events_url": "https://api.github.com/users/pinball83/events{/privacy}",
        "received_events_url": "https://api.github.com/users/pinball83/received_events",
        "type": "User",
        "site_admin": false
      },
      "html_url": "https://github.com/pinball83/Masked-Edittext",
      "description": "Android library contain custom realisation of EditText component for masking and formatting input text",
      "fork": false,
      "url": "https://api.github.com/repos/pinball83/Masked-Edittext",
      "forks_url": "https://api.github.com/repos/pinball83/Masked-Edittext/forks",
      "keys_url": "https://api.github.com/repos/pinball83/Masked-Edittext/keys{/key_id}",
      "collaborators_url": "https://api.github.com/repos/pinball83/Masked-Edittext/collaborators{/collaborator}",
      "teams_url": "https://api.github.com/repos/pinball83/Masked-Edittext/teams",
      "hooks_url": "https://api.github.com/repos/pinball83/Masked-Edittext/hooks",
      "issue_events_url": "https://api.github.com/repos/pinball83/Masked-Edittext/issues/events{/number}",
      "events_url": "https://api.github.com/repos/pinball83/Masked-Edittext/events",
      "assignees_url": "https://api.github.com/repos/pinball83/Masked-Edittext/assignees{/user}",
      "branches_url": "https://api.github.com/repos/pinball83/Masked-Edittext/branches{/branch}",
      "tags_url": "https://api.github.com/repos/pinball83/Masked-Edittext/tags",
      "blobs_url": "https://api.github.com/repos/pinball83/Masked-Edittext/git/blobs{/sha}",
      "git_tags_url": "https://api.github.com/repos/pinball83/Masked-Edittext/git/tags{/sha}",
      "git_refs_url": "https://api.github.com/repos/pinball83/Masked-Edittext/git/refs{/sha}",
      "trees_url": "https://api.github.com/repos/pinball83/Masked-Edittext/git/trees{/sha}",
      "statuses_url": "https://api.github.com/repos/pinball83/Masked-Edittext/statuses/{sha}",
      "languages_url": "https://api.github.com/repos/pinball83/Masked-Edittext/languages",
      "stargazers_url": "https://api.github.com/repos/pinball83/Masked-Edittext/stargazers",
      "contributors_url": "https://api.github.com/repos/pinball83/Masked-Edittext/contributors",
      "subscribers_url": "https://api.github.com/repos/pinball83/Masked-Edittext/subscribers",
      "subscription_url": "https://api.github.com/repos/pinball83/Masked-Edittext/subscription",
      "commits_url": "https://api.github.com/repos/pinball83/Masked-Edittext/commits{/sha}",
      "git_commits_url": "https://api.github.com/repos/pinball83/Masked-Edittext/git/commits{/sha}",
      "comments_url": "https://api.github.com/repos/pinball83/Masked-Edittext/comments{/number}",
      "issue_comment_url": "https://api.github.com/repos/pinball83/Masked-Edittext/issues/comments{/number}",
      "contents_url": "https://api.github.com/repos/pinball83/Masked-Edittext/contents/{+path}",
      "compare_url": "https://api.github.com/repos/pinball83/Masked-Edittext/compare/{base}...{head}",
      "merges_url": "https://api.github.com/repos/pinball83/Masked-Edittext/merges",
      "archive_url": "https://api.github.com/repos/pinball83/Masked-Edittext/{archive_format}{/ref}",
      "downloads_url": "https://api.github.com/repos/pinball83/Masked-Edittext/downloads",
      "issues_url": "https://api.github.com/repos/pinball83/Masked-Edittext/issues{/number}",
      "pulls_url": "https://api.github.com/repos/pinball83/Masked-Edittext/pulls{/number}",
      "milestones_url": "https://api.github.com/repos/pinball83/Masked-Edittext/milestones{/number}",
      "notifications_url": "https://api.github.com/repos/pinball83/Masked-Edittext/notifications{?since,all,participating}",
      "labels_url": "https://api.github.com/repos/pinball83/Masked-Edittext/labels{/name}",
      "releases_url": "https://api.github.com/repos/pinball83/Masked-Edittext/releases{/id}",
      "deployments_url": "https://api.github.com/repos/pinball83/Masked-Edittext/deployments",
      "created_at": "2016-01-11T11:19:54Z",
      "updated_at": "2018-11-27T13:35:45Z",
      "pushed_at": "2018-02-12T21:36:46Z",
      "git_url": "git://github.com/pinball83/Masked-Edittext.git",
      "ssh_url": "git@github.com:pinball83/Masked-Edittext.git",
      "clone_url": "https://github.com/pinball83/Masked-Edittext.git",
      "svn_url": "https://github.com/pinball83/Masked-Edittext",
      "homepage": "",
      "size": 127,
      "stargazers_count": 541,
      "watchers_count": 541,
      "language": "Java",
      "has_issues": true,
      "has_projects": true,
      "has_downloads": true,
      "has_wiki": true,
      "has_pages": false,
      "forks_count": 86,
      "mirror_url": null,
      "archived": false,
      "open_issues_count": 11,
      "license": {
        "key": "apache-2.0",
        "name": "Apache License 2.0",
        "spdx_id": "Apache-2.0",
        "url": "https://api.github.com/licenses/apache-2.0",
        "node_id": "MDc6TGljZW5zZTI="
      },
      "forks": 86,
      "open_issues": 11,
      "watchers": 541,
      "default_branch": "public",
      "score": 23.486156
    },
    {
      "id": 44735189,
      "node_id": "MDEwOlJlcG9zaXRvcnk0NDczNTE4OQ==",
      "name": "let",
      "full_name": "canelmas/let",
      "private": false,
      "owner": {
        "login": "canelmas",
        "id": 2283838,
        "node_id": "MDQ6VXNlcjIyODM4Mzg=",
        "avatar_url": "https://avatars0.githubusercontent.com/u/2283838?v=4",
        "gravatar_id": "",
        "url": "https://api.github.com/users/canelmas",
        "html_url": "https://github.com/canelmas",
        "followers_url": "https://api.github.com/users/canelmas/followers",
        "following_url": "https://api.github.com/users/canelmas/following{/other_user}",
        "gists_url": "https://api.github.com/users/canelmas/gists{/gist_id}",
        "starred_url": "https://api.github.com/users/canelmas/starred{/owner}{/repo}",
        "subscriptions_url": "https://api.github.com/users/canelmas/subscriptions",
        "organizations_url": "https://api.github.com/users/canelmas/orgs",
        "repos_url": "https://api.github.com/users/canelmas/repos",
        "events_url": "https://api.github.com/users/canelmas/events{/privacy}",
        "received_events_url": "https://api.github.com/users/canelmas/received_events",
        "type": "User",
        "site_admin": false
      },
      "html_url": "https://github.com/canelmas/let",
      "description": "Annotation based simple API flavored with AOP to handle new Android runtime permission model",
      "fork": false,
      "url": "https://api.github.com/repos/canelmas/let",
      "forks_url": "https://api.github.com/repos/canelmas/let/forks",
      "keys_url": "https://api.github.com/repos/canelmas/let/keys{/key_id}",
      "collaborators_url": "https://api.github.com/repos/canelmas/let/collaborators{/collaborator}",
      "teams_url": "https://api.github.com/repos/canelmas/let/teams",
      "hooks_url": "https://api.github.com/repos/canelmas/let/hooks",
      "issue_events_url": "https://api.github.com/repos/canelmas/let/issues/events{/number}",
      "events_url": "https://api.github.com/repos/canelmas/let/events",
      "assignees_url": "https://api.github.com/repos/canelmas/let/assignees{/user}",
      "branches_url": "https://api.github.com/repos/canelmas/let/branches{/branch}",
      "tags_url": "https://api.github.com/repos/canelmas/let/tags",
      "blobs_url": "https://api.github.com/repos/canelmas/let/git/blobs{/sha}",
      "git_tags_url": "https://api.github.com/repos/canelmas/let/git/tags{/sha}",
      "git_refs_url": "https://api.github.com/repos/canelmas/let/git/refs{/sha}",
      "trees_url": "https://api.github.com/repos/canelmas/let/git/trees{/sha}",
      "statuses_url": "https://api.github.com/repos/canelmas/let/statuses/{sha}",
      "languages_url": "https://api.github.com/repos/canelmas/let/languages",
      "stargazers_url": "https://api.github.com/repos/canelmas/let/stargazers",
      "contributors_url": "https://api.github.com/repos/canelmas/let/contributors",
      "subscribers_url": "https://api.github.com/repos/canelmas/let/subscribers",
      "subscription_url": "https://api.github.com/repos/canelmas/let/subscription",
      "commits_url": "https://api.github.com/repos/canelmas/let/commits{/sha}",
      "git_commits_url": "https://api.github.com/repos/canelmas/let/git/commits{/sha}",
      "comments_url": "https://api.github.com/repos/canelmas/let/comments{/number}",
      "issue_comment_url": "https://api.github.com/repos/canelmas/let/issues/comments{/number}",
      "contents_url": "https://api.github.com/repos/canelmas/let/contents/{+path}",
      "compare_url": "https://api.github.com/repos/canelmas/let/compare/{base}...{head}",
      "merges_url": "https://api.github.com/repos/canelmas/let/merges",
      "archive_url": "https://api.github.com/repos/canelmas/let/{archive_format}{/ref}",
      "downloads_url": "https://api.github.com/repos/canelmas/let/downloads",
      "issues_url": "https://api.github.com/repos/canelmas/let/issues{/number}",
      "pulls_url": "https://api.github.com/repos/canelmas/let/pulls{/number}",
      "milestones_url": "https://api.github.com/repos/canelmas/let/milestones{/number}",
      "notifications_url": "https://api.github.com/repos/canelmas/let/notifications{?since,all,participating}",
      "labels_url": "https://api.github.com/repos/canelmas/let/labels{/name}",
      "releases_url": "https://api.github.com/repos/canelmas/let/releases{/id}",
      "deployments_url": "https://api.github.com/repos/canelmas/let/deployments",
      "created_at": "2015-10-22T09:24:28Z",
      "updated_at": "2018-11-24T18:07:00Z",
      "pushed_at": "2018-02-11T11:35:10Z",
      "git_url": "git://github.com/canelmas/let.git",
      "ssh_url": "git@github.com:canelmas/let.git",
      "clone_url": "https://github.com/canelmas/let.git",
      "svn_url": "https://github.com/canelmas/let",
      "homepage": "",
      "size": 2807,
      "stargazers_count": 529,
      "watchers_count": 529,
      "language": "Java",
      "has_issues": true,
      "has_projects": true,
      "has_downloads": true,
      "has_wiki": true,
      "has_pages": false,
      "forks_count": 37,
      "mirror_url": null,
      "archived": false,
      "open_issues_count": 18,
      "license": {
        "key": "apache-2.0",
        "name": "Apache License 2.0",
        "spdx_id": "Apache-2.0",
        "url": "https://api.github.com/licenses/apache-2.0",
        "node_id": "MDc6TGljZW5zZTI="
      },
      "forks": 37,
      "open_issues": 18,
      "watchers": 529,
      "default_branch": "master",
      "score": 21.060638
    },
    {
      "id": 48846409,
      "node_id": "MDEwOlJlcG9zaXRvcnk0ODg0NjQwOQ==",
      "name": "jaop",
      "full_name": "ltshddx/jaop",
      "private": false,
      "owner": {
        "login": "ltshddx",
        "id": 12291985,
        "node_id": "MDQ6VXNlcjEyMjkxOTg1",
        "avatar_url": "https://avatars0.githubusercontent.com/u/12291985?v=4",
        "gravatar_id": "",
        "url": "https://api.github.com/users/ltshddx",
        "html_url": "https://github.com/ltshddx",
        "followers_url": "https://api.github.com/users/ltshddx/followers",
        "following_url": "https://api.github.com/users/ltshddx/following{/other_user}",
        "gists_url": "https://api.github.com/users/ltshddx/gists{/gist_id}",
        "starred_url": "https://api.github.com/users/ltshddx/starred{/owner}{/repo}",
        "subscriptions_url": "https://api.github.com/users/ltshddx/subscriptions",
        "organizations_url": "https://api.github.com/users/ltshddx/orgs",
        "repos_url": "https://api.github.com/users/ltshddx/repos",
        "events_url": "https://api.github.com/users/ltshddx/events{/privacy}",
        "received_events_url": "https://api.github.com/users/ltshddx/received_events",
        "type": "User",
        "site_admin": false
      },
      "html_url": "https://github.com/ltshddx/jaop",
      "description": "jaop is a gradle plugin base on javassist&asm for android aop",
      "fork": false,
      "url": "https://api.github.com/repos/ltshddx/jaop",
      "forks_url": "https://api.github.com/repos/ltshddx/jaop/forks",
      "keys_url": "https://api.github.com/repos/ltshddx/jaop/keys{/key_id}",
      "collaborators_url": "https://api.github.com/repos/ltshddx/jaop/collaborators{/collaborator}",
      "teams_url": "https://api.github.com/repos/ltshddx/jaop/teams",
      "hooks_url": "https://api.github.com/repos/ltshddx/jaop/hooks",
      "issue_events_url": "https://api.github.com/repos/ltshddx/jaop/issues/events{/number}",
      "events_url": "https://api.github.com/repos/ltshddx/jaop/events",
      "assignees_url": "https://api.github.com/repos/ltshddx/jaop/assignees{/user}",
      "branches_url": "https://api.github.com/repos/ltshddx/jaop/branches{/branch}",
      "tags_url": "https://api.github.com/repos/ltshddx/jaop/tags",
      "blobs_url": "https://api.github.com/repos/ltshddx/jaop/git/blobs{/sha}",
      "git_tags_url": "https://api.github.com/repos/ltshddx/jaop/git/tags{/sha}",
      "git_refs_url": "https://api.github.com/repos/ltshddx/jaop/git/refs{/sha}",
      "trees_url": "https://api.github.com/repos/ltshddx/jaop/git/trees{/sha}",
      "statuses_url": "https://api.github.com/repos/ltshddx/jaop/statuses/{sha}",
      "languages_url": "https://api.github.com/repos/ltshddx/jaop/languages",
      "stargazers_url": "https://api.github.com/repos/ltshddx/jaop/stargazers",
      "contributors_url": "https://api.github.com/repos/ltshddx/jaop/contributors",
      "subscribers_url": "https://api.github.com/repos/ltshddx/jaop/subscribers",
      "subscription_url": "https://api.github.com/repos/ltshddx/jaop/subscription",
      "commits_url": "https://api.github.com/repos/ltshddx/jaop/commits{/sha}",
      "git_commits_url": "https://api.github.com/repos/ltshddx/jaop/git/commits{/sha}",
      "comments_url": "https://api.github.com/repos/ltshddx/jaop/comments{/number}",
      "issue_comment_url": "https://api.github.com/repos/ltshddx/jaop/issues/comments{/number}",
      "contents_url": "https://api.github.com/repos/ltshddx/jaop/contents/{+path}",
      "compare_url": "https://api.github.com/repos/ltshddx/jaop/compare/{base}...{head}",
      "merges_url": "https://api.github.com/repos/ltshddx/jaop/merges",
      "archive_url": "https://api.github.com/repos/ltshddx/jaop/{archive_format}{/ref}",
      "downloads_url": "https://api.github.com/repos/ltshddx/jaop/downloads",
      "issues_url": "https://api.github.com/repos/ltshddx/jaop/issues{/number}",
      "pulls_url": "https://api.github.com/repos/ltshddx/jaop/pulls{/number}",
      "milestones_url": "https://api.github.com/repos/ltshddx/jaop/milestones{/number}",
      "notifications_url": "https://api.github.com/repos/ltshddx/jaop/notifications{?since,all,participating}",
      "labels_url": "https://api.github.com/repos/ltshddx/jaop/labels{/name}",
      "releases_url": "https://api.github.com/repos/ltshddx/jaop/releases{/id}",
      "deployments_url": "https://api.github.com/repos/ltshddx/jaop/deployments",
      "created_at": "2015-12-31T10:51:46Z",
      "updated_at": "2018-09-07T09:37:56Z",
      "pushed_at": "2018-02-10T06:03:13Z",
      "git_url": "git://github.com/ltshddx/jaop.git",
      "ssh_url": "git@github.com:ltshddx/jaop.git",
      "clone_url": "https://github.com/ltshddx/jaop.git",
      "svn_url": "https://github.com/ltshddx/jaop",
      "homepage": "",
      "size": 205,
      "stargazers_count": 103,
      "watchers_count": 103,
      "language": "Java",
      "has_issues": true,
      "has_projects": true,
      "has_downloads": true,
      "has_wiki": true,
      "has_pages": false,
      "forks_count": 30,
      "mirror_url": null,
      "archived": false,
      "open_issues_count": 0,
      "license": {
        "key": "apache-2.0",
        "name": "Apache License 2.0",
        "spdx_id": "Apache-2.0",
        "url": "https://api.github.com/licenses/apache-2.0",
        "node_id": "MDc6TGljZW5zZTI="
      },
      "forks": 30,
      "open_issues": 0,
      "watchers": 103,
      "default_branch": "master",
      "score": 20.32973
    },
    {
      "id": 67268269,
      "node_id": "MDEwOlJlcG9zaXRvcnk2NzI2ODI2OQ==",
      "name": "Forcelayout",
      "full_name": "kai0masanari/Forcelayout",
      "private": false,
      "owner": {
        "login": "kai0masanari",
        "id": 16572844,
        "node_id": "MDQ6VXNlcjE2NTcyODQ0",
        "avatar_url": "https://avatars1.githubusercontent.com/u/16572844?v=4",
        "gravatar_id": "",
        "url": "https://api.github.com/users/kai0masanari",
        "html_url": "https://github.com/kai0masanari",
        "followers_url": "https://api.github.com/users/kai0masanari/followers",
        "following_url": "https://api.github.com/users/kai0masanari/following{/other_user}",
        "gists_url": "https://api.github.com/users/kai0masanari/gists{/gist_id}",
        "starred_url": "https://api.github.com/users/kai0masanari/starred{/owner}{/repo}",
        "subscriptions_url": "https://api.github.com/users/kai0masanari/subscriptions",
        "organizations_url": "https://api.github.com/users/kai0masanari/orgs",
        "repos_url": "https://api.github.com/users/kai0masanari/repos",
        "events_url": "https://api.github.com/users/kai0masanari/events{/privacy}",
        "received_events_url": "https://api.github.com/users/kai0masanari/received_events",
        "type": "User",
        "site_admin": false
      },
      "html_url": "https://github.com/kai0masanari/Forcelayout",
      "description": "Forcelayout is library for android. You can drawing graph with spring-like attractive forces. Inspired by force layout in D3.js.",
      "fork": false,
      "url": "https://api.github.com/repos/kai0masanari/Forcelayout",
      "forks_url": "https://api.github.com/repos/kai0masanari/Forcelayout/forks",
      "keys_url": "https://api.github.com/repos/kai0masanari/Forcelayout/keys{/key_id}",
      "collaborators_url": "https://api.github.com/repos/kai0masanari/Forcelayout/collaborators{/collaborator}",
      "teams_url": "https://api.github.com/repos/kai0masanari/Forcelayout/teams",
      "hooks_url": "https://api.github.com/repos/kai0masanari/Forcelayout/hooks",
      "issue_events_url": "https://api.github.com/repos/kai0masanari/Forcelayout/issues/events{/number}",
      "events_url": "https://api.github.com/repos/kai0masanari/Forcelayout/events",
      "assignees_url": "https://api.github.com/repos/kai0masanari/Forcelayout/assignees{/user}",
      "branches_url": "https://api.github.com/repos/kai0masanari/Forcelayout/branches{/branch}",
      "tags_url": "https://api.github.com/repos/kai0masanari/Forcelayout/tags",
      "blobs_url": "https://api.github.com/repos/kai0masanari/Forcelayout/git/blobs{/sha}",
      "git_tags_url": "https://api.github.com/repos/kai0masanari/Forcelayout/git/tags{/sha}",
      "git_refs_url": "https://api.github.com/repos/kai0masanari/Forcelayout/git/refs{/sha}",
      "trees_url": "https://api.github.com/repos/kai0masanari/Forcelayout/git/trees{/sha}",
      "statuses_url": "https://api.github.com/repos/kai0masanari/Forcelayout/statuses/{sha}",
      "languages_url": "https://api.github.com/repos/kai0masanari/Forcelayout/languages",
      "stargazers_url": "https://api.github.com/repos/kai0masanari/Forcelayout/stargazers",
      "contributors_url": "https://api.github.com/repos/kai0masanari/Forcelayout/contributors",
      "subscribers_url": "https://api.github.com/repos/kai0masanari/Forcelayout/subscribers",
      "subscription_url": "https://api.github.com/repos/kai0masanari/Forcelayout/subscription",
      "commits_url": "https://api.github.com/repos/kai0masanari/Forcelayout/commits{/sha}",
      "git_commits_url": "https://api.github.com/repos/kai0masanari/Forcelayout/git/commits{/sha}",
      "comments_url": "https://api.github.com/repos/kai0masanari/Forcelayout/comments{/number}",
      "issue_comment_url": "https://api.github.com/repos/kai0masanari/Forcelayout/issues/comments{/number}",
      "contents_url": "https://api.github.com/repos/kai0masanari/Forcelayout/contents/{+path}",
      "compare_url": "https://api.github.com/repos/kai0masanari/Forcelayout/compare/{base}...{head}",
      "merges_url": "https://api.github.com/repos/kai0masanari/Forcelayout/merges",
      "archive_url": "https://api.github.com/repos/kai0masanari/Forcelayout/{archive_format}{/ref}",
      "downloads_url": "https://api.github.com/repos/kai0masanari/Forcelayout/downloads",
      "issues_url": "https://api.github.com/repos/kai0masanari/Forcelayout/issues{/number}",
      "pulls_url": "https://api.github.com/repos/kai0masanari/Forcelayout/pulls{/number}",
      "milestones_url": "https://api.github.com/repos/kai0masanari/Forcelayout/milestones{/number}",
      "notifications_url": "https://api.github.com/repos/kai0masanari/Forcelayout/notifications{?since,all,participating}",
      "labels_url": "https://api.github.com/repos/kai0masanari/Forcelayout/labels{/name}",
      "releases_url": "https://api.github.com/repos/kai0masanari/Forcelayout/releases{/id}",
      "deployments_url": "https://api.github.com/repos/kai0masanari/Forcelayout/deployments",
      "created_at": "2016-09-03T03:07:38Z",
      "updated_at": "2018-11-22T22:10:57Z",
      "pushed_at": "2018-02-12T17:54:58Z",
      "git_url": "git://github.com/kai0masanari/Forcelayout.git",
      "ssh_url": "git@github.com:kai0masanari/Forcelayout.git",
      "clone_url": "https://github.com/kai0masanari/Forcelayout.git",
      "svn_url": "https://github.com/kai0masanari/Forcelayout",
      "homepage": "",
      "size": 110387,
      "stargazers_count": 100,
      "watchers_count": 100,
      "language": "Java",
      "has_issues": true,
      "has_projects": true,
      "has_downloads": true,
      "has_wiki": true,
      "has_pages": false,
      "forks_count": 13,
      "mirror_url": null,
      "archived": false,
      "open_issues_count": 0,
      "license": {
        "key": "apache-2.0",
        "name": "Apache License 2.0",
        "spdx_id": "Apache-2.0",
        "url": "https://api.github.com/licenses/apache-2.0",
        "node_id": "MDc6TGljZW5zZTI="
      },
      "forks": 13,
      "open_issues": 0,
      "watchers": 100,
      "default_branch": "master",
      "score": 14.965188
    },
    {
      "id": 81898716,
      "node_id": "MDEwOlJlcG9zaXRvcnk4MTg5ODcxNg==",
      "name": "PermissionGrantor",
      "full_name": "dfqin/PermissionGrantor",
      "private": false,
      "owner": {
        "login": "dfqin",
        "id": 2820062,
        "node_id": "MDQ6VXNlcjI4MjAwNjI=",
        "avatar_url": "https://avatars1.githubusercontent.com/u/2820062?v=4",
        "gravatar_id": "",
        "url": "https://api.github.com/users/dfqin",
        "html_url": "https://github.com/dfqin",
        "followers_url": "https://api.github.com/users/dfqin/followers",
        "following_url": "https://api.github.com/users/dfqin/following{/other_user}",
        "gists_url": "https://api.github.com/users/dfqin/gists{/gist_id}",
        "starred_url": "https://api.github.com/users/dfqin/starred{/owner}{/repo}",
        "subscriptions_url": "https://api.github.com/users/dfqin/subscriptions",
        "organizations_url": "https://api.github.com/users/dfqin/orgs",
        "repos_url": "https://api.github.com/users/dfqin/repos",
        "events_url": "https://api.github.com/users/dfqin/events{/privacy}",
        "received_events_url": "https://api.github.com/users/dfqin/received_events",
        "type": "User",
        "site_admin": false
      },
      "html_url": "https://github.com/dfqin/PermissionGrantor",
      "description": "一行代码搞定Android6.0动态权限授权、权限管理 || Android permission grantor util ",
      "fork": false,
      "url": "https://api.github.com/repos/dfqin/PermissionGrantor",
      "forks_url": "https://api.github.com/repos/dfqin/PermissionGrantor/forks",
      "keys_url": "https://api.github.com/repos/dfqin/PermissionGrantor/keys{/key_id}",
      "collaborators_url": "https://api.github.com/repos/dfqin/PermissionGrantor/collaborators{/collaborator}",
      "teams_url": "https://api.github.com/repos/dfqin/PermissionGrantor/teams",
      "hooks_url": "https://api.github.com/repos/dfqin/PermissionGrantor/hooks",
      "issue_events_url": "https://api.github.com/repos/dfqin/PermissionGrantor/issues/events{/number}",
      "events_url": "https://api.github.com/repos/dfqin/PermissionGrantor/events",
      "assignees_url": "https://api.github.com/repos/dfqin/PermissionGrantor/assignees{/user}",
      "branches_url": "https://api.github.com/repos/dfqin/PermissionGrantor/branches{/branch}",
      "tags_url": "https://api.github.com/repos/dfqin/PermissionGrantor/tags",
      "blobs_url": "https://api.github.com/repos/dfqin/PermissionGrantor/git/blobs{/sha}",
      "git_tags_url": "https://api.github.com/repos/dfqin/PermissionGrantor/git/tags{/sha}",
      "git_refs_url": "https://api.github.com/repos/dfqin/PermissionGrantor/git/refs{/sha}",
      "trees_url": "https://api.github.com/repos/dfqin/PermissionGrantor/git/trees{/sha}",
      "statuses_url": "https://api.github.com/repos/dfqin/PermissionGrantor/statuses/{sha}",
      "languages_url": "https://api.github.com/repos/dfqin/PermissionGrantor/languages",
      "stargazers_url": "https://api.github.com/repos/dfqin/PermissionGrantor/stargazers",
      "contributors_url": "https://api.github.com/repos/dfqin/PermissionGrantor/contributors",
      "subscribers_url": "https://api.github.com/repos/dfqin/PermissionGrantor/subscribers",
      "subscription_url": "https://api.github.com/repos/dfqin/PermissionGrantor/subscription",
      "commits_url": "https://api.github.com/repos/dfqin/PermissionGrantor/commits{/sha}",
      "git_commits_url": "https://api.github.com/repos/dfqin/PermissionGrantor/git/commits{/sha}",
      "comments_url": "https://api.github.com/repos/dfqin/PermissionGrantor/comments{/number}",
      "issue_comment_url": "https://api.github.com/repos/dfqin/PermissionGrantor/issues/comments{/number}",
      "contents_url": "https://api.github.com/repos/dfqin/PermissionGrantor/contents/{+path}",
      "compare_url": "https://api.github.com/repos/dfqin/PermissionGrantor/compare/{base}...{head}",
      "merges_url": "https://api.github.com/repos/dfqin/PermissionGrantor/merges",
      "archive_url": "https://api.github.com/repos/dfqin/PermissionGrantor/{archive_format}{/ref}",
      "downloads_url": "https://api.github.com/repos/dfqin/PermissionGrantor/downloads",
      "issues_url": "https://api.github.com/repos/dfqin/PermissionGrantor/issues{/number}",
      "pulls_url": "https://api.github.com/repos/dfqin/PermissionGrantor/pulls{/number}",
      "milestones_url": "https://api.github.com/repos/dfqin/PermissionGrantor/milestones{/number}",
      "notifications_url": "https://api.github.com/repos/dfqin/PermissionGrantor/notifications{?since,all,participating}",
      "labels_url": "https://api.github.com/repos/dfqin/PermissionGrantor/labels{/name}",
      "releases_url": "https://api.github.com/repos/dfqin/PermissionGrantor/releases{/id}",
      "deployments_url": "https://api.github.com/repos/dfqin/PermissionGrantor/deployments",
      "created_at": "2017-02-14T03:07:48Z",
      "updated_at": "2018-11-22T10:01:19Z",
      "pushed_at": "2018-02-13T03:50:15Z",
      "git_url": "git://github.com/dfqin/PermissionGrantor.git",
      "ssh_url": "git@github.com:dfqin/PermissionGrantor.git",
      "clone_url": "https://github.com/dfqin/PermissionGrantor.git",
      "svn_url": "https://github.com/dfqin/PermissionGrantor",
      "homepage": "http://www.jianshu.com/p/cdcbd3038902",
      "size": 718,
      "stargazers_count": 212,
      "watchers_count": 212,
      "language": "Java",
      "has_issues": true,
      "has_projects": true,
      "has_downloads": true,
      "has_wiki": true,
      "has_pages": false,
      "forks_count": 40,
      "mirror_url": null,
      "archived": false,
      "open_issues_count": 0,
      "license": null,
      "forks": 40,
      "open_issues": 0,
      "watchers": 212,
      "default_branch": "master",
      "score": 14.478294
    }
  ]
}
