{
  "total_count": 205,
  "incomplete_results": false,
  "items": [
    {
      "id": 131385387,
      "node_id": "MDEwOlJlcG9zaXRvcnkxMzEzODUzODc=",
      "name": "MeiWidgetView",
      "full_name": "HpWens/MeiWidgetView",
      "private": false,
      "owner": {
        "login": "HpWens",
        "id": 13116096,
        "node_id": "MDQ6VXNlcjEzMTE2MDk2",
        "avatar_url": "https://avatars0.githubusercontent.com/u/13116096?v=4",
        "gravatar_id": "",
        "url": "https://api.github.com/users/HpWens",
        "html_url": "https://github.com/HpWens",
        "followers_url": "https://api.github.com/users/HpWens/followers",
        "following_url": "https://api.github.com/users/HpWens/following{/other_user}",
        "gists_url": "https://api.github.com/users/HpWens/gists{/gist_id}",
        "starred_url": "https://api.github.com/users/HpWens/starred{/owner}{/repo}",
        "subscriptions_url": "https://api.github.com/users/HpWens/subscriptions",
        "organizations_url": "https://api.github.com/users/HpWens/orgs",
        "repos_url": "https://api.github.com/users/HpWens/repos",
        "events_url": "https://api.github.com/users/HpWens/events{/privacy}",
        "received_events_url": "https://api.github.com/users/HpWens/received_events",
        "type": "User",
        "site_admin": false
      },
      "html_url": "https://github.com/HpWens/MeiWidgetView",
      "description": "一款汇总了郭霖，鸿洋，以及自己平时收集的自定义控件集合库",
      "fork": false,
      "url": "https://api.github.com/repos/HpWens/MeiWidgetView",
      "forks_url": "https://api.github.com/repos/HpWens/MeiWidgetView/forks",
      "keys_url": "https://api.github.com/repos/HpWens/MeiWidgetView/keys{/key_id}",
      "collaborators_url": "https://api.github.com/repos/HpWens/MeiWidgetView/collaborators{/collaborator}",
      "teams_url": "https://api.github.com/repos/HpWens/MeiWidgetView/teams",
      "hooks_url": "https://api.github.com/repos/HpWens/MeiWidgetView/hooks",
      "issue_events_url": "https://api.github.com/repos/HpWens/MeiWidgetView/issues/events{/number}",
      "events_url": "https://api.github.com/repos/HpWens/MeiWidgetView/events",
      "assignees_url": "https://api.github.com/repos/HpWens/MeiWidgetView/assignees{/user}",
      "branches_url": "https://api.github.com/repos/HpWens/MeiWidgetView/branches{/branch}",
      "tags_url": "https://api.github.com/repos/HpWens/MeiWidgetView/tags",
      "blobs_url": "https://api.github.com/repos/HpWens/MeiWidgetView/git/blobs{/sha}",
      "git_tags_url": "https://api.github.com/repos/HpWens/MeiWidgetView/git/tags{/sha}",
      "git_refs_url": "https://api.github.com/repos/HpWens/MeiWidgetView/git/refs{/sha}",
      "trees_url": "https://api.github.com/repos/HpWens/MeiWidgetView/git/trees{/sha}",
      "statuses_url": "https://api.github.com/repos/HpWens/MeiWidgetView/statuses/{sha}",
      "languages_url": "https://api.github.com/repos/HpWens/MeiWidgetView/languages",
      "stargazers_url": "https://api.github.com/repos/HpWens/MeiWidgetView/stargazers",
      "contributors_url": "https://api.github.com/repos/HpWens/MeiWidgetView/contributors",
      "subscribers_url": "https://api.github.com/repos/HpWens/MeiWidgetView/subscribers",
      "subscription_url": "https://api.github.com/repos/HpWens/MeiWidgetView/subscription",
      "commits_url": "https://api.github.com/repos/HpWens/MeiWidgetView/commits{/sha}",
      "git_commits_url": "https://api.github.com/repos/HpWens/MeiWidgetView/git/commits{/sha}",
      "comments_url": "https://api.github.com/repos/HpWens/MeiWidgetView/comments{/number}",
      "issue_comment_url": "https://api.github.com/repos/HpWens/MeiWidgetView/issues/comments{/number}",
      "contents_url": "https://api.github.com/repos/HpWens/MeiWidgetView/contents/{+path}",
      "compare_url": "https://api.github.com/repos/HpWens/MeiWidgetView/compare/{base}...{head}",
      "merges_url": "https://api.github.com/repos/HpWens/MeiWidgetView/merges",
      "archive_url": "https://api.github.com/repos/HpWens/MeiWidgetView/{archive_format}{/ref}",
      "downloads_url": "https://api.github.com/repos/HpWens/MeiWidgetView/downloads",
      "issues_url": "https://api.github.com/repos/HpWens/MeiWidgetView/issues{/number}",
      "pulls_url": "https://api.github.com/repos/HpWens/MeiWidgetView/pulls{/number}",
      "milestones_url": "https://api.github.com/repos/HpWens/MeiWidgetView/milestones{/number}",
      "notifications_url": "https://api.github.com/repos/HpWens/MeiWidgetView/notifications{?since,all,participating}",
      "labels_url": "https://api.github.com/repos/HpWens/MeiWidgetView/labels{/name}",
      "releases_url": "https://api.github.com/repos/HpWens/MeiWidgetView/releases{/id}",
      "deployments_url": "https://api.github.com/repos/HpWens/MeiWidgetView/deployments",
      "created_at": "2018-04-28T07:32:36Z",
      "updated_at": "2018-11-29T06:13:06Z",
      "pushed_at": "2018-11-23T02:32:15Z",
      "git_url": "git://github.com/HpWens/MeiWidgetView.git",
      "ssh_url": "git@github.com:HpWens/MeiWidgetView.git",
      "clone_url": "https://github.com/HpWens/MeiWidgetView.git",
      "svn_url": "https://github.com/HpWens/MeiWidgetView",
      "homepage": "",
      "size": 74708,
      "stargazers_count": 606,
      "watchers_count": 606,
      "language": "Java",
      "has_issues": true,
      "has_projects": true,
      "has_downloads": true,
      "has_wiki": true,
      "has_pages": false,
      "forks_count": 86,
      "mirror_url": null,
      "archived": false,
      "open_issues_count": 1,
      "license": {
        "key": "apache-2.0",
        "name": "Apache License 2.0",
        "spdx_id": "Apache-2.0",
        "url": "https://api.github.com/licenses/apache-2.0",
        "node_id": "MDc6TGljZW5zZTI="
      },
      "forks": 86,
      "open_issues": 1,
      "watchers": 606,
      "default_branch": "master",
      "score": 13.466923
    },
    {
      "id": 3074850,
      "node_id": "MDEwOlJlcG9zaXRvcnkzMDc0ODUw",
      "name": "zotfile",
      "full_name": "jlegewie/zotfile",
      "private": false,
      "owner": {
        "login": "jlegewie",
        "id": 1292401,
        "node_id": "MDQ6VXNlcjEyOTI0MDE=",
        "avatar_url": "https://avatars3.githubusercontent.com/u/1292401?v=4",
        "gravatar_id": "",
        "url": "https://api.github.com/users/jlegewie",
        "html_url": "https://github.com/jlegewie",
        "followers_url": "https://api.github.com/users/jlegewie/followers",
        "following_url": "https://api.github.com/users/jlegewie/following{/other_user}",
        "gists_url": "https://api.github.com/users/jlegewie/gists{/gist_id}",
        "starred_url": "https://api.github.com/users/jlegewie/starred{/owner}{/repo}",
        "subscriptions_url": "https://api.github.com/users/jlegewie/subscriptions",
        "organizations_url": "https://api.github.com/users/jlegewie/orgs",
        "repos_url": "https://api.github.com/users/jlegewie/repos",
        "events_url": "https://api.github.com/users/jlegewie/events{/privacy}",
        "received_events_url": "https://api.github.com/users/jlegewie/received_events",
        "type": "User",
        "site_admin": false
      },
      "html_url": "https://github.com/jlegewie/zotfile",
      "description": "Zotero plugin to manage your attachments: automatically rename, move, and attach PDFs (or other files) to Zotero items, sync PDFs from your Zotero library to your (mobile) PDF reader (e.g. an iPad, Android tablet, etc.), and extract PDF annotations.",
      "fork": false,
      "url": "https://api.github.com/repos/jlegewie/zotfile",
      "forks_url": "https://api.github.com/repos/jlegewie/zotfile/forks",
      "keys_url": "https://api.github.com/repos/jlegewie/zotfile/keys{/key_id}",
      "collaborators_url": "https://api.github.com/repos/jlegewie/zotfile/collaborators{/collaborator}",
      "teams_url": "https://api.github.com/repos/jlegewie/zotfile/teams",
      "hooks_url": "https://api.github.com/repos/jlegewie/zotfile/hooks",
      "issue_events_url": "https://api.github.com/repos/jlegewie/zotfile/issues/events{/number}",
      "events_url": "https://api.github.com/repos/jlegewie/zotfile/events",
      "assignees_url": "https://api.github.com/repos/jlegewie/zotfile/assignees{/user}",
      "branches_url": "https://api.github.com/repos/jlegewie/zotfile/branches{/branch}",
      "tags_url": "https://api.github.com/repos/jlegewie/zotfile/tags",
      "blobs_url": "https://api.github.com/repos/jlegewie/zotfile/git/blobs{/sha}",
      "git_tags_url": "https://api.github.com/repos/jlegewie/zotfile/git/tags{/sha}",
      "git_refs_url": "https://api.github.com/repos/jlegewie/zotfile/git/refs{/sha}",
      "trees_url": "https://api.github.com/repos/jlegewie/zotfile/git/trees{/sha}",
      "statuses_url": "https://api.github.com/repos/jlegewie/zotfile/statuses/{sha}",
      "languages_url": "https://api.github.com/repos/jlegewie/zotfile/languages",
      "stargazers_url": "https://api.github.com/repos/jlegewie/zotfile/stargazers",
      "contributors_url": "https://api.github.com/repos/jlegewie/zotfile/contributors",
      "subscribers_url": "https://api.github.com/repos/jlegewie/zotfile/subscribers",
      "subscription_url": "https://api.github.com/repos/jlegewie/zotfile/subscription",
      "commits_url": "https://api.github.com/repos/jlegewie/zotfile/commits{/sha}",
      "git_commits_url": "https://api.github.com/repos/jlegewie/zotfile/git/commits{/sha}",
      "comments_url": "https://api.github.com/repos/jlegewie/zotfile/comments{/number}",
      "issue_comment_url": "https://api.github.com/repos/jlegewie/zotfile/issues/comments{/number}",
      "contents_url": "https://api.github.com/repos/jlegewie/zotfile/contents/{+path}",
      "compare_url": "https://api.github.com/repos/jlegewie/zotfile/compare/{base}...{head}",
      "merges_url": "https://api.github.com/repos/jlegewie/zotfile/merges",
      "archive_url": "https://api.github.com/repos/jlegewie/zotfile/{archive_format}{/ref}",
      "downloads_url": "https://api.github.com/repos/jlegewie/zotfile/downloads",
      "issues_url": "https://api.github.com/repos/jlegewie/zotfile/issues{/number}",
      "pulls_url": "https://api.github.com/repos/jlegewie/zotfile/pulls{/number}",
      "milestones_url": "https://api.github.com/repos/jlegewie/zotfile/milestones{/number}",
      "notifications_url": "https://api.github.com/repos/jlegewie/zotfile/notifications{?since,all,participating}",
      "labels_url": "https://api.github.com/repos/jlegewie/zotfile/labels{/name}",
      "releases_url": "https://api.github.com/repos/jlegewie/zotfile/releases{/id}",
      "deployments_url": "https://api.github.com/repos/jlegewie/zotfile/deployments",
      "created_at": "2011-12-30T14:47:42Z",
      "updated_at": "2018-11-29T11:23:11Z",
      "pushed_at": "2018-11-22T14:10:27Z",
      "git_url": "git://github.com/jlegewie/zotfile.git",
      "ssh_url": "git@github.com:jlegewie/zotfile.git",
      "clone_url": "https://github.com/jlegewie/zotfile.git",
      "svn_url": "https://github.com/jlegewie/zotfile",
      "homepage": "",
      "size": 9911,
      "stargazers_count": 602,
      "watchers_count": 602,
      "language": "Java",
      "has_issues": true,
      "has_projects": true,
      "has_downloads": true,
      "has_wiki": true,
      "has_pages": true,
      "forks_count": 90,
      "mirror_url": null,
      "archived": false,
      "open_issues_count": 107,
      "license": null,
      "forks": 90,
      "open_issues": 107,
      "watchers": 602,
      "default_branch": "master",
      "score": 13.326708
    },
    {
      "id": 99223471,
      "node_id": "MDEwOlJlcG9zaXRvcnk5OTIyMzQ3MQ==",
      "name": "CacheEmulatorChecker",
      "full_name": "happylishang/CacheEmulatorChecker",
      "private": false,
      "owner": {
        "login": "happylishang",
        "id": 6792557,
        "node_id": "MDQ6VXNlcjY3OTI1NTc=",
        "avatar_url": "https://avatars3.githubusercontent.com/u/6792557?v=4",
        "gravatar_id": "",
        "url": "https://api.github.com/users/happylishang",
        "html_url": "https://github.com/happylishang",
        "followers_url": "https://api.github.com/users/happylishang/followers",
        "following_url": "https://api.github.com/users/happylishang/following{/other_user}",
        "gists_url": "https://api.github.com/users/happylishang/gists{/gist_id}",
        "starred_url": "https://api.github.com/users/happylishang/starred{/owner}{/repo}",
        "subscriptions_url": "https://api.github.com/users/happylishang/subscriptions",
        "organizations_url": "https://api.github.com/users/happylishang/orgs",
        "repos_url": "https://api.github.com/users/happylishang/repos",
        "events_url": "https://api.github.com/users/happylishang/events{/privacy}",
        "received_events_url": "https://api.github.com/users/happylishang/received_events",
        "type": "User",
        "site_admin": false
      },
      "html_url": "https://github.com/happylishang/CacheEmulatorChecker",
      "description": "检测Android设备是否是模拟器 ，并且获取相对真实的IMEI AndroidId 序列号 MAC地址等，作为DeviceID，应对防刷需求等",
      "fork": false,
      "url": "https://api.github.com/repos/happylishang/CacheEmulatorChecker",
      "forks_url": "https://api.github.com/repos/happylishang/CacheEmulatorChecker/forks",
      "keys_url": "https://api.github.com/repos/happylishang/CacheEmulatorChecker/keys{/key_id}",
      "collaborators_url": "https://api.github.com/repos/happylishang/CacheEmulatorChecker/collaborators{/collaborator}",
      "teams_url": "https://api.github.com/repos/happylishang/CacheEmulatorChecker/teams",
      "hooks_url": "https://api.github.com/repos/happylishang/CacheEmulatorChecker/hooks",
      "issue_events_url": "https://api.github.com/repos/happylishang/CacheEmulatorChecker/issues/events{/number}",
      "events_url": "https://api.github.com/repos/happylishang/CacheEmulatorChecker/events",
      "assignees_url": "https://api.github.com/repos/happylishang/CacheEmulatorChecker/assignees{/user}",
      "branches_url": "https://api.github.com/repos/happylishang/CacheEmulatorChecker/branches{/branch}",
      "tags_url": "https://api.github.com/repos/happylishang/CacheEmulatorChecker/tags",
      "blobs_url": "https://api.github.com/repos/happylishang/CacheEmulatorChecker/git/blobs{/sha}",
      "git_tags_url": "https://api.github.com/repos/happylishang/CacheEmulatorChecker/git/tags{/sha}",
      "git_refs_url": "https://api.github.com/repos/happylishang/CacheEmulatorChecker/git/refs{/sha}",
      "trees_url": "https://api.github.com/repos/happylishang/CacheEmulatorChecker/git/trees{/sha}",
      "statuses_url": "https://api.github.com/repos/happylishang/CacheEmulatorChecker/statuses/{sha}",
      "languages_url": "https://api.github.com/repos/happylishang/CacheEmulatorChecker/languages",
      "stargazers_url": "https://api.github.com/repos/happylishang/CacheEmulatorChecker/stargazers",
      "contributors_url": "https://api.github.com/repos/happylishang/CacheEmulatorChecker/contributors",
      "subscribers_url": "https://api.github.com/repos/happylishang/CacheEmulatorChecker/subscribers",
      "subscription_url": "https://api.github.com/repos/happylishang/CacheEmulatorChecker/subscription",
      "commits_url": "https://api.github.com/repos/happylishang/CacheEmulatorChecker/commits{/sha}",
      "git_commits_url": "https://api.github.com/repos/happylishang/CacheEmulatorChecker/git/commits{/sha}",
      "comments_url": "https://api.github.com/repos/happylishang/CacheEmulatorChecker/comments{/number}",
      "issue_comment_url": "https://api.github.com/repos/happylishang/CacheEmulatorChecker/issues/comments{/number}",
      "contents_url": "https://api.github.com/repos/happylishang/CacheEmulatorChecker/contents/{+path}",
      "compare_url": "https://api.github.com/repos/happylishang/CacheEmulatorChecker/compare/{base}...{head}",
      "merges_url": "https://api.github.com/repos/happylishang/CacheEmulatorChecker/merges",
      "archive_url": "https://api.github.com/repos/happylishang/CacheEmulatorChecker/{archive_format}{/ref}",
      "downloads_url": "https://api.github.com/repos/happylishang/CacheEmulatorChecker/downloads",
      "issues_url": "https://api.github.com/repos/happylishang/CacheEmulatorChecker/issues{/number}",
      "pulls_url": "https://api.github.com/repos/happylishang/CacheEmulatorChecker/pulls{/number}",
      "milestones_url": "https://api.github.com/repos/happylishang/CacheEmulatorChecker/milestones{/number}",
      "notifications_url": "https://api.github.com/repos/happylishang/CacheEmulatorChecker/notifications{?since,all,participating}",
      "labels_url": "https://api.github.com/repos/happylishang/CacheEmulatorChecker/labels{/name}",
      "releases_url": "https://api.github.com/repos/happylishang/CacheEmulatorChecker/releases{/id}",
      "deployments_url": "https://api.github.com/repos/happylishang/CacheEmulatorChecker/deployments",
      "created_at": "2017-08-03T11:00:47Z",
      "updated_at": "2018-11-29T08:02:58Z",
      "pushed_at": "2018-11-22T02:39:39Z",
      "git_url": "git://github.com/happylishang/CacheEmulatorChecker.git",
      "ssh_url": "git@github.com:happylishang/CacheEmulatorChecker.git",
      "clone_url": "https://github.com/happylishang/CacheEmulatorChecker.git",
      "svn_url": "https://github.com/happylishang/CacheEmulatorChecker",
      "homepage": "",
      "size": 8812,
      "stargazers_count": 295,
      "watchers_count": 295,
      "language": "Java",
      "has_issues": true,
      "has_projects": true,
      "has_downloads": true,
      "has_wiki": true,
      "has_pages": false,
      "forks_count": 56,
      "mirror_url": null,
      "archived": false,
      "open_issues_count": 8,
      "license": null,
      "forks": 56,
      "open_issues": 8,
      "watchers": 295,
      "default_branch": "master",
      "score": 12.06439
    },
    {
      "id": 88046208,
      "node_id": "MDEwOlJlcG9zaXRvcnk4ODA0NjIwOA==",
      "name": "ImageSelector",
      "full_name": "donkingliang/ImageSelector",
      "private": false,
      "owner": {
        "login": "donkingliang",
        "id": 5499532,
        "node_id": "MDQ6VXNlcjU0OTk1MzI=",
        "avatar_url": "https://avatars2.githubusercontent.com/u/5499532?v=4",
        "gravatar_id": "",
        "url": "https://api.github.com/users/donkingliang",
        "html_url": "https://github.com/donkingliang",
        "followers_url": "https://api.github.com/users/donkingliang/followers",
        "following_url": "https://api.github.com/users/donkingliang/following{/other_user}",
        "gists_url": "https://api.github.com/users/donkingliang/gists{/gist_id}",
        "starred_url": "https://api.github.com/users/donkingliang/starred{/owner}{/repo}",
        "subscriptions_url": "https://api.github.com/users/donkingliang/subscriptions",
        "organizations_url": "https://api.github.com/users/donkingliang/orgs",
        "repos_url": "https://api.github.com/users/donkingliang/repos",
        "events_url": "https://api.github.com/users/donkingliang/events{/privacy}",
        "received_events_url": "https://api.github.com/users/donkingliang/received_events",
        "type": "User",
        "site_admin": false
      },
      "html_url": "https://github.com/donkingliang/ImageSelector",
      "description": "Android图片选择器，仿微信的图片选择器的样式和效果。支持图片的单选、限数量的多选和不限数量的多选。支持图片预览和图片文件夹的切换。",
      "fork": false,
      "url": "https://api.github.com/repos/donkingliang/ImageSelector",
      "forks_url": "https://api.github.com/repos/donkingliang/ImageSelector/forks",
      "keys_url": "https://api.github.com/repos/donkingliang/ImageSelector/keys{/key_id}",
      "collaborators_url": "https://api.github.com/repos/donkingliang/ImageSelector/collaborators{/collaborator}",
      "teams_url": "https://api.github.com/repos/donkingliang/ImageSelector/teams",
      "hooks_url": "https://api.github.com/repos/donkingliang/ImageSelector/hooks",
      "issue_events_url": "https://api.github.com/repos/donkingliang/ImageSelector/issues/events{/number}",
      "events_url": "https://api.github.com/repos/donkingliang/ImageSelector/events",
      "assignees_url": "https://api.github.com/repos/donkingliang/ImageSelector/assignees{/user}",
      "branches_url": "https://api.github.com/repos/donkingliang/ImageSelector/branches{/branch}",
      "tags_url": "https://api.github.com/repos/donkingliang/ImageSelector/tags",
      "blobs_url": "https://api.github.com/repos/donkingliang/ImageSelector/git/blobs{/sha}",
      "git_tags_url": "https://api.github.com/repos/donkingliang/ImageSelector/git/tags{/sha}",
      "git_refs_url": "https://api.github.com/repos/donkingliang/ImageSelector/git/refs{/sha}",
      "trees_url": "https://api.github.com/repos/donkingliang/ImageSelector/git/trees{/sha}",
      "statuses_url": "https://api.github.com/repos/donkingliang/ImageSelector/statuses/{sha}",
      "languages_url": "https://api.github.com/repos/donkingliang/ImageSelector/languages",
      "stargazers_url": "https://api.github.com/repos/donkingliang/ImageSelector/stargazers",
      "contributors_url": "https://api.github.com/repos/donkingliang/ImageSelector/contributors",
      "subscribers_url": "https://api.github.com/repos/donkingliang/ImageSelector/subscribers",
      "subscription_url": "https://api.github.com/repos/donkingliang/ImageSelector/subscription",
      "commits_url": "https://api.github.com/repos/donkingliang/ImageSelector/commits{/sha}",
      "git_commits_url": "https://api.github.com/repos/donkingliang/ImageSelector/git/commits{/sha}",
      "comments_url": "https://api.github.com/repos/donkingliang/ImageSelector/comments{/number}",
      "issue_comment_url": "https://api.github.com/repos/donkingliang/ImageSelector/issues/comments{/number}",
      "contents_url": "https://api.github.com/repos/donkingliang/ImageSelector/contents/{+path}",
      "compare_url": "https://api.github.com/repos/donkingliang/ImageSelector/compare/{base}...{head}",
      "merges_url": "https://api.github.com/repos/donkingliang/ImageSelector/merges",
      "archive_url": "https://api.github.com/repos/donkingliang/ImageSelector/{archive_format}{/ref}",
      "downloads_url": "https://api.github.com/repos/donkingliang/ImageSelector/downloads",
      "issues_url": "https://api.github.com/repos/donkingliang/ImageSelector/issues{/number}",
      "pulls_url": "https://api.github.com/repos/donkingliang/ImageSelector/pulls{/number}",
      "milestones_url": "https://api.github.com/repos/donkingliang/ImageSelector/milestones{/number}",
      "notifications_url": "https://api.github.com/repos/donkingliang/ImageSelector/notifications{?since,all,participating}",
      "labels_url": "https://api.github.com/repos/donkingliang/ImageSelector/labels{/name}",
      "releases_url": "https://api.github.com/repos/donkingliang/ImageSelector/releases{/id}",
      "deployments_url": "https://api.github.com/repos/donkingliang/ImageSelector/deployments",
      "created_at": "2017-04-12T11:52:40Z",
      "updated_at": "2018-11-29T07:56:38Z",
      "pushed_at": "2018-11-24T06:00:19Z",
      "git_url": "git://github.com/donkingliang/ImageSelector.git",
      "ssh_url": "git@github.com:donkingliang/ImageSelector.git",
      "clone_url": "https://github.com/donkingliang/ImageSelector.git",
      "svn_url": "https://github.com/donkingliang/ImageSelector",
      "homepage": null,
      "size": 347,
      "stargazers_count": 231,
      "watchers_count": 231,
      "language": "Java",
      "has_issues": true,
      "has_projects": true,
      "has_downloads": true,
      "has_wiki": true,
      "has_pages": false,
      "forks_count": 60,
      "mirror_url": null,
      "archived": false,
      "open_issues_count": 16,
      "license": {
        "key": "apache-2.0",
        "name": "Apache License 2.0",
        "spdx_id": "Apache-2.0",
        "url": "https://api.github.com/licenses/apache-2.0",
        "node_id": "MDc6TGljZW5zZTI="
      },
      "forks": 60,
      "open_issues": 16,
      "watchers": 231,
      "default_branch": "master",
      "score": 8.475636
    },
    {
      "id": 102271622,
      "node_id": "MDEwOlJlcG9zaXRvcnkxMDIyNzE2MjI=",
      "name": "HappyPlayer5",
      "full_name": "zhangliangming/HappyPlayer5",
      "private": false,
      "owner": {
        "login": "zhangliangming",
        "id": 11418403,
        "node_id": "MDQ6VXNlcjExNDE4NDAz",
        "avatar_url": "https://avatars0.githubusercontent.com/u/11418403?v=4",
        "gravatar_id": "",
        "url": "https://api.github.com/users/zhangliangming",
        "html_url": "https://github.com/zhangliangming",
        "followers_url": "https://api.github.com/users/zhangliangming/followers",
        "following_url": "https://api.github.com/users/zhangliangming/following{/other_user}",
        "gists_url": "https://api.github.com/users/zhangliangming/gists{/gist_id}",
        "starred_url": "https://api.github.com/users/zhangliangming/starred{/owner}{/repo}",
        "subscriptions_url": "https://api.github.com/users/zhangliangming/subscriptions",
        "organizations_url": "https://api.github.com/users/zhangliangming/orgs",
        "repos_url": "https://api.github.com/users/zhangliangming/repos",
        "events_url": "https://api.github.com/users/zhangliangming/events{/privacy}",
        "received_events_url": "https://api.github.com/users/zhangliangming/received_events",
        "type": "User",
        "site_admin": false
      },
      "html_url": "https://github.com/zhangliangming/HappyPlayer5",
      "description": "乐乐音乐5.0主要是基于ijkplayer框架开发的Android音乐播放器，它支持多种音频格式(mp3,ape,flac,wav等)、lrc歌词和动感歌词(ksc,krc,hrc等)、翻译和音译歌词和桌面歌词，界面高仿酷狗。",
      "fork": false,
      "url": "https://api.github.com/repos/zhangliangming/HappyPlayer5",
      "forks_url": "https://api.github.com/repos/zhangliangming/HappyPlayer5/forks",
      "keys_url": "https://api.github.com/repos/zhangliangming/HappyPlayer5/keys{/key_id}",
      "collaborators_url": "https://api.github.com/repos/zhangliangming/HappyPlayer5/collaborators{/collaborator}",
      "teams_url": "https://api.github.com/repos/zhangliangming/HappyPlayer5/teams",
      "hooks_url": "https://api.github.com/repos/zhangliangming/HappyPlayer5/hooks",
      "issue_events_url": "https://api.github.com/repos/zhangliangming/HappyPlayer5/issues/events{/number}",
      "events_url": "https://api.github.com/repos/zhangliangming/HappyPlayer5/events",
      "assignees_url": "https://api.github.com/repos/zhangliangming/HappyPlayer5/assignees{/user}",
      "branches_url": "https://api.github.com/repos/zhangliangming/HappyPlayer5/branches{/branch}",
      "tags_url": "https://api.github.com/repos/zhangliangming/HappyPlayer5/tags",
      "blobs_url": "https://api.github.com/repos/zhangliangming/HappyPlayer5/git/blobs{/sha}",
      "git_tags_url": "https://api.github.com/repos/zhangliangming/HappyPlayer5/git/tags{/sha}",
      "git_refs_url": "https://api.github.com/repos/zhangliangming/HappyPlayer5/git/refs{/sha}",
      "trees_url": "https://api.github.com/repos/zhangliangming/HappyPlayer5/git/trees{/sha}",
      "statuses_url": "https://api.github.com/repos/zhangliangming/HappyPlayer5/statuses/{sha}",
      "languages_url": "https://api.github.com/repos/zhangliangming/HappyPlayer5/languages",
      "stargazers_url": "https://api.github.com/repos/zhangliangming/HappyPlayer5/stargazers",
      "contributors_url": "https://api.github.com/repos/zhangliangming/HappyPlayer5/contributors",
      "subscribers_url": "https://api.github.com/repos/zhangliangming/HappyPlayer5/subscribers",
      "subscription_url": "https://api.github.com/repos/zhangliangming/HappyPlayer5/subscription",
      "commits_url": "https://api.github.com/repos/zhangliangming/HappyPlayer5/commits{/sha}",
      "git_commits_url": "https://api.github.com/repos/zhangliangming/HappyPlayer5/git/commits{/sha}",
      "comments_url": "https://api.github.com/repos/zhangliangming/HappyPlayer5/comments{/number}",
      "issue_comment_url": "https://api.github.com/repos/zhangliangming/HappyPlayer5/issues/comments{/number}",
      "contents_url": "https://api.github.com/repos/zhangliangming/HappyPlayer5/contents/{+path}",
      "compare_url": "https://api.github.com/repos/zhangliangming/HappyPlayer5/compare/{base}...{head}",
      "merges_url": "https://api.github.com/repos/zhangliangming/HappyPlayer5/merges",
      "archive_url": "https://api.github.com/repos/zhangliangming/HappyPlayer5/{archive_format}{/ref}",
      "downloads_url": "https://api.github.com/repos/zhangliangming/HappyPlayer5/downloads",
      "issues_url": "https://api.github.com/repos/zhangliangming/HappyPlayer5/issues{/number}",
      "pulls_url": "https://api.github.com/repos/zhangliangming/HappyPlayer5/pulls{/number}",
      "milestones_url": "https://api.github.com/repos/zhangliangming/HappyPlayer5/milestones{/number}",
      "notifications_url": "https://api.github.com/repos/zhangliangming/HappyPlayer5/notifications{?since,all,participating}",
      "labels_url": "https://api.github.com/repos/zhangliangming/HappyPlayer5/labels{/name}",
      "releases_url": "https://api.github.com/repos/zhangliangming/HappyPlayer5/releases{/id}",
      "deployments_url": "https://api.github.com/repos/zhangliangming/HappyPlayer5/deployments",
      "created_at": "2017-09-03T14:48:56Z",
      "updated_at": "2018-11-26T10:52:20Z",
      "pushed_at": "2018-11-29T15:52:08Z",
      "git_url": "git://github.com/zhangliangming/HappyPlayer5.git",
      "ssh_url": "git@github.com:zhangliangming/HappyPlayer5.git",
      "clone_url": "https://github.com/zhangliangming/HappyPlayer5.git",
      "svn_url": "https://github.com/zhangliangming/HappyPlayer5",
      "homepage": "",
      "size": 259190,
      "stargazers_count": 423,
      "watchers_count": 423,
      "language": "Java",
      "has_issues": true,
      "has_projects": true,
      "has_downloads": true,
      "has_wiki": true,
      "has_pages": false,
      "forks_count": 125,
      "mirror_url": null,
      "archived": false,
      "open_issues_count": 7,
      "license": {
        "key": "apache-2.0",
        "name": "Apache License 2.0",
        "spdx_id": "Apache-2.0",
        "url": "https://api.github.com/licenses/apache-2.0",
        "node_id": "MDc6TGljZW5zZTI="
      },
      "forks": 125,
      "open_issues": 7,
      "watchers": 423,
      "default_branch": "zlm",
      "score": 7.7145424
    }
  ]
}
