{
  "total_count": 15,
  "incomplete_results": false,
  "items": [
    {
      "id": 7243504,
      "node_id": "MDEwOlJlcG9zaXRvcnk3MjQzNTA0",
      "name": "android",
      "full_name": "libreliodev/android",
      "private": false,
      "owner": {
        "login": "libreliodev",
        "id": 3107052,
        "node_id": "MDQ6VXNlcjMxMDcwNTI=",
        "avatar_url": "https://avatars2.githubusercontent.com/u/3107052?v=4",
        "gravatar_id": "",
        "url": "https://api.github.com/users/libreliodev",
        "html_url": "https://github.com/libreliodev",
        "followers_url": "https://api.github.com/users/libreliodev/followers",
        "following_url": "https://api.github.com/users/libreliodev/following{/other_user}",
        "gists_url": "https://api.github.com/users/libreliodev/gists{/gist_id}",
        "starred_url": "https://api.github.com/users/libreliodev/starred{/owner}{/repo}",
        "subscriptions_url": "https://api.github.com/users/libreliodev/subscriptions",
        "organizations_url": "https://api.github.com/users/libreliodev/orgs",
        "repos_url": "https://api.github.com/users/libreliodev/repos",
        "events_url": "https://api.github.com/users/libreliodev/events{/privacy}",
        "received_events_url": "https://api.github.com/users/libreliodev/received_events",
        "type": "User",
        "site_admin": false
      },
      "html_url": "https://github.com/libreliodev/android",
      "description": "Android Customizable Reader - Librelio Digital Publishing Suite",
      "fork": false,
      "url": "https://api.github.com/repos/libreliodev/android",
      "forks_url": "https://api.github.com/repos/libreliodev/android/forks",
      "keys_url": "https://api.github.com/repos/libreliodev/android/keys{/key_id}",
      "collaborators_url": "https://api.github.com/repos/libreliodev/android/collaborators{/collaborator}",
      "teams_url": "https://api.github.com/repos/libreliodev/android/teams",
      "hooks_url": "https://api.github.com/repos/libreliodev/android/hooks",
      "issue_events_url": "https://api.github.com/repos/libreliodev/android/issues/events{/number}",
      "events_url": "https://api.github.com/repos/libreliodev/android/events",
      "assignees_url": "https://api.github.com/repos/libreliodev/android/assignees{/user}",
      "branches_url": "https://api.github.com/repos/libreliodev/android/branches{/branch}",
      "tags_url": "https://api.github.com/repos/libreliodev/android/tags",
      "blobs_url": "https://api.github.com/repos/libreliodev/android/git/blobs{/sha}",
      "git_tags_url": "https://api.github.com/repos/libreliodev/android/git/tags{/sha}",
      "git_refs_url": "https://api.github.com/repos/libreliodev/android/git/refs{/sha}",
      "trees_url": "https://api.github.com/repos/libreliodev/android/git/trees{/sha}",
      "statuses_url": "https://api.github.com/repos/libreliodev/android/statuses/{sha}",
      "languages_url": "https://api.github.com/repos/libreliodev/android/languages",
      "stargazers_url": "https://api.github.com/repos/libreliodev/android/stargazers",
      "contributors_url": "https://api.github.com/repos/libreliodev/android/contributors",
      "subscribers_url": "https://api.github.com/repos/libreliodev/android/subscribers",
      "subscription_url": "https://api.github.com/repos/libreliodev/android/subscription",
      "commits_url": "https://api.github.com/repos/libreliodev/android/commits{/sha}",
      "git_commits_url": "https://api.github.com/repos/libreliodev/android/git/commits{/sha}",
      "comments_url": "https://api.github.com/repos/libreliodev/android/comments{/number}",
      "issue_comment_url": "https://api.github.com/repos/libreliodev/android/issues/comments{/number}",
      "contents_url": "https://api.github.com/repos/libreliodev/android/contents/{+path}",
      "compare_url": "https://api.github.com/repos/libreliodev/android/compare/{base}...{head}",
      "merges_url": "https://api.github.com/repos/libreliodev/android/merges",
      "archive_url": "https://api.github.com/repos/libreliodev/android/{archive_format}{/ref}",
      "downloads_url": "https://api.github.com/repos/libreliodev/android/downloads",
      "issues_url": "https://api.github.com/repos/libreliodev/android/issues{/number}",
      "pulls_url": "https://api.github.com/repos/libreliodev/android/pulls{/number}",
      "milestones_url": "https://api.github.com/repos/libreliodev/android/milestones{/number}",
      "notifications_url": "https://api.github.com/repos/libreliodev/android/notifications{?since,all,participating}",
      "labels_url": "https://api.github.com/repos/libreliodev/android/labels{/name}",
      "releases_url": "https://api.github.com/repos/libreliodev/android/releases{/id}",
      "deployments_url": "https://api.github.com/repos/libreliodev/android/deployments",
      "created_at": "2012-12-19T16:19:26Z",
      "updated_at": "2018-11-28T06:11:28Z",
      "pushed_at": "2018-03-23T16:54:42Z",
      "git_url": "git://github.com/libreliodev/android.git",
      "ssh_url": "git@github.com:libreliodev/android.git",
      "clone_url": "https://github.com/libreliodev/android.git",
      "svn_url": "https://github.com/libreliodev/android",
      "homepage": "www.librelio.com",
      "size": 194046,
      "stargazers_count": 209,
      "watchers_count": 209,
      "language": "Java",
      "has_issues": true,
      "has_projects": true,
      "has_downloads": true,
      "has_wiki": true,
      "has_pages": false,
      "forks_count": 138,
      "mirror_url": null,
      "archived": false,
      "open_issues_count": 22,
      "license": null,
      "forks": 138,
      "open_issues": 22,
      "watchers": 209,
      "default_branch": "master",
      "score": 75.40749
    },
    {
      "id": 70797838,
      "node_id": "MDEwOlJlcG9zaXRvcnk3MDc5NzgzOA==",
      "name": "AndroidOpenGLDemo",
      "full_name": "doggycoder/AndroidOpenGLDemo",
      "private": false,
      "owner": {
        "login": "doggycoder",
        "id": 12567487,
        "node_id": "MDQ6VXNlcjEyNTY3NDg3",
        "avatar_url": "https://avatars3.githubusercontent.com/u/12567487?v=4",
        "gravatar_id": "",
        "url": "https://api.github.com/users/doggycoder",
        "html_url": "https://github.com/doggycoder",
        "followers_url": "https://api.github.com/users/doggycoder/followers",
        "following_url": "https://api.github.com/users/doggycoder/following{/other_user}",
        "gists_url": "https://api.github.com/users/doggycoder/gists{/gist_id}",
        "starred_url": "https://api.github.com/users/doggycoder/starred{/owner}{/repo}",
        "subscriptions_url": "https://api.github.com/users/doggycoder/subscriptions",
        "organizations_url": "https://api.github.com/users/doggycoder/orgs",
        "repos_url": "https://api.github.com/users/doggycoder/repos",
        "events_url": "https://api.github.com/users/doggycoder/events{/privacy}",
        "received_events_url": "https://api.github.com/users/doggycoder/received_events",
        "type": "User",
        "site_admin": false
      },
      "html_url": "https://github.com/doggycoder/AndroidOpenGLDemo",
      "description": "Android OpenGL ES从零开始的Demo",
      "fork": false,
      "url": "https://api.github.com/repos/doggycoder/AndroidOpenGLDemo",
      "forks_url": "https://api.github.com/repos/doggycoder/AndroidOpenGLDemo/forks",
      "keys_url": "https://api.github.com/repos/doggycoder/AndroidOpenGLDemo/keys{/key_id}",
      "collaborators_url": "https://api.github.com/repos/doggycoder/AndroidOpenGLDemo/collaborators{/collaborator}",
      "teams_url": "https://api.github.com/repos/doggycoder/AndroidOpenGLDemo/teams",
      "hooks_url": "https://api.github.com/repos/doggycoder/AndroidOpenGLDemo/hooks",
      "issue_events_url": "https://api.github.com/repos/doggycoder/AndroidOpenGLDemo/issues/events{/number}",
      "events_url": "https://api.github.com/repos/doggycoder/AndroidOpenGLDemo/events",
      "assignees_url": "https://api.github.com/repos/doggycoder/AndroidOpenGLDemo/assignees{/user}",
      "branches_url": "https://api.github.com/repos/doggycoder/AndroidOpenGLDemo/branches{/branch}",
      "tags_url": "https://api.github.com/repos/doggycoder/AndroidOpenGLDemo/tags",
      "blobs_url": "https://api.github.com/repos/doggycoder/AndroidOpenGLDemo/git/blobs{/sha}",
      "git_tags_url": "https://api.github.com/repos/doggycoder/AndroidOpenGLDemo/git/tags{/sha}",
      "git_refs_url": "https://api.github.com/repos/doggycoder/AndroidOpenGLDemo/git/refs{/sha}",
      "trees_url": "https://api.github.com/repos/doggycoder/AndroidOpenGLDemo/git/trees{/sha}",
      "statuses_url": "https://api.github.com/repos/doggycoder/AndroidOpenGLDemo/statuses/{sha}",
      "languages_url": "https://api.github.com/repos/doggycoder/AndroidOpenGLDemo/languages",
      "stargazers_url": "https://api.github.com/repos/doggycoder/AndroidOpenGLDemo/stargazers",
      "contributors_url": "https://api.github.com/repos/doggycoder/AndroidOpenGLDemo/contributors",
      "subscribers_url": "https://api.github.com/repos/doggycoder/AndroidOpenGLDemo/subscribers",
      "subscription_url": "https://api.github.com/repos/doggycoder/AndroidOpenGLDemo/subscription",
      "commits_url": "https://api.github.com/repos/doggycoder/AndroidOpenGLDemo/commits{/sha}",
      "git_commits_url": "https://api.github.com/repos/doggycoder/AndroidOpenGLDemo/git/commits{/sha}",
      "comments_url": "https://api.github.com/repos/doggycoder/AndroidOpenGLDemo/comments{/number}",
      "issue_comment_url": "https://api.github.com/repos/doggycoder/AndroidOpenGLDemo/issues/comments{/number}",
      "contents_url": "https://api.github.com/repos/doggycoder/AndroidOpenGLDemo/contents/{+path}",
      "compare_url": "https://api.github.com/repos/doggycoder/AndroidOpenGLDemo/compare/{base}...{head}",
      "merges_url": "https://api.github.com/repos/doggycoder/AndroidOpenGLDemo/merges",
      "archive_url": "https://api.github.com/repos/doggycoder/AndroidOpenGLDemo/{archive_format}{/ref}",
      "downloads_url": "https://api.github.com/repos/doggycoder/AndroidOpenGLDemo/downloads",
      "issues_url": "https://api.github.com/repos/doggycoder/AndroidOpenGLDemo/issues{/number}",
      "pulls_url": "https://api.github.com/repos/doggycoder/AndroidOpenGLDemo/pulls{/number}",
      "milestones_url": "https://api.github.com/repos/doggycoder/AndroidOpenGLDemo/milestones{/number}",
      "notifications_url": "https://api.github.com/repos/doggycoder/AndroidOpenGLDemo/notifications{?since,all,participating}",
      "labels_url": "https://api.github.com/repos/doggycoder/AndroidOpenGLDemo/labels{/name}",
      "releases_url": "https://api.github.com/repos/doggycoder/AndroidOpenGLDemo/releases{/id}",
      "deployments_url": "https://api.github.com/repos/doggycoder/AndroidOpenGLDemo/deployments",
      "created_at": "2016-10-13T11:00:20Z",
      "updated_at": "2018-11-29T12:30:05Z",
      "pushed_at": "2018-03-26T08:28:12Z",
      "git_url": "git://github.com/doggycoder/AndroidOpenGLDemo.git",
      "ssh_url": "git@github.com:doggycoder/AndroidOpenGLDemo.git",
      "clone_url": "https://github.com/doggycoder/AndroidOpenGLDemo.git",
      "svn_url": "https://github.com/doggycoder/AndroidOpenGLDemo",
      "homepage": null,
      "size": 13636,
      "stargazers_count": 1126,
      "watchers_count": 1126,
      "language": "Java",
      "has_issues": true,
      "has_projects": true,
      "has_downloads": true,
      "has_wiki": true,
      "has_pages": false,
      "forks_count": 352,
      "mirror_url": null,
      "archived": false,
      "open_issues_count": 4,
      "license": null,
      "forks": 352,
      "open_issues": 4,
      "watchers": 1126,
      "default_branch": "master",
      "score": 57.96237
    },
    {
      "id": 47962772,
      "node_id": "MDEwOlJlcG9zaXRvcnk0Nzk2Mjc3Mg==",
      "name": "StarWars.Android",
      "full_name": "Yalantis/StarWars.Android",
      "private": false,
      "owner": {
        "login": "Yalantis",
        "id": 752338,
        "node_id": "MDEyOk9yZ2FuaXphdGlvbjc1MjMzOA==",
        "avatar_url": "https://avatars2.githubusercontent.com/u/752338?v=4",
        "gravatar_id": "",
        "url": "https://api.github.com/users/Yalantis",
        "html_url": "https://github.com/Yalantis",
        "followers_url": "https://api.github.com/users/Yalantis/followers",
        "following_url": "https://api.github.com/users/Yalantis/following{/other_user}",
        "gists_url": "https://api.github.com/users/Yalantis/gists{/gist_id}",
        "starred_url": "https://api.github.com/users/Yalantis/starred{/owner}{/repo}",
        "subscriptions_url": "https://api.github.com/users/Yalantis/subscriptions",
        "organizations_url": "https://api.github.com/users/Yalantis/orgs",
        "repos_url": "https://api.github.com/users/Yalantis/repos",
        "events_url": "https://api.github.com/users/Yalantis/events{/privacy}",
        "received_events_url": "https://api.github.com/users/Yalantis/received_events",
        "type": "Organization",
        "site_admin": false
      },
      "html_url": "https://github.com/Yalantis/StarWars.Android",
      "description": "This component implements transition animation to crumble view into tiny pieces.",
      "fork": false,
      "url": "https://api.github.com/repos/Yalantis/StarWars.Android",
      "forks_url": "https://api.github.com/repos/Yalantis/StarWars.Android/forks",
      "keys_url": "https://api.github.com/repos/Yalantis/StarWars.Android/keys{/key_id}",
      "collaborators_url": "https://api.github.com/repos/Yalantis/StarWars.Android/collaborators{/collaborator}",
      "teams_url": "https://api.github.com/repos/Yalantis/StarWars.Android/teams",
      "hooks_url": "https://api.github.com/repos/Yalantis/StarWars.Android/hooks",
      "issue_events_url": "https://api.github.com/repos/Yalantis/StarWars.Android/issues/events{/number}",
      "events_url": "https://api.github.com/repos/Yalantis/StarWars.Android/events",
      "assignees_url": "https://api.github.com/repos/Yalantis/StarWars.Android/assignees{/user}",
      "branches_url": "https://api.github.com/repos/Yalantis/StarWars.Android/branches{/branch}",
      "tags_url": "https://api.github.com/repos/Yalantis/StarWars.Android/tags",
      "blobs_url": "https://api.github.com/repos/Yalantis/StarWars.Android/git/blobs{/sha}",
      "git_tags_url": "https://api.github.com/repos/Yalantis/StarWars.Android/git/tags{/sha}",
      "git_refs_url": "https://api.github.com/repos/Yalantis/StarWars.Android/git/refs{/sha}",
      "trees_url": "https://api.github.com/repos/Yalantis/StarWars.Android/git/trees{/sha}",
      "statuses_url": "https://api.github.com/repos/Yalantis/StarWars.Android/statuses/{sha}",
      "languages_url": "https://api.github.com/repos/Yalantis/StarWars.Android/languages",
      "stargazers_url": "https://api.github.com/repos/Yalantis/StarWars.Android/stargazers",
      "contributors_url": "https://api.github.com/repos/Yalantis/StarWars.Android/contributors",
      "subscribers_url": "https://api.github.com/repos/Yalantis/StarWars.Android/subscribers",
      "subscription_url": "https://api.github.com/repos/Yalantis/StarWars.Android/subscription",
      "commits_url": "https://api.github.com/repos/Yalantis/StarWars.Android/commits{/sha}",
      "git_commits_url": "https://api.github.com/repos/Yalantis/StarWars.Android/git/commits{/sha}",
      "comments_url": "https://api.github.com/repos/Yalantis/StarWars.Android/comments{/number}",
      "issue_comment_url": "https://api.github.com/repos/Yalantis/StarWars.Android/issues/comments{/number}",
      "contents_url": "https://api.github.com/repos/Yalantis/StarWars.Android/contents/{+path}",
      "compare_url": "https://api.github.com/repos/Yalantis/StarWars.Android/compare/{base}...{head}",
      "merges_url": "https://api.github.com/repos/Yalantis/StarWars.Android/merges",
      "archive_url": "https://api.github.com/repos/Yalantis/StarWars.Android/{archive_format}{/ref}",
      "downloads_url": "https://api.github.com/repos/Yalantis/StarWars.Android/downloads",
      "issues_url": "https://api.github.com/repos/Yalantis/StarWars.Android/issues{/number}",
      "pulls_url": "https://api.github.com/repos/Yalantis/StarWars.Android/pulls{/number}",
      "milestones_url": "https://api.github.com/repos/Yalantis/StarWars.Android/milestones{/number}",
      "notifications_url": "https://api.github.com/repos/Yalantis/StarWars.Android/notifications{?since,all,participating}",
      "labels_url": "https://api.github.com/repos/Yalantis/StarWars.Android/labels{/name}",
      "releases_url": "https://api.github.com/repos/Yalantis/StarWars.Android/releases{/id}",
      "deployments_url": "https://api.github.com/repos/Yalantis/StarWars.Android/deployments",
      "created_at": "2015-12-14T08:50:11Z",
      "updated_at": "2018-11-28T23:57:31Z",
      "pushed_at": "2018-03-23T18:23:31Z",
      "git_url": "git://github.com/Yalantis/StarWars.Android.git",
      "ssh_url": "git@github.com:Yalantis/StarWars.Android.git",
      "clone_url": "https://github.com/Yalantis/StarWars.Android.git",
      "svn_url": "https://github.com/Yalantis/StarWars.Android",
      "homepage": "https://yalantis.com/blog/star-wars-the-force-awakens-or-how-to-crumble-view-into-tiny-pieces-on-android/",
      "size": 18281,
      "stargazers_count": 1836,
      "watchers_count": 1836,
      "language": "Java",
      "has_issues": true,
      "has_projects": true,
      "has_downloads": true,
      "has_wiki": true,
      "has_pages": false,
      "forks_count": 308,
      "mirror_url": null,
      "archived": false,
      "open_issues_count": 6,
      "license": {
        "key": "mit",
        "name": "MIT License",
        "spdx_id": "MIT",
        "url": "https://api.github.com/licenses/mit",
        "node_id": "MDc6TGljZW5zZTEz"
      },
      "forks": 308,
      "open_issues": 6,
      "watchers": 1836,
      "default_branch": "master",
      "score": 48.159332
    },
    {
      "id": 21865662,
      "node_id": "MDEwOlJlcG9zaXRvcnkyMTg2NTY2Mg==",
      "name": "dialogflow-android-client",
      "full_name": "dialogflow/dialogflow-android-client",
      "private": false,
      "owner": {
        "login": "dialogflow",
        "id": 8170782,
        "node_id": "MDEyOk9yZ2FuaXphdGlvbjgxNzA3ODI=",
        "avatar_url": "https://avatars2.githubusercontent.com/u/8170782?v=4",
        "gravatar_id": "",
        "url": "https://api.github.com/users/dialogflow",
        "html_url": "https://github.com/dialogflow",
        "followers_url": "https://api.github.com/users/dialogflow/followers",
        "following_url": "https://api.github.com/users/dialogflow/following{/other_user}",
        "gists_url": "https://api.github.com/users/dialogflow/gists{/gist_id}",
        "starred_url": "https://api.github.com/users/dialogflow/starred{/owner}{/repo}",
        "subscriptions_url": "https://api.github.com/users/dialogflow/subscriptions",
        "organizations_url": "https://api.github.com/users/dialogflow/orgs",
        "repos_url": "https://api.github.com/users/dialogflow/repos",
        "events_url": "https://api.github.com/users/dialogflow/events{/privacy}",
        "received_events_url": "https://api.github.com/users/dialogflow/received_events",
        "type": "Organization",
        "site_admin": false
      },
      "html_url": "https://github.com/dialogflow/dialogflow-android-client",
      "description": "Android SDK for Dialogflow",
      "fork": false,
      "url": "https://api.github.com/repos/dialogflow/dialogflow-android-client",
      "forks_url": "https://api.github.com/repos/dialogflow/dialogflow-android-client/forks",
      "keys_url": "https://api.github.com/repos/dialogflow/dialogflow-android-client/keys{/key_id}",
      "collaborators_url": "https://api.github.com/repos/dialogflow/dialogflow-android-client/collaborators{/collaborator}",
      "teams_url": "https://api.github.com/repos/dialogflow/dialogflow-android-client/teams",
      "hooks_url": "https://api.github.com/repos/dialogflow/dialogflow-android-client/hooks",
      "issue_events_url": "https://api.github.com/repos/dialogflow/dialogflow-android-client/issues/events{/number}",
      "events_url": "https://api.github.com/repos/dialogflow/dialogflow-android-client/events",
      "assignees_url": "https://api.github.com/repos/dialogflow/dialogflow-android-client/assignees{/user}",
      "branches_url": "https://api.github.com/repos/dialogflow/dialogflow-android-client/branches{/branch}",
      "tags_url": "https://api.github.com/repos/dialogflow/dialogflow-android-client/tags",
      "blobs_url": "https://api.github.com/repos/dialogflow/dialogflow-android-client/git/blobs{/sha}",
      "git_tags_url": "https://api.github.com/repos/dialogflow/dialogflow-android-client/git/tags{/sha}",
      "git_refs_url": "https://api.github.com/repos/dialogflow/dialogflow-android-client/git/refs{/sha}",
      "trees_url": "https://api.github.com/repos/dialogflow/dialogflow-android-client/git/trees{/sha}",
      "statuses_url": "https://api.github.com/repos/dialogflow/dialogflow-android-client/statuses/{sha}",
      "languages_url": "https://api.github.com/repos/dialogflow/dialogflow-android-client/languages",
      "stargazers_url": "https://api.github.com/repos/dialogflow/dialogflow-android-client/stargazers",
      "contributors_url": "https://api.github.com/repos/dialogflow/dialogflow-android-client/contributors",
      "subscribers_url": "https://api.github.com/repos/dialogflow/dialogflow-android-client/subscribers",
      "subscription_url": "https://api.github.com/repos/dialogflow/dialogflow-android-client/subscription",
      "commits_url": "https://api.github.com/repos/dialogflow/dialogflow-android-client/commits{/sha}",
      "git_commits_url": "https://api.github.com/repos/dialogflow/dialogflow-android-client/git/commits{/sha}",
      "comments_url": "https://api.github.com/repos/dialogflow/dialogflow-android-client/comments{/number}",
      "issue_comment_url": "https://api.github.com/repos/dialogflow/dialogflow-android-client/issues/comments{/number}",
      "contents_url": "https://api.github.com/repos/dialogflow/dialogflow-android-client/contents/{+path}",
      "compare_url": "https://api.github.com/repos/dialogflow/dialogflow-android-client/compare/{base}...{head}",
      "merges_url": "https://api.github.com/repos/dialogflow/dialogflow-android-client/merges",
      "archive_url": "https://api.github.com/repos/dialogflow/dialogflow-android-client/{archive_format}{/ref}",
      "downloads_url": "https://api.github.com/repos/dialogflow/dialogflow-android-client/downloads",
      "issues_url": "https://api.github.com/repos/dialogflow/dialogflow-android-client/issues{/number}",
      "pulls_url": "https://api.github.com/repos/dialogflow/dialogflow-android-client/pulls{/number}",
      "milestones_url": "https://api.github.com/repos/dialogflow/dialogflow-android-client/milestones{/number}",
      "notifications_url": "https://api.github.com/repos/dialogflow/dialogflow-android-client/notifications{?since,all,participating}",
      "labels_url": "https://api.github.com/repos/dialogflow/dialogflow-android-client/labels{/name}",
      "releases_url": "https://api.github.com/repos/dialogflow/dialogflow-android-client/releases{/id}",
      "deployments_url": "https://api.github.com/repos/dialogflow/dialogflow-android-client/deployments",
      "created_at": "2014-07-15T15:41:28Z",
      "updated_at": "2018-11-24T14:56:50Z",
      "pushed_at": "2018-03-24T12:59:15Z",
      "git_url": "git://github.com/dialogflow/dialogflow-android-client.git",
      "ssh_url": "git@github.com:dialogflow/dialogflow-android-client.git",
      "clone_url": "https://github.com/dialogflow/dialogflow-android-client.git",
      "svn_url": "https://github.com/dialogflow/dialogflow-android-client",
      "homepage": "https://dialogflow.com",
      "size": 2653,
      "stargazers_count": 533,
      "watchers_count": 533,
      "language": "Java",
      "has_issues": true,
      "has_projects": true,
      "has_downloads": true,
      "has_wiki": true,
      "has_pages": false,
      "forks_count": 266,
      "mirror_url": null,
      "archived": false,
      "open_issues_count": 64,
      "license": {
        "key": "apache-2.0",
        "name": "Apache License 2.0",
        "spdx_id": "Apache-2.0",
        "url": "https://api.github.com/licenses/apache-2.0",
        "node_id": "MDc6TGljZW5zZTI="
      },
      "forks": 266,
      "open_issues": 64,
      "watchers": 533,
      "default_branch": "master",
      "score": 44.87056
    },
    {
      "id": 80809072,
      "node_id": "MDEwOlJlcG9zaXRvcnk4MDgwOTA3Mg==",
      "name": "diycode",
      "full_name": "GcsSloop/diycode",
      "private": false,
      "owner": {
        "login": "GcsSloop",
        "id": 9796998,
        "node_id": "MDQ6VXNlcjk3OTY5OTg=",
        "avatar_url": "https://avatars1.githubusercontent.com/u/9796998?v=4",
        "gravatar_id": "",
        "url": "https://api.github.com/users/GcsSloop",
        "html_url": "https://github.com/GcsSloop",
        "followers_url": "https://api.github.com/users/GcsSloop/followers",
        "following_url": "https://api.github.com/users/GcsSloop/following{/other_user}",
        "gists_url": "https://api.github.com/users/GcsSloop/gists{/gist_id}",
        "starred_url": "https://api.github.com/users/GcsSloop/starred{/owner}{/repo}",
        "subscriptions_url": "https://api.github.com/users/GcsSloop/subscriptions",
        "organizations_url": "https://api.github.com/users/GcsSloop/orgs",
        "repos_url": "https://api.github.com/users/GcsSloop/repos",
        "events_url": "https://api.github.com/users/GcsSloop/events{/privacy}",
        "received_events_url": "https://api.github.com/users/GcsSloop/received_events",
        "type": "User",
        "site_admin": false
      },
      "html_url": "https://github.com/GcsSloop/diycode",
      "description": "[暂停维护]diycode android app",
      "fork": false,
      "url": "https://api.github.com/repos/GcsSloop/diycode",
      "forks_url": "https://api.github.com/repos/GcsSloop/diycode/forks",
      "keys_url": "https://api.github.com/repos/GcsSloop/diycode/keys{/key_id}",
      "collaborators_url": "https://api.github.com/repos/GcsSloop/diycode/collaborators{/collaborator}",
      "teams_url": "https://api.github.com/repos/GcsSloop/diycode/teams",
      "hooks_url": "https://api.github.com/repos/GcsSloop/diycode/hooks",
      "issue_events_url": "https://api.github.com/repos/GcsSloop/diycode/issues/events{/number}",
      "events_url": "https://api.github.com/repos/GcsSloop/diycode/events",
      "assignees_url": "https://api.github.com/repos/GcsSloop/diycode/assignees{/user}",
      "branches_url": "https://api.github.com/repos/GcsSloop/diycode/branches{/branch}",
      "tags_url": "https://api.github.com/repos/GcsSloop/diycode/tags",
      "blobs_url": "https://api.github.com/repos/GcsSloop/diycode/git/blobs{/sha}",
      "git_tags_url": "https://api.github.com/repos/GcsSloop/diycode/git/tags{/sha}",
      "git_refs_url": "https://api.github.com/repos/GcsSloop/diycode/git/refs{/sha}",
      "trees_url": "https://api.github.com/repos/GcsSloop/diycode/git/trees{/sha}",
      "statuses_url": "https://api.github.com/repos/GcsSloop/diycode/statuses/{sha}",
      "languages_url": "https://api.github.com/repos/GcsSloop/diycode/languages",
      "stargazers_url": "https://api.github.com/repos/GcsSloop/diycode/stargazers",
      "contributors_url": "https://api.github.com/repos/GcsSloop/diycode/contributors",
      "subscribers_url": "https://api.github.com/repos/GcsSloop/diycode/subscribers",
      "subscription_url": "https://api.github.com/repos/GcsSloop/diycode/subscription",
      "commits_url": "https://api.github.com/repos/GcsSloop/diycode/commits{/sha}",
      "git_commits_url": "https://api.github.com/repos/GcsSloop/diycode/git/commits{/sha}",
      "comments_url": "https://api.github.com/repos/GcsSloop/diycode/comments{/number}",
      "issue_comment_url": "https://api.github.com/repos/GcsSloop/diycode/issues/comments{/number}",
      "contents_url": "https://api.github.com/repos/GcsSloop/diycode/contents/{+path}",
      "compare_url": "https://api.github.com/repos/GcsSloop/diycode/compare/{base}...{head}",
      "merges_url": "https://api.github.com/repos/GcsSloop/diycode/merges",
      "archive_url": "https://api.github.com/repos/GcsSloop/diycode/{archive_format}{/ref}",
      "downloads_url": "https://api.github.com/repos/GcsSloop/diycode/downloads",
      "issues_url": "https://api.github.com/repos/GcsSloop/diycode/issues{/number}",
      "pulls_url": "https://api.github.com/repos/GcsSloop/diycode/pulls{/number}",
      "milestones_url": "https://api.github.com/repos/GcsSloop/diycode/milestones{/number}",
      "notifications_url": "https://api.github.com/repos/GcsSloop/diycode/notifications{?since,all,participating}",
      "labels_url": "https://api.github.com/repos/GcsSloop/diycode/labels{/name}",
      "releases_url": "https://api.github.com/repos/GcsSloop/diycode/releases{/id}",
      "deployments_url": "https://api.github.com/repos/GcsSloop/diycode/deployments",
      "created_at": "2017-02-03T08:00:21Z",
      "updated_at": "2018-11-29T09:03:45Z",
      "pushed_at": "2018-03-26T05:17:44Z",
      "git_url": "git://github.com/GcsSloop/diycode.git",
      "ssh_url": "git@github.com:GcsSloop/diycode.git",
      "clone_url": "https://github.com/GcsSloop/diycode.git",
      "svn_url": "https://github.com/GcsSloop/diycode",
      "homepage": "",
      "size": 1519,
      "stargazers_count": 936,
      "watchers_count": 936,
      "language": "Java",
      "has_issues": true,
      "has_projects": true,
      "has_downloads": true,
      "has_wiki": true,
      "has_pages": false,
      "forks_count": 214,
      "mirror_url": null,
      "archived": false,
      "open_issues_count": 13,
      "license": {
        "key": "apache-2.0",
        "name": "Apache License 2.0",
        "spdx_id": "Apache-2.0",
        "url": "https://api.github.com/licenses/apache-2.0",
        "node_id": "MDc6TGljZW5zZTI="
      },
      "forks": 214,
      "open_issues": 13,
      "watchers": 936,
      "default_branch": "master",
      "score": 37.285675
    },
    {
      "id": 101844421,
      "node_id": "MDEwOlJlcG9zaXRvcnkxMDE4NDQ0MjE=",
      "name": "android-sku",
      "full_name": "wuhenzhizao/android-sku",
      "private": false,
      "owner": {
        "login": "wuhenzhizao",
        "id": 10915591,
        "node_id": "MDQ6VXNlcjEwOTE1NTkx",
        "avatar_url": "https://avatars1.githubusercontent.com/u/10915591?v=4",
        "gravatar_id": "",
        "url": "https://api.github.com/users/wuhenzhizao",
        "html_url": "https://github.com/wuhenzhizao",
        "followers_url": "https://api.github.com/users/wuhenzhizao/followers",
        "following_url": "https://api.github.com/users/wuhenzhizao/following{/other_user}",
        "gists_url": "https://api.github.com/users/wuhenzhizao/gists{/gist_id}",
        "starred_url": "https://api.github.com/users/wuhenzhizao/starred{/owner}{/repo}",
        "subscriptions_url": "https://api.github.com/users/wuhenzhizao/subscriptions",
        "organizations_url": "https://api.github.com/users/wuhenzhizao/orgs",
        "repos_url": "https://api.github.com/users/wuhenzhizao/repos",
        "events_url": "https://api.github.com/users/wuhenzhizao/events{/privacy}",
        "received_events_url": "https://api.github.com/users/wuhenzhizao/received_events",
        "type": "User",
        "site_admin": false
      },
      "html_url": "https://github.com/wuhenzhizao/android-sku",
      "description": "🔥 Android Sku属性选择器, 类似于淘宝，天猫，京东，支持MVVM，直接使用",
      "fork": false,
      "url": "https://api.github.com/repos/wuhenzhizao/android-sku",
      "forks_url": "https://api.github.com/repos/wuhenzhizao/android-sku/forks",
      "keys_url": "https://api.github.com/repos/wuhenzhizao/android-sku/keys{/key_id}",
      "collaborators_url": "https://api.github.com/repos/wuhenzhizao/android-sku/collaborators{/collaborator}",
      "teams_url": "https://api.github.com/repos/wuhenzhizao/android-sku/teams",
      "hooks_url": "https://api.github.com/repos/wuhenzhizao/android-sku/hooks",
      "issue_events_url": "https://api.github.com/repos/wuhenzhizao/android-sku/issues/events{/number}",
      "events_url": "https://api.github.com/repos/wuhenzhizao/android-sku/events",
      "assignees_url": "https://api.github.com/repos/wuhenzhizao/android-sku/assignees{/user}",
      "branches_url": "https://api.github.com/repos/wuhenzhizao/android-sku/branches{/branch}",
      "tags_url": "https://api.github.com/repos/wuhenzhizao/android-sku/tags",
      "blobs_url": "https://api.github.com/repos/wuhenzhizao/android-sku/git/blobs{/sha}",
      "git_tags_url": "https://api.github.com/repos/wuhenzhizao/android-sku/git/tags{/sha}",
      "git_refs_url": "https://api.github.com/repos/wuhenzhizao/android-sku/git/refs{/sha}",
      "trees_url": "https://api.github.com/repos/wuhenzhizao/android-sku/git/trees{/sha}",
      "statuses_url": "https://api.github.com/repos/wuhenzhizao/android-sku/statuses/{sha}",
      "languages_url": "https://api.github.com/repos/wuhenzhizao/android-sku/languages",
      "stargazers_url": "https://api.github.com/repos/wuhenzhizao/android-sku/stargazers",
      "contributors_url": "https://api.github.com/repos/wuhenzhizao/android-sku/contributors",
      "subscribers_url": "https://api.github.com/repos/wuhenzhizao/android-sku/subscribers",
      "subscription_url": "https://api.github.com/repos/wuhenzhizao/android-sku/subscription",
      "commits_url": "https://api.github.com/repos/wuhenzhizao/android-sku/commits{/sha}",
      "git_commits_url": "https://api.github.com/repos/wuhenzhizao/android-sku/git/commits{/sha}",
      "comments_url": "https://api.github.com/repos/wuhenzhizao/android-sku/comments{/number}",
      "issue_comment_url": "https://api.github.com/repos/wuhenzhizao/android-sku/issues/comments{/number}",
      "contents_url": "https://api.github.com/repos/wuhenzhizao/android-sku/contents/{+path}",
      "compare_url": "https://api.github.com/repos/wuhenzhizao/android-sku/compare/{base}...{head}",
      "merges_url": "https://api.github.com/repos/wuhenzhizao/android-sku/merges",
      "archive_url": "https://api.github.com/repos/wuhenzhizao/android-sku/{archive_format}{/ref}",
      "downloads_url": "https://api.github.com/repos/wuhenzhizao/android-sku/downloads",
      "issues_url": "https://api.github.com/repos/wuhenzhizao/android-sku/issues{/number}",
      "pulls_url": "https://api.github.com/repos/wuhenzhizao/android-sku/pulls{/number}",
      "milestones_url": "https://api.github.com/repos/wuhenzhizao/android-sku/milestones{/number}",
      "notifications_url": "https://api.github.com/repos/wuhenzhizao/android-sku/notifications{?since,all,participating}",
      "labels_url": "https://api.github.com/repos/wuhenzhizao/android-sku/labels{/name}",
      "releases_url": "https://api.github.com/repos/wuhenzhizao/android-sku/releases{/id}",
      "deployments_url": "https://api.github.com/repos/wuhenzhizao/android-sku/deployments",
      "created_at": "2017-08-30T06:12:26Z",
      "updated_at": "2018-11-29T07:52:19Z",
      "pushed_at": "2018-03-23T11:04:18Z",
      "git_url": "git://github.com/wuhenzhizao/android-sku.git",
      "ssh_url": "git@github.com:wuhenzhizao/android-sku.git",
      "clone_url": "https://github.com/wuhenzhizao/android-sku.git",
      "svn_url": "https://github.com/wuhenzhizao/android-sku",
      "homepage": "",
      "size": 3026,
      "stargazers_count": 314,
      "watchers_count": 314,
      "language": "Java",
      "has_issues": true,
      "has_projects": true,
      "has_downloads": true,
      "has_wiki": true,
      "has_pages": false,
      "forks_count": 40,
      "mirror_url": null,
      "archived": false,
      "open_issues_count": 2,
      "license": null,
      "forks": 40,
      "open_issues": 2,
      "watchers": 314,
      "default_branch": "master",
      "score": 36.746243
    },
    {
      "id": 58294816,
      "node_id": "MDEwOlJlcG9zaXRvcnk1ODI5NDgxNg==",
      "name": "coordinators",
      "full_name": "square/coordinators",
      "private": false,
      "owner": {
        "login": "square",
        "id": 82592,
        "node_id": "MDEyOk9yZ2FuaXphdGlvbjgyNTky",
        "avatar_url": "https://avatars0.githubusercontent.com/u/82592?v=4",
        "gravatar_id": "",
        "url": "https://api.github.com/users/square",
        "html_url": "https://github.com/square",
        "followers_url": "https://api.github.com/users/square/followers",
        "following_url": "https://api.github.com/users/square/following{/other_user}",
        "gists_url": "https://api.github.com/users/square/gists{/gist_id}",
        "starred_url": "https://api.github.com/users/square/starred{/owner}{/repo}",
        "subscriptions_url": "https://api.github.com/users/square/subscriptions",
        "organizations_url": "https://api.github.com/users/square/orgs",
        "repos_url": "https://api.github.com/users/square/repos",
        "events_url": "https://api.github.com/users/square/events{/privacy}",
        "received_events_url": "https://api.github.com/users/square/received_events",
        "type": "Organization",
        "site_admin": false
      },
      "html_url": "https://github.com/square/coordinators",
      "description": "Simple MVWhatever for Android",
      "fork": false,
      "url": "https://api.github.com/repos/square/coordinators",
      "forks_url": "https://api.github.com/repos/square/coordinators/forks",
      "keys_url": "https://api.github.com/repos/square/coordinators/keys{/key_id}",
      "collaborators_url": "https://api.github.com/repos/square/coordinators/collaborators{/collaborator}",
      "teams_url": "https://api.github.com/repos/square/coordinators/teams",
      "hooks_url": "https://api.github.com/repos/square/coordinators/hooks",
      "issue_events_url": "https://api.github.com/repos/square/coordinators/issues/events{/number}",
      "events_url": "https://api.github.com/repos/square/coordinators/events",
      "assignees_url": "https://api.github.com/repos/square/coordinators/assignees{/user}",
      "branches_url": "https://api.github.com/repos/square/coordinators/branches{/branch}",
      "tags_url": "https://api.github.com/repos/square/coordinators/tags",
      "blobs_url": "https://api.github.com/repos/square/coordinators/git/blobs{/sha}",
      "git_tags_url": "https://api.github.com/repos/square/coordinators/git/tags{/sha}",
      "git_refs_url": "https://api.github.com/repos/square/coordinators/git/refs{/sha}",
      "trees_url": "https://api.github.com/repos/square/coordinators/git/trees{/sha}",
      "statuses_url": "https://api.github.com/repos/square/coordinators/statuses/{sha}",
      "languages_url": "https://api.github.com/repos/square/coordinators/languages",
      "stargazers_url": "https://api.github.com/repos/square/coordinators/stargazers",
      "contributors_url": "https://api.github.com/repos/square/coordinators/contributors",
      "subscribers_url": "https://api.github.com/repos/square/coordinators/subscribers",
      "subscription_url": "https://api.github.com/repos/square/coordinators/subscription",
      "commits_url": "https://api.github.com/repos/square/coordinators/commits{/sha}",
      "git_commits_url": "https://api.github.com/repos/square/coordinators/git/commits{/sha}",
      "comments_url": "https://api.github.com/repos/square/coordinators/comments{/number}",
      "issue_comment_url": "https://api.github.com/repos/square/coordinators/issues/comments{/number}",
      "contents_url": "https://api.github.com/repos/square/coordinators/contents/{+path}",
      "compare_url": "https://api.github.com/repos/square/coordinators/compare/{base}...{head}",
      "merges_url": "https://api.github.com/repos/square/coordinators/merges",
      "archive_url": "https://api.github.com/repos/square/coordinators/{archive_format}{/ref}",
      "downloads_url": "https://api.github.com/repos/square/coordinators/downloads",
      "issues_url": "https://api.github.com/repos/square/coordinators/issues{/number}",
      "pulls_url": "https://api.github.com/repos/square/coordinators/pulls{/number}",
      "milestones_url": "https://api.github.com/repos/square/coordinators/milestones{/number}",
      "notifications_url": "https://api.github.com/repos/square/coordinators/notifications{?since,all,participating}",
      "labels_url": "https://api.github.com/repos/square/coordinators/labels{/name}",
      "releases_url": "https://api.github.com/repos/square/coordinators/releases{/id}",
      "deployments_url": "https://api.github.com/repos/square/coordinators/deployments",
      "created_at": "2016-05-08T03:27:06Z",
      "updated_at": "2018-11-27T20:51:08Z",
      "pushed_at": "2018-03-26T22:25:13Z",
      "git_url": "git://github.com/square/coordinators.git",
      "ssh_url": "git@github.com:square/coordinators.git",
      "clone_url": "https://github.com/square/coordinators.git",
      "svn_url": "https://github.com/square/coordinators",
      "homepage": "",
      "size": 190,
      "stargazers_count": 674,
      "watchers_count": 674,
      "language": "Java",
      "has_issues": true,
      "has_projects": true,
      "has_downloads": true,
      "has_wiki": false,
      "has_pages": false,
      "forks_count": 40,
      "mirror_url": null,
      "archived": false,
      "open_issues_count": 0,
      "license": {
        "key": "apache-2.0",
        "name": "Apache License 2.0",
        "spdx_id": "Apache-2.0",
        "url": "https://api.github.com/licenses/apache-2.0",
        "node_id": "MDc6TGljZW5zZTI="
      },
      "forks": 40,
      "open_issues": 0,
      "watchers": 674,
      "default_branch": "master",
      "score": 35.108234
    },
    {
      "id": 65614505,
      "node_id": "MDEwOlJlcG9zaXRvcnk2NTYxNDUwNQ==",
      "name": "Android-Face-Recognition-with-Deep-Learning-Library",
      "full_name": "Qualeams/Android-Face-Recognition-with-Deep-Learning-Library",
      "private": false,
      "owner": {
        "login": "Qualeams",
        "id": 20585603,
        "node_id": "MDEyOk9yZ2FuaXphdGlvbjIwNTg1NjAz",
        "avatar_url": "https://avatars1.githubusercontent.com/u/20585603?v=4",
        "gravatar_id": "",
        "url": "https://api.github.com/users/Qualeams",
        "html_url": "https://github.com/Qualeams",
        "followers_url": "https://api.github.com/users/Qualeams/followers",
        "following_url": "https://api.github.com/users/Qualeams/following{/other_user}",
        "gists_url": "https://api.github.com/users/Qualeams/gists{/gist_id}",
        "starred_url": "https://api.github.com/users/Qualeams/starred{/owner}{/repo}",
        "subscriptions_url": "https://api.github.com/users/Qualeams/subscriptions",
        "organizations_url": "https://api.github.com/users/Qualeams/orgs",
        "repos_url": "https://api.github.com/users/Qualeams/repos",
        "events_url": "https://api.github.com/users/Qualeams/events{/privacy}",
        "received_events_url": "https://api.github.com/users/Qualeams/received_events",
        "type": "Organization",
        "site_admin": false
      },
      "html_url": "https://github.com/Qualeams/Android-Face-Recognition-with-Deep-Learning-Library",
      "description": "Face Recognition library for Android devices is an Android library (module) which includes several face recognition methods.",
      "fork": false,
      "url": "https://api.github.com/repos/Qualeams/Android-Face-Recognition-with-Deep-Learning-Library",
      "forks_url": "https://api.github.com/repos/Qualeams/Android-Face-Recognition-with-Deep-Learning-Library/forks",
      "keys_url": "https://api.github.com/repos/Qualeams/Android-Face-Recognition-with-Deep-Learning-Library/keys{/key_id}",
      "collaborators_url": "https://api.github.com/repos/Qualeams/Android-Face-Recognition-with-Deep-Learning-Library/collaborators{/collaborator}",
      "teams_url": "https://api.github.com/repos/Qualeams/Android-Face-Recognition-with-Deep-Learning-Library/teams",
      "hooks_url": "https://api.github.com/repos/Qualeams/Android-Face-Recognition-with-Deep-Learning-Library/hooks",
      "issue_events_url": "https://api.github.com/repos/Qualeams/Android-Face-Recognition-with-Deep-Learning-Library/issues/events{/number}",
      "events_url": "https://api.github.com/repos/Qualeams/Android-Face-Recognition-with-Deep-Learning-Library/events",
      "assignees_url": "https://api.github.com/repos/Qualeams/Android-Face-Recognition-with-Deep-Learning-Library/assignees{/user}",
      "branches_url": "https://api.github.com/repos/Qualeams/Android-Face-Recognition-with-Deep-Learning-Library/branches{/branch}",
      "tags_url": "https://api.github.com/repos/Qualeams/Android-Face-Recognition-with-Deep-Learning-Library/tags",
      "blobs_url": "https://api.github.com/repos/Qualeams/Android-Face-Recognition-with-Deep-Learning-Library/git/blobs{/sha}",
      "git_tags_url": "https://api.github.com/repos/Qualeams/Android-Face-Recognition-with-Deep-Learning-Library/git/tags{/sha}",
      "git_refs_url": "https://api.github.com/repos/Qualeams/Android-Face-Recognition-with-Deep-Learning-Library/git/refs{/sha}",
      "trees_url": "https://api.github.com/repos/Qualeams/Android-Face-Recognition-with-Deep-Learning-Library/git/trees{/sha}",
      "statuses_url": "https://api.github.com/repos/Qualeams/Android-Face-Recognition-with-Deep-Learning-Library/statuses/{sha}",
      "languages_url": "https://api.github.com/repos/Qualeams/Android-Face-Recognition-with-Deep-Learning-Library/languages",
      "stargazers_url": "https://api.github.com/repos/Qualeams/Android-Face-Recognition-with-Deep-Learning-Library/stargazers",
      "contributors_url": "https://api.github.com/repos/Qualeams/Android-Face-Recognition-with-Deep-Learning-Library/contributors",
      "subscribers_url": "https://api.github.com/repos/Qualeams/Android-Face-Recognition-with-Deep-Learning-Library/subscribers",
      "subscription_url": "https://api.github.com/repos/Qualeams/Android-Face-Recognition-with-Deep-Learning-Library/subscription",
      "commits_url": "https://api.github.com/repos/Qualeams/Android-Face-Recognition-with-Deep-Learning-Library/commits{/sha}",
      "git_commits_url": "https://api.github.com/repos/Qualeams/Android-Face-Recognition-with-Deep-Learning-Library/git/commits{/sha}",
      "comments_url": "https://api.github.com/repos/Qualeams/Android-Face-Recognition-with-Deep-Learning-Library/comments{/number}",
      "issue_comment_url": "https://api.github.com/repos/Qualeams/Android-Face-Recognition-with-Deep-Learning-Library/issues/comments{/number}",
      "contents_url": "https://api.github.com/repos/Qualeams/Android-Face-Recognition-with-Deep-Learning-Library/contents/{+path}",
      "compare_url": "https://api.github.com/repos/Qualeams/Android-Face-Recognition-with-Deep-Learning-Library/compare/{base}...{head}",
      "merges_url": "https://api.github.com/repos/Qualeams/Android-Face-Recognition-with-Deep-Learning-Library/merges",
      "archive_url": "https://api.github.com/repos/Qualeams/Android-Face-Recognition-with-Deep-Learning-Library/{archive_format}{/ref}",
      "downloads_url": "https://api.github.com/repos/Qualeams/Android-Face-Recognition-with-Deep-Learning-Library/downloads",
      "issues_url": "https://api.github.com/repos/Qualeams/Android-Face-Recognition-with-Deep-Learning-Library/issues{/number}",
      "pulls_url": "https://api.github.com/repos/Qualeams/Android-Face-Recognition-with-Deep-Learning-Library/pulls{/number}",
      "milestones_url": "https://api.github.com/repos/Qualeams/Android-Face-Recognition-with-Deep-Learning-Library/milestones{/number}",
      "notifications_url": "https://api.github.com/repos/Qualeams/Android-Face-Recognition-with-Deep-Learning-Library/notifications{?since,all,participating}",
      "labels_url": "https://api.github.com/repos/Qualeams/Android-Face-Recognition-with-Deep-Learning-Library/labels{/name}",
      "releases_url": "https://api.github.com/repos/Qualeams/Android-Face-Recognition-with-Deep-Learning-Library/releases{/id}",
      "deployments_url": "https://api.github.com/repos/Qualeams/Android-Face-Recognition-with-Deep-Learning-Library/deployments",
      "created_at": "2016-08-13T11:37:19Z",
      "updated_at": "2018-11-28T12:23:57Z",
      "pushed_at": "2018-03-23T18:16:46Z",
      "git_url": "git://github.com/Qualeams/Android-Face-Recognition-with-Deep-Learning-Library.git",
      "ssh_url": "git@github.com:Qualeams/Android-Face-Recognition-with-Deep-Learning-Library.git",
      "clone_url": "https://github.com/Qualeams/Android-Face-Recognition-with-Deep-Learning-Library.git",
      "svn_url": "https://github.com/Qualeams/Android-Face-Recognition-with-Deep-Learning-Library",
      "homepage": "",
      "size": 182471,
      "stargazers_count": 284,
      "watchers_count": 284,
      "language": "Java",
      "has_issues": true,
      "has_projects": true,
      "has_downloads": true,
      "has_wiki": true,
      "has_pages": true,
      "forks_count": 88,
      "mirror_url": null,
      "archived": false,
      "open_issues_count": 15,
      "license": {
        "key": "apache-2.0",
        "name": "Apache License 2.0",
        "spdx_id": "Apache-2.0",
        "url": "https://api.github.com/licenses/apache-2.0",
        "node_id": "MDc6TGljZW5zZTI="
      },
      "forks": 88,
      "open_issues": 15,
      "watchers": 284,
      "default_branch": "master",
      "score": 34.08724
    },
    {
      "id": 58279252,
      "node_id": "MDEwOlJlcG9zaXRvcnk1ODI3OTI1Mg==",
      "name": "ExpandableLayout",
      "full_name": "cachapa/ExpandableLayout",
      "private": false,
      "owner": {
        "login": "cachapa",
        "id": 1006207,
        "node_id": "MDQ6VXNlcjEwMDYyMDc=",
        "avatar_url": "https://avatars1.githubusercontent.com/u/1006207?v=4",
        "gravatar_id": "",
        "url": "https://api.github.com/users/cachapa",
        "html_url": "https://github.com/cachapa",
        "followers_url": "https://api.github.com/users/cachapa/followers",
        "following_url": "https://api.github.com/users/cachapa/following{/other_user}",
        "gists_url": "https://api.github.com/users/cachapa/gists{/gist_id}",
        "starred_url": "https://api.github.com/users/cachapa/starred{/owner}{/repo}",
        "subscriptions_url": "https://api.github.com/users/cachapa/subscriptions",
        "organizations_url": "https://api.github.com/users/cachapa/orgs",
        "repos_url": "https://api.github.com/users/cachapa/repos",
        "events_url": "https://api.github.com/users/cachapa/events{/privacy}",
        "received_events_url": "https://api.github.com/users/cachapa/received_events",
        "type": "User",
        "site_admin": false
      },
      "html_url": "https://github.com/cachapa/ExpandableLayout",
      "description": "Android layout which supports expanding and collapsing child views",
      "fork": false,
      "url": "https://api.github.com/repos/cachapa/ExpandableLayout",
      "forks_url": "https://api.github.com/repos/cachapa/ExpandableLayout/forks",
      "keys_url": "https://api.github.com/repos/cachapa/ExpandableLayout/keys{/key_id}",
      "collaborators_url": "https://api.github.com/repos/cachapa/ExpandableLayout/collaborators{/collaborator}",
      "teams_url": "https://api.github.com/repos/cachapa/ExpandableLayout/teams",
      "hooks_url": "https://api.github.com/repos/cachapa/ExpandableLayout/hooks",
      "issue_events_url": "https://api.github.com/repos/cachapa/ExpandableLayout/issues/events{/number}",
      "events_url": "https://api.github.com/repos/cachapa/ExpandableLayout/events",
      "assignees_url": "https://api.github.com/repos/cachapa/ExpandableLayout/assignees{/user}",
      "branches_url": "https://api.github.com/repos/cachapa/ExpandableLayout/branches{/branch}",
      "tags_url": "https://api.github.com/repos/cachapa/ExpandableLayout/tags",
      "blobs_url": "https://api.github.com/repos/cachapa/ExpandableLayout/git/blobs{/sha}",
      "git_tags_url": "https://api.github.com/repos/cachapa/ExpandableLayout/git/tags{/sha}",
      "git_refs_url": "https://api.github.com/repos/cachapa/ExpandableLayout/git/refs{/sha}",
      "trees_url": "https://api.github.com/repos/cachapa/ExpandableLayout/git/trees{/sha}",
      "statuses_url": "https://api.github.com/repos/cachapa/ExpandableLayout/statuses/{sha}",
      "languages_url": "https://api.github.com/repos/cachapa/ExpandableLayout/languages",
      "stargazers_url": "https://api.github.com/repos/cachapa/ExpandableLayout/stargazers",
      "contributors_url": "https://api.github.com/repos/cachapa/ExpandableLayout/contributors",
      "subscribers_url": "https://api.github.com/repos/cachapa/ExpandableLayout/subscribers",
      "subscription_url": "https://api.github.com/repos/cachapa/ExpandableLayout/subscription",
      "commits_url": "https://api.github.com/repos/cachapa/ExpandableLayout/commits{/sha}",
      "git_commits_url": "https://api.github.com/repos/cachapa/ExpandableLayout/git/commits{/sha}",
      "comments_url": "https://api.github.com/repos/cachapa/ExpandableLayout/comments{/number}",
      "issue_comment_url": "https://api.github.com/repos/cachapa/ExpandableLayout/issues/comments{/number}",
      "contents_url": "https://api.github.com/repos/cachapa/ExpandableLayout/contents/{+path}",
      "compare_url": "https://api.github.com/repos/cachapa/ExpandableLayout/compare/{base}...{head}",
      "merges_url": "https://api.github.com/repos/cachapa/ExpandableLayout/merges",
      "archive_url": "https://api.github.com/repos/cachapa/ExpandableLayout/{archive_format}{/ref}",
      "downloads_url": "https://api.github.com/repos/cachapa/ExpandableLayout/downloads",
      "issues_url": "https://api.github.com/repos/cachapa/ExpandableLayout/issues{/number}",
      "pulls_url": "https://api.github.com/repos/cachapa/ExpandableLayout/pulls{/number}",
      "milestones_url": "https://api.github.com/repos/cachapa/ExpandableLayout/milestones{/number}",
      "notifications_url": "https://api.github.com/repos/cachapa/ExpandableLayout/notifications{?since,all,participating}",
      "labels_url": "https://api.github.com/repos/cachapa/ExpandableLayout/labels{/name}",
      "releases_url": "https://api.github.com/repos/cachapa/ExpandableLayout/releases{/id}",
      "deployments_url": "https://api.github.com/repos/cachapa/ExpandableLayout/deployments",
      "created_at": "2016-05-07T18:31:33Z",
      "updated_at": "2018-11-29T01:24:04Z",
      "pushed_at": "2018-03-22T14:22:12Z",
      "git_url": "git://github.com/cachapa/ExpandableLayout.git",
      "ssh_url": "git@github.com:cachapa/ExpandableLayout.git",
      "clone_url": "https://github.com/cachapa/ExpandableLayout.git",
      "svn_url": "https://github.com/cachapa/ExpandableLayout",
      "homepage": null,
      "size": 3826,
      "stargazers_count": 1448,
      "watchers_count": 1448,
      "language": "Java",
      "has_issues": true,
      "has_projects": true,
      "has_downloads": true,
      "has_wiki": false,
      "has_pages": false,
      "forks_count": 178,
      "mirror_url": null,
      "archived": false,
      "open_issues_count": 5,
      "license": {
        "key": "apache-2.0",
        "name": "Apache License 2.0",
        "spdx_id": "Apache-2.0",
        "url": "https://api.github.com/licenses/apache-2.0",
        "node_id": "MDc6TGljZW5zZTI="
      },
      "forks": 178,
      "open_issues": 5,
      "watchers": 1448,
      "default_branch": "master",
      "score": 32.864864
    },
    {
      "id": 64016894,
      "node_id": "MDEwOlJlcG9zaXRvcnk2NDAxNjg5NA==",
      "name": "Android-Face-Recognition-with-Deep-Learning-Test-Framework",
      "full_name": "Qualeams/Android-Face-Recognition-with-Deep-Learning-Test-Framework",
      "private": false,
      "owner": {
        "login": "Qualeams",
        "id": 20585603,
        "node_id": "MDEyOk9yZ2FuaXphdGlvbjIwNTg1NjAz",
        "avatar_url": "https://avatars1.githubusercontent.com/u/20585603?v=4",
        "gravatar_id": "",
        "url": "https://api.github.com/users/Qualeams",
        "html_url": "https://github.com/Qualeams",
        "followers_url": "https://api.github.com/users/Qualeams/followers",
        "following_url": "https://api.github.com/users/Qualeams/following{/other_user}",
        "gists_url": "https://api.github.com/users/Qualeams/gists{/gist_id}",
        "starred_url": "https://api.github.com/users/Qualeams/starred{/owner}{/repo}",
        "subscriptions_url": "https://api.github.com/users/Qualeams/subscriptions",
        "organizations_url": "https://api.github.com/users/Qualeams/orgs",
        "repos_url": "https://api.github.com/users/Qualeams/repos",
        "events_url": "https://api.github.com/users/Qualeams/events{/privacy}",
        "received_events_url": "https://api.github.com/users/Qualeams/received_events",
        "type": "Organization",
        "site_admin": false
      },
      "html_url": "https://github.com/Qualeams/Android-Face-Recognition-with-Deep-Learning-Test-Framework",
      "description": "Face Recognition framework for Android devices can be used to test different face recognition methods.",
      "fork": false,
      "url": "https://api.github.com/repos/Qualeams/Android-Face-Recognition-with-Deep-Learning-Test-Framework",
      "forks_url": "https://api.github.com/repos/Qualeams/Android-Face-Recognition-with-Deep-Learning-Test-Framework/forks",
      "keys_url": "https://api.github.com/repos/Qualeams/Android-Face-Recognition-with-Deep-Learning-Test-Framework/keys{/key_id}",
      "collaborators_url": "https://api.github.com/repos/Qualeams/Android-Face-Recognition-with-Deep-Learning-Test-Framework/collaborators{/collaborator}",
      "teams_url": "https://api.github.com/repos/Qualeams/Android-Face-Recognition-with-Deep-Learning-Test-Framework/teams",
      "hooks_url": "https://api.github.com/repos/Qualeams/Android-Face-Recognition-with-Deep-Learning-Test-Framework/hooks",
      "issue_events_url": "https://api.github.com/repos/Qualeams/Android-Face-Recognition-with-Deep-Learning-Test-Framework/issues/events{/number}",
      "events_url": "https://api.github.com/repos/Qualeams/Android-Face-Recognition-with-Deep-Learning-Test-Framework/events",
      "assignees_url": "https://api.github.com/repos/Qualeams/Android-Face-Recognition-with-Deep-Learning-Test-Framework/assignees{/user}",
      "branches_url": "https://api.github.com/repos/Qualeams/Android-Face-Recognition-with-Deep-Learning-Test-Framework/branches{/branch}",
      "tags_url": "https://api.github.com/repos/Qualeams/Android-Face-Recognition-with-Deep-Learning-Test-Framework/tags",
      "blobs_url": "https://api.github.com/repos/Qualeams/Android-Face-Recognition-with-Deep-Learning-Test-Framework/git/blobs{/sha}",
      "git_tags_url": "https://api.github.com/repos/Qualeams/Android-Face-Recognition-with-Deep-Learning-Test-Framework/git/tags{/sha}",
      "git_refs_url": "https://api.github.com/repos/Qualeams/Android-Face-Recognition-with-Deep-Learning-Test-Framework/git/refs{/sha}",
      "trees_url": "https://api.github.com/repos/Qualeams/Android-Face-Recognition-with-Deep-Learning-Test-Framework/git/trees{/sha}",
      "statuses_url": "https://api.github.com/repos/Qualeams/Android-Face-Recognition-with-Deep-Learning-Test-Framework/statuses/{sha}",
      "languages_url": "https://api.github.com/repos/Qualeams/Android-Face-Recognition-with-Deep-Learning-Test-Framework/languages",
      "stargazers_url": "https://api.github.com/repos/Qualeams/Android-Face-Recognition-with-Deep-Learning-Test-Framework/stargazers",
      "contributors_url": "https://api.github.com/repos/Qualeams/Android-Face-Recognition-with-Deep-Learning-Test-Framework/contributors",
      "subscribers_url": "https://api.github.com/repos/Qualeams/Android-Face-Recognition-with-Deep-Learning-Test-Framework/subscribers",
      "subscription_url": "https://api.github.com/repos/Qualeams/Android-Face-Recognition-with-Deep-Learning-Test-Framework/subscription",
      "commits_url": "https://api.github.com/repos/Qualeams/Android-Face-Recognition-with-Deep-Learning-Test-Framework/commits{/sha}",
      "git_commits_url": "https://api.github.com/repos/Qualeams/Android-Face-Recognition-with-Deep-Learning-Test-Framework/git/commits{/sha}",
      "comments_url": "https://api.github.com/repos/Qualeams/Android-Face-Recognition-with-Deep-Learning-Test-Framework/comments{/number}",
      "issue_comment_url": "https://api.github.com/repos/Qualeams/Android-Face-Recognition-with-Deep-Learning-Test-Framework/issues/comments{/number}",
      "contents_url": "https://api.github.com/repos/Qualeams/Android-Face-Recognition-with-Deep-Learning-Test-Framework/contents/{+path}",
      "compare_url": "https://api.github.com/repos/Qualeams/Android-Face-Recognition-with-Deep-Learning-Test-Framework/compare/{base}...{head}",
      "merges_url": "https://api.github.com/repos/Qualeams/Android-Face-Recognition-with-Deep-Learning-Test-Framework/merges",
      "archive_url": "https://api.github.com/repos/Qualeams/Android-Face-Recognition-with-Deep-Learning-Test-Framework/{archive_format}{/ref}",
      "downloads_url": "https://api.github.com/repos/Qualeams/Android-Face-Recognition-with-Deep-Learning-Test-Framework/downloads",
      "issues_url": "https://api.github.com/repos/Qualeams/Android-Face-Recognition-with-Deep-Learning-Test-Framework/issues{/number}",
      "pulls_url": "https://api.github.com/repos/Qualeams/Android-Face-Recognition-with-Deep-Learning-Test-Framework/pulls{/number}",
      "milestones_url": "https://api.github.com/repos/Qualeams/Android-Face-Recognition-with-Deep-Learning-Test-Framework/milestones{/number}",
      "notifications_url": "https://api.github.com/repos/Qualeams/Android-Face-Recognition-with-Deep-Learning-Test-Framework/notifications{?since,all,participating}",
      "labels_url": "https://api.github.com/repos/Qualeams/Android-Face-Recognition-with-Deep-Learning-Test-Framework/labels{/name}",
      "releases_url": "https://api.github.com/repos/Qualeams/Android-Face-Recognition-with-Deep-Learning-Test-Framework/releases{/id}",
      "deployments_url": "https://api.github.com/repos/Qualeams/Android-Face-Recognition-with-Deep-Learning-Test-Framework/deployments",
      "created_at": "2016-07-23T13:14:23Z",
      "updated_at": "2018-11-28T12:31:19Z",
      "pushed_at": "2018-03-23T18:06:12Z",
      "git_url": "git://github.com/Qualeams/Android-Face-Recognition-with-Deep-Learning-Test-Framework.git",
      "ssh_url": "git@github.com:Qualeams/Android-Face-Recognition-with-Deep-Learning-Test-Framework.git",
      "clone_url": "https://github.com/Qualeams/Android-Face-Recognition-with-Deep-Learning-Test-Framework.git",
      "svn_url": "https://github.com/Qualeams/Android-Face-Recognition-with-Deep-Learning-Test-Framework",
      "homepage": "",
      "size": 75102,
      "stargazers_count": 225,
      "watchers_count": 225,
      "language": "Java",
      "has_issues": true,
      "has_projects": true,
      "has_downloads": true,
      "has_wiki": true,
      "has_pages": false,
      "forks_count": 115,
      "mirror_url": null,
      "archived": false,
      "open_issues_count": 12,
      "license": {
        "key": "apache-2.0",
        "name": "Apache License 2.0",
        "spdx_id": "Apache-2.0",
        "url": "https://api.github.com/licenses/apache-2.0",
        "node_id": "MDc6TGljZW5zZTI="
      },
      "forks": 115,
      "open_issues": 12,
      "watchers": 225,
      "default_branch": "master",
      "score": 31.434416
    },
    {
      "id": 68717657,
      "node_id": "MDEwOlJlcG9zaXRvcnk2ODcxNzY1Nw==",
      "name": "Myna",
      "full_name": "TalkingData/Myna",
      "private": false,
      "owner": {
        "login": "TalkingData",
        "id": 4714477,
        "node_id": "MDEyOk9yZ2FuaXphdGlvbjQ3MTQ0Nzc=",
        "avatar_url": "https://avatars2.githubusercontent.com/u/4714477?v=4",
        "gravatar_id": "",
        "url": "https://api.github.com/users/TalkingData",
        "html_url": "https://github.com/TalkingData",
        "followers_url": "https://api.github.com/users/TalkingData/followers",
        "following_url": "https://api.github.com/users/TalkingData/following{/other_user}",
        "gists_url": "https://api.github.com/users/TalkingData/gists{/gist_id}",
        "starred_url": "https://api.github.com/users/TalkingData/starred{/owner}{/repo}",
        "subscriptions_url": "https://api.github.com/users/TalkingData/subscriptions",
        "organizations_url": "https://api.github.com/users/TalkingData/orgs",
        "repos_url": "https://api.github.com/users/TalkingData/repos",
        "events_url": "https://api.github.com/users/TalkingData/events{/privacy}",
        "received_events_url": "https://api.github.com/users/TalkingData/received_events",
        "type": "Organization",
        "site_admin": false
      },
      "html_url": "https://github.com/TalkingData/Myna",
      "description": "A context awareness framework for Android platform",
      "fork": false,
      "url": "https://api.github.com/repos/TalkingData/Myna",
      "forks_url": "https://api.github.com/repos/TalkingData/Myna/forks",
      "keys_url": "https://api.github.com/repos/TalkingData/Myna/keys{/key_id}",
      "collaborators_url": "https://api.github.com/repos/TalkingData/Myna/collaborators{/collaborator}",
      "teams_url": "https://api.github.com/repos/TalkingData/Myna/teams",
      "hooks_url": "https://api.github.com/repos/TalkingData/Myna/hooks",
      "issue_events_url": "https://api.github.com/repos/TalkingData/Myna/issues/events{/number}",
      "events_url": "https://api.github.com/repos/TalkingData/Myna/events",
      "assignees_url": "https://api.github.com/repos/TalkingData/Myna/assignees{/user}",
      "branches_url": "https://api.github.com/repos/TalkingData/Myna/branches{/branch}",
      "tags_url": "https://api.github.com/repos/TalkingData/Myna/tags",
      "blobs_url": "https://api.github.com/repos/TalkingData/Myna/git/blobs{/sha}",
      "git_tags_url": "https://api.github.com/repos/TalkingData/Myna/git/tags{/sha}",
      "git_refs_url": "https://api.github.com/repos/TalkingData/Myna/git/refs{/sha}",
      "trees_url": "https://api.github.com/repos/TalkingData/Myna/git/trees{/sha}",
      "statuses_url": "https://api.github.com/repos/TalkingData/Myna/statuses/{sha}",
      "languages_url": "https://api.github.com/repos/TalkingData/Myna/languages",
      "stargazers_url": "https://api.github.com/repos/TalkingData/Myna/stargazers",
      "contributors_url": "https://api.github.com/repos/TalkingData/Myna/contributors",
      "subscribers_url": "https://api.github.com/repos/TalkingData/Myna/subscribers",
      "subscription_url": "https://api.github.com/repos/TalkingData/Myna/subscription",
      "commits_url": "https://api.github.com/repos/TalkingData/Myna/commits{/sha}",
      "git_commits_url": "https://api.github.com/repos/TalkingData/Myna/git/commits{/sha}",
      "comments_url": "https://api.github.com/repos/TalkingData/Myna/comments{/number}",
      "issue_comment_url": "https://api.github.com/repos/TalkingData/Myna/issues/comments{/number}",
      "contents_url": "https://api.github.com/repos/TalkingData/Myna/contents/{+path}",
      "compare_url": "https://api.github.com/repos/TalkingData/Myna/compare/{base}...{head}",
      "merges_url": "https://api.github.com/repos/TalkingData/Myna/merges",
      "archive_url": "https://api.github.com/repos/TalkingData/Myna/{archive_format}{/ref}",
      "downloads_url": "https://api.github.com/repos/TalkingData/Myna/downloads",
      "issues_url": "https://api.github.com/repos/TalkingData/Myna/issues{/number}",
      "pulls_url": "https://api.github.com/repos/TalkingData/Myna/pulls{/number}",
      "milestones_url": "https://api.github.com/repos/TalkingData/Myna/milestones{/number}",
      "notifications_url": "https://api.github.com/repos/TalkingData/Myna/notifications{?since,all,participating}",
      "labels_url": "https://api.github.com/repos/TalkingData/Myna/labels{/name}",
      "releases_url": "https://api.github.com/repos/TalkingData/Myna/releases{/id}",
      "deployments_url": "https://api.github.com/repos/TalkingData/Myna/deployments",
      "created_at": "2016-09-20T14:01:56Z",
      "updated_at": "2018-11-19T06:59:29Z",
      "pushed_at": "2018-03-22T06:56:19Z",
      "git_url": "git://github.com/TalkingData/Myna.git",
      "ssh_url": "git@github.com:TalkingData/Myna.git",
      "clone_url": "https://github.com/TalkingData/Myna.git",
      "svn_url": "https://github.com/TalkingData/Myna",
      "homepage": "",
      "size": 18957,
      "stargazers_count": 130,
      "watchers_count": 130,
      "language": "Java",
      "has_issues": true,
      "has_projects": true,
      "has_downloads": true,
      "has_wiki": true,
      "has_pages": false,
      "forks_count": 46,
      "mirror_url": null,
      "archived": false,
      "open_issues_count": 2,
      "license": {
        "key": "apache-2.0",
        "name": "Apache License 2.0",
        "spdx_id": "Apache-2.0",
        "url": "https://api.github.com/licenses/apache-2.0",
        "node_id": "MDc6TGljZW5zZTI="
      },
      "forks": 46,
      "open_issues": 2,
      "watchers": 130,
      "default_branch": "master",
      "score": 27.849459
    },
    {
      "id": 18597032,
      "node_id": "MDEwOlJlcG9zaXRvcnkxODU5NzAzMg==",
      "name": "andmore",
      "full_name": "eclipse/andmore",
      "private": false,
      "owner": {
        "login": "eclipse",
        "id": 56974,
        "node_id": "MDEyOk9yZ2FuaXphdGlvbjU2OTc0",
        "avatar_url": "https://avatars1.githubusercontent.com/u/56974?v=4",
        "gravatar_id": "",
        "url": "https://api.github.com/users/eclipse",
        "html_url": "https://github.com/eclipse",
        "followers_url": "https://api.github.com/users/eclipse/followers",
        "following_url": "https://api.github.com/users/eclipse/following{/other_user}",
        "gists_url": "https://api.github.com/users/eclipse/gists{/gist_id}",
        "starred_url": "https://api.github.com/users/eclipse/starred{/owner}{/repo}",
        "subscriptions_url": "https://api.github.com/users/eclipse/subscriptions",
        "organizations_url": "https://api.github.com/users/eclipse/orgs",
        "repos_url": "https://api.github.com/users/eclipse/repos",
        "events_url": "https://api.github.com/users/eclipse/events{/privacy}",
        "received_events_url": "https://api.github.com/users/eclipse/received_events",
        "type": "Organization",
        "site_admin": false
      },
      "html_url": "https://github.com/eclipse/andmore",
      "description": "Andmore - Eclipse Android Tooling",
      "fork": true,
      "url": "https://api.github.com/repos/eclipse/andmore",
      "forks_url": "https://api.github.com/repos/eclipse/andmore/forks",
      "keys_url": "https://api.github.com/repos/eclipse/andmore/keys{/key_id}",
      "collaborators_url": "https://api.github.com/repos/eclipse/andmore/collaborators{/collaborator}",
      "teams_url": "https://api.github.com/repos/eclipse/andmore/teams",
      "hooks_url": "https://api.github.com/repos/eclipse/andmore/hooks",
      "issue_events_url": "https://api.github.com/repos/eclipse/andmore/issues/events{/number}",
      "events_url": "https://api.github.com/repos/eclipse/andmore/events",
      "assignees_url": "https://api.github.com/repos/eclipse/andmore/assignees{/user}",
      "branches_url": "https://api.github.com/repos/eclipse/andmore/branches{/branch}",
      "tags_url": "https://api.github.com/repos/eclipse/andmore/tags",
      "blobs_url": "https://api.github.com/repos/eclipse/andmore/git/blobs{/sha}",
      "git_tags_url": "https://api.github.com/repos/eclipse/andmore/git/tags{/sha}",
      "git_refs_url": "https://api.github.com/repos/eclipse/andmore/git/refs{/sha}",
      "trees_url": "https://api.github.com/repos/eclipse/andmore/git/trees{/sha}",
      "statuses_url": "https://api.github.com/repos/eclipse/andmore/statuses/{sha}",
      "languages_url": "https://api.github.com/repos/eclipse/andmore/languages",
      "stargazers_url": "https://api.github.com/repos/eclipse/andmore/stargazers",
      "contributors_url": "https://api.github.com/repos/eclipse/andmore/contributors",
      "subscribers_url": "https://api.github.com/repos/eclipse/andmore/subscribers",
      "subscription_url": "https://api.github.com/repos/eclipse/andmore/subscription",
      "commits_url": "https://api.github.com/repos/eclipse/andmore/commits{/sha}",
      "git_commits_url": "https://api.github.com/repos/eclipse/andmore/git/commits{/sha}",
      "comments_url": "https://api.github.com/repos/eclipse/andmore/comments{/number}",
      "issue_comment_url": "https://api.github.com/repos/eclipse/andmore/issues/comments{/number}",
      "contents_url": "https://api.github.com/repos/eclipse/andmore/contents/{+path}",
      "compare_url": "https://api.github.com/repos/eclipse/andmore/compare/{base}...{head}",
      "merges_url": "https://api.github.com/repos/eclipse/andmore/merges",
      "archive_url": "https://api.github.com/repos/eclipse/andmore/{archive_format}{/ref}",
      "downloads_url": "https://api.github.com/repos/eclipse/andmore/downloads",
      "issues_url": "https://api.github.com/repos/eclipse/andmore/issues{/number}",
      "pulls_url": "https://api.github.com/repos/eclipse/andmore/pulls{/number}",
      "milestones_url": "https://api.github.com/repos/eclipse/andmore/milestones{/number}",
      "notifications_url": "https://api.github.com/repos/eclipse/andmore/notifications{?since,all,participating}",
      "labels_url": "https://api.github.com/repos/eclipse/andmore/labels{/name}",
      "releases_url": "https://api.github.com/repos/eclipse/andmore/releases{/id}",
      "deployments_url": "https://api.github.com/repos/eclipse/andmore/deployments",
      "created_at": "2014-04-09T12:52:22Z",
      "updated_at": "2018-10-21T03:21:45Z",
      "pushed_at": "2018-03-25T11:35:10Z",
      "git_url": "git://github.com/eclipse/andmore.git",
      "ssh_url": "git@github.com:eclipse/andmore.git",
      "clone_url": "https://github.com/eclipse/andmore.git",
      "svn_url": "https://github.com/eclipse/andmore",
      "homepage": "http://www.eclipse.org/andmore",
      "size": 71512,
      "stargazers_count": 142,
      "watchers_count": 142,
      "language": "Java",
      "has_issues": false,
      "has_projects": true,
      "has_downloads": true,
      "has_wiki": true,
      "has_pages": false,
      "forks_count": 41,
      "mirror_url": null,
      "archived": false,
      "open_issues_count": 9,
      "license": null,
      "forks": 41,
      "open_issues": 9,
      "watchers": 142,
      "default_branch": "develop",
      "score": 25.37869
    },
    {
      "id": 68229620,
      "node_id": "MDEwOlJlcG9zaXRvcnk2ODIyOTYyMA==",
      "name": "tinkerpatch-sdk",
      "full_name": "TinkerPatch/tinkerpatch-sdk",
      "private": false,
      "owner": {
        "login": "TinkerPatch",
        "id": 24430761,
        "node_id": "MDEyOk9yZ2FuaXphdGlvbjI0NDMwNzYx",
        "avatar_url": "https://avatars1.githubusercontent.com/u/24430761?v=4",
        "gravatar_id": "",
        "url": "https://api.github.com/users/TinkerPatch",
        "html_url": "https://github.com/TinkerPatch",
        "followers_url": "https://api.github.com/users/TinkerPatch/followers",
        "following_url": "https://api.github.com/users/TinkerPatch/following{/other_user}",
        "gists_url": "https://api.github.com/users/TinkerPatch/gists{/gist_id}",
        "starred_url": "https://api.github.com/users/TinkerPatch/starred{/owner}{/repo}",
        "subscriptions_url": "https://api.github.com/users/TinkerPatch/subscriptions",
        "organizations_url": "https://api.github.com/users/TinkerPatch/orgs",
        "repos_url": "https://api.github.com/users/TinkerPatch/repos",
        "events_url": "https://api.github.com/users/TinkerPatch/events{/privacy}",
        "received_events_url": "https://api.github.com/users/TinkerPatch/received_events",
        "type": "Organization",
        "site_admin": false
      },
      "html_url": "https://github.com/TinkerPatch/tinkerpatch-sdk",
      "description": "TinkerPatch SDK",
      "fork": false,
      "url": "https://api.github.com/repos/TinkerPatch/tinkerpatch-sdk",
      "forks_url": "https://api.github.com/repos/TinkerPatch/tinkerpatch-sdk/forks",
      "keys_url": "https://api.github.com/repos/TinkerPatch/tinkerpatch-sdk/keys{/key_id}",
      "collaborators_url": "https://api.github.com/repos/TinkerPatch/tinkerpatch-sdk/collaborators{/collaborator}",
      "teams_url": "https://api.github.com/repos/TinkerPatch/tinkerpatch-sdk/teams",
      "hooks_url": "https://api.github.com/repos/TinkerPatch/tinkerpatch-sdk/hooks",
      "issue_events_url": "https://api.github.com/repos/TinkerPatch/tinkerpatch-sdk/issues/events{/number}",
      "events_url": "https://api.github.com/repos/TinkerPatch/tinkerpatch-sdk/events",
      "assignees_url": "https://api.github.com/repos/TinkerPatch/tinkerpatch-sdk/assignees{/user}",
      "branches_url": "https://api.github.com/repos/TinkerPatch/tinkerpatch-sdk/branches{/branch}",
      "tags_url": "https://api.github.com/repos/TinkerPatch/tinkerpatch-sdk/tags",
      "blobs_url": "https://api.github.com/repos/TinkerPatch/tinkerpatch-sdk/git/blobs{/sha}",
      "git_tags_url": "https://api.github.com/repos/TinkerPatch/tinkerpatch-sdk/git/tags{/sha}",
      "git_refs_url": "https://api.github.com/repos/TinkerPatch/tinkerpatch-sdk/git/refs{/sha}",
      "trees_url": "https://api.github.com/repos/TinkerPatch/tinkerpatch-sdk/git/trees{/sha}",
      "statuses_url": "https://api.github.com/repos/TinkerPatch/tinkerpatch-sdk/statuses/{sha}",
      "languages_url": "https://api.github.com/repos/TinkerPatch/tinkerpatch-sdk/languages",
      "stargazers_url": "https://api.github.com/repos/TinkerPatch/tinkerpatch-sdk/stargazers",
      "contributors_url": "https://api.github.com/repos/TinkerPatch/tinkerpatch-sdk/contributors",
      "subscribers_url": "https://api.github.com/repos/TinkerPatch/tinkerpatch-sdk/subscribers",
      "subscription_url": "https://api.github.com/repos/TinkerPatch/tinkerpatch-sdk/subscription",
      "commits_url": "https://api.github.com/repos/TinkerPatch/tinkerpatch-sdk/commits{/sha}",
      "git_commits_url": "https://api.github.com/repos/TinkerPatch/tinkerpatch-sdk/git/commits{/sha}",
      "comments_url": "https://api.github.com/repos/TinkerPatch/tinkerpatch-sdk/comments{/number}",
      "issue_comment_url": "https://api.github.com/repos/TinkerPatch/tinkerpatch-sdk/issues/comments{/number}",
      "contents_url": "https://api.github.com/repos/TinkerPatch/tinkerpatch-sdk/contents/{+path}",
      "compare_url": "https://api.github.com/repos/TinkerPatch/tinkerpatch-sdk/compare/{base}...{head}",
      "merges_url": "https://api.github.com/repos/TinkerPatch/tinkerpatch-sdk/merges",
      "archive_url": "https://api.github.com/repos/TinkerPatch/tinkerpatch-sdk/{archive_format}{/ref}",
      "downloads_url": "https://api.github.com/repos/TinkerPatch/tinkerpatch-sdk/downloads",
      "issues_url": "https://api.github.com/repos/TinkerPatch/tinkerpatch-sdk/issues{/number}",
      "pulls_url": "https://api.github.com/repos/TinkerPatch/tinkerpatch-sdk/pulls{/number}",
      "milestones_url": "https://api.github.com/repos/TinkerPatch/tinkerpatch-sdk/milestones{/number}",
      "notifications_url": "https://api.github.com/repos/TinkerPatch/tinkerpatch-sdk/notifications{?since,all,participating}",
      "labels_url": "https://api.github.com/repos/TinkerPatch/tinkerpatch-sdk/labels{/name}",
      "releases_url": "https://api.github.com/repos/TinkerPatch/tinkerpatch-sdk/releases{/id}",
      "deployments_url": "https://api.github.com/repos/TinkerPatch/tinkerpatch-sdk/deployments",
      "created_at": "2016-09-14T17:51:26Z",
      "updated_at": "2018-11-29T08:34:46Z",
      "pushed_at": "2018-03-26T07:34:07Z",
      "git_url": "git://github.com/TinkerPatch/tinkerpatch-sdk.git",
      "ssh_url": "git@github.com:TinkerPatch/tinkerpatch-sdk.git",
      "clone_url": "https://github.com/TinkerPatch/tinkerpatch-sdk.git",
      "svn_url": "https://github.com/TinkerPatch/tinkerpatch-sdk",
      "homepage": "http://tinkerpatch.com",
      "size": 503,
      "stargazers_count": 253,
      "watchers_count": 253,
      "language": "Java",
      "has_issues": true,
      "has_projects": true,
      "has_downloads": true,
      "has_wiki": true,
      "has_pages": false,
      "forks_count": 34,
      "mirror_url": null,
      "archived": false,
      "open_issues_count": 7,
      "license": {
        "key": "mit",
        "name": "MIT License",
        "spdx_id": "MIT",
        "url": "https://api.github.com/licenses/mit",
        "node_id": "MDc6TGljZW5zZTEz"
      },
      "forks": 34,
      "open_issues": 7,
      "watchers": 253,
      "default_branch": "master",
      "score": 24.911308
    },
    {
      "id": 65136727,
      "node_id": "MDEwOlJlcG9zaXRvcnk2NTEzNjcyNw==",
      "name": "onyx",
      "full_name": "hanuor/onyx",
      "private": false,
      "owner": {
        "login": "hanuor",
        "id": 11363676,
        "node_id": "MDQ6VXNlcjExMzYzNjc2",
        "avatar_url": "https://avatars3.githubusercontent.com/u/11363676?v=4",
        "gravatar_id": "",
        "url": "https://api.github.com/users/hanuor",
        "html_url": "https://github.com/hanuor",
        "followers_url": "https://api.github.com/users/hanuor/followers",
        "following_url": "https://api.github.com/users/hanuor/following{/other_user}",
        "gists_url": "https://api.github.com/users/hanuor/gists{/gist_id}",
        "starred_url": "https://api.github.com/users/hanuor/starred{/owner}{/repo}",
        "subscriptions_url": "https://api.github.com/users/hanuor/subscriptions",
        "organizations_url": "https://api.github.com/users/hanuor/orgs",
        "repos_url": "https://api.github.com/users/hanuor/repos",
        "events_url": "https://api.github.com/users/hanuor/events{/privacy}",
        "received_events_url": "https://api.github.com/users/hanuor/received_events",
        "type": "User",
        "site_admin": false
      },
      "html_url": "https://github.com/hanuor/onyx",
      "description": "An android library that uses technologies like artificial Intelligence, machine learning, and deep learning to make developers understand the content that they are displaying in their app.",
      "fork": false,
      "url": "https://api.github.com/repos/hanuor/onyx",
      "forks_url": "https://api.github.com/repos/hanuor/onyx/forks",
      "keys_url": "https://api.github.com/repos/hanuor/onyx/keys{/key_id}",
      "collaborators_url": "https://api.github.com/repos/hanuor/onyx/collaborators{/collaborator}",
      "teams_url": "https://api.github.com/repos/hanuor/onyx/teams",
      "hooks_url": "https://api.github.com/repos/hanuor/onyx/hooks",
      "issue_events_url": "https://api.github.com/repos/hanuor/onyx/issues/events{/number}",
      "events_url": "https://api.github.com/repos/hanuor/onyx/events",
      "assignees_url": "https://api.github.com/repos/hanuor/onyx/assignees{/user}",
      "branches_url": "https://api.github.com/repos/hanuor/onyx/branches{/branch}",
      "tags_url": "https://api.github.com/repos/hanuor/onyx/tags",
      "blobs_url": "https://api.github.com/repos/hanuor/onyx/git/blobs{/sha}",
      "git_tags_url": "https://api.github.com/repos/hanuor/onyx/git/tags{/sha}",
      "git_refs_url": "https://api.github.com/repos/hanuor/onyx/git/refs{/sha}",
      "trees_url": "https://api.github.com/repos/hanuor/onyx/git/trees{/sha}",
      "statuses_url": "https://api.github.com/repos/hanuor/onyx/statuses/{sha}",
      "languages_url": "https://api.github.com/repos/hanuor/onyx/languages",
      "stargazers_url": "https://api.github.com/repos/hanuor/onyx/stargazers",
      "contributors_url": "https://api.github.com/repos/hanuor/onyx/contributors",
      "subscribers_url": "https://api.github.com/repos/hanuor/onyx/subscribers",
      "subscription_url": "https://api.github.com/repos/hanuor/onyx/subscription",
      "commits_url": "https://api.github.com/repos/hanuor/onyx/commits{/sha}",
      "git_commits_url": "https://api.github.com/repos/hanuor/onyx/git/commits{/sha}",
      "comments_url": "https://api.github.com/repos/hanuor/onyx/comments{/number}",
      "issue_comment_url": "https://api.github.com/repos/hanuor/onyx/issues/comments{/number}",
      "contents_url": "https://api.github.com/repos/hanuor/onyx/contents/{+path}",
      "compare_url": "https://api.github.com/repos/hanuor/onyx/compare/{base}...{head}",
      "merges_url": "https://api.github.com/repos/hanuor/onyx/merges",
      "archive_url": "https://api.github.com/repos/hanuor/onyx/{archive_format}{/ref}",
      "downloads_url": "https://api.github.com/repos/hanuor/onyx/downloads",
      "issues_url": "https://api.github.com/repos/hanuor/onyx/issues{/number}",
      "pulls_url": "https://api.github.com/repos/hanuor/onyx/pulls{/number}",
      "milestones_url": "https://api.github.com/repos/hanuor/onyx/milestones{/number}",
      "notifications_url": "https://api.github.com/repos/hanuor/onyx/notifications{?since,all,participating}",
      "labels_url": "https://api.github.com/repos/hanuor/onyx/labels{/name}",
      "releases_url": "https://api.github.com/repos/hanuor/onyx/releases{/id}",
      "deployments_url": "https://api.github.com/repos/hanuor/onyx/deployments",
      "created_at": "2016-08-07T14:13:59Z",
      "updated_at": "2018-11-25T20:06:43Z",
      "pushed_at": "2018-03-22T18:03:47Z",
      "git_url": "git://github.com/hanuor/onyx.git",
      "ssh_url": "git@github.com:hanuor/onyx.git",
      "clone_url": "https://github.com/hanuor/onyx.git",
      "svn_url": "https://github.com/hanuor/onyx",
      "homepage": "",
      "size": 5124,
      "stargazers_count": 343,
      "watchers_count": 343,
      "language": "Java",
      "has_issues": true,
      "has_projects": true,
      "has_downloads": true,
      "has_wiki": true,
      "has_pages": false,
      "forks_count": 54,
      "mirror_url": null,
      "archived": false,
      "open_issues_count": 2,
      "license": {
        "key": "apache-2.0",
        "name": "Apache License 2.0",
        "spdx_id": "Apache-2.0",
        "url": "https://api.github.com/licenses/apache-2.0",
        "node_id": "MDc6TGljZW5zZTI="
      },
      "forks": 54,
      "open_issues": 2,
      "watchers": 343,
      "default_branch": "develop",
      "score": 16.379417
    },
    {
      "id": 9271598,
      "node_id": "MDEwOlJlcG9zaXRvcnk5MjcxNTk4",
      "name": "nodeclipse-1",
      "full_name": "Nodeclipse/nodeclipse-1",
      "private": false,
      "owner": {
        "login": "Nodeclipse",
        "id": 3231311,
        "node_id": "MDEyOk9yZ2FuaXphdGlvbjMyMzEzMTE=",
        "avatar_url": "https://avatars0.githubusercontent.com/u/3231311?v=4",
        "gravatar_id": "",
        "url": "https://api.github.com/users/Nodeclipse",
        "html_url": "https://github.com/Nodeclipse",
        "followers_url": "https://api.github.com/users/Nodeclipse/followers",
        "following_url": "https://api.github.com/users/Nodeclipse/following{/other_user}",
        "gists_url": "https://api.github.com/users/Nodeclipse/gists{/gist_id}",
        "starred_url": "https://api.github.com/users/Nodeclipse/starred{/owner}{/repo}",
        "subscriptions_url": "https://api.github.com/users/Nodeclipse/subscriptions",
        "organizations_url": "https://api.github.com/users/Nodeclipse/orgs",
        "repos_url": "https://api.github.com/users/Nodeclipse/repos",
        "events_url": "https://api.github.com/users/Nodeclipse/events{/privacy}",
        "received_events_url": "https://api.github.com/users/Nodeclipse/received_events",
        "type": "Organization",
        "site_admin": false
      },
      "html_url": "https://github.com/Nodeclipse/nodeclipse-1",
      "description": ":tennis: Nodeclipse-1 : Eclipse plugin for Node.js, PhantomJS and Nashorn JJS development (Nodeclipse core plugin); Maven and Gradle (with Android) plugins",
      "fork": false,
      "url": "https://api.github.com/repos/Nodeclipse/nodeclipse-1",
      "forks_url": "https://api.github.com/repos/Nodeclipse/nodeclipse-1/forks",
      "keys_url": "https://api.github.com/repos/Nodeclipse/nodeclipse-1/keys{/key_id}",
      "collaborators_url": "https://api.github.com/repos/Nodeclipse/nodeclipse-1/collaborators{/collaborator}",
      "teams_url": "https://api.github.com/repos/Nodeclipse/nodeclipse-1/teams",
      "hooks_url": "https://api.github.com/repos/Nodeclipse/nodeclipse-1/hooks",
      "issue_events_url": "https://api.github.com/repos/Nodeclipse/nodeclipse-1/issues/events{/number}",
      "events_url": "https://api.github.com/repos/Nodeclipse/nodeclipse-1/events",
      "assignees_url": "https://api.github.com/repos/Nodeclipse/nodeclipse-1/assignees{/user}",
      "branches_url": "https://api.github.com/repos/Nodeclipse/nodeclipse-1/branches{/branch}",
      "tags_url": "https://api.github.com/repos/Nodeclipse/nodeclipse-1/tags",
      "blobs_url": "https://api.github.com/repos/Nodeclipse/nodeclipse-1/git/blobs{/sha}",
      "git_tags_url": "https://api.github.com/repos/Nodeclipse/nodeclipse-1/git/tags{/sha}",
      "git_refs_url": "https://api.github.com/repos/Nodeclipse/nodeclipse-1/git/refs{/sha}",
      "trees_url": "https://api.github.com/repos/Nodeclipse/nodeclipse-1/git/trees{/sha}",
      "statuses_url": "https://api.github.com/repos/Nodeclipse/nodeclipse-1/statuses/{sha}",
      "languages_url": "https://api.github.com/repos/Nodeclipse/nodeclipse-1/languages",
      "stargazers_url": "https://api.github.com/repos/Nodeclipse/nodeclipse-1/stargazers",
      "contributors_url": "https://api.github.com/repos/Nodeclipse/nodeclipse-1/contributors",
      "subscribers_url": "https://api.github.com/repos/Nodeclipse/nodeclipse-1/subscribers",
      "subscription_url": "https://api.github.com/repos/Nodeclipse/nodeclipse-1/subscription",
      "commits_url": "https://api.github.com/repos/Nodeclipse/nodeclipse-1/commits{/sha}",
      "git_commits_url": "https://api.github.com/repos/Nodeclipse/nodeclipse-1/git/commits{/sha}",
      "comments_url": "https://api.github.com/repos/Nodeclipse/nodeclipse-1/comments{/number}",
      "issue_comment_url": "https://api.github.com/repos/Nodeclipse/nodeclipse-1/issues/comments{/number}",
      "contents_url": "https://api.github.com/repos/Nodeclipse/nodeclipse-1/contents/{+path}",
      "compare_url": "https://api.github.com/repos/Nodeclipse/nodeclipse-1/compare/{base}...{head}",
      "merges_url": "https://api.github.com/repos/Nodeclipse/nodeclipse-1/merges",
      "archive_url": "https://api.github.com/repos/Nodeclipse/nodeclipse-1/{archive_format}{/ref}",
      "downloads_url": "https://api.github.com/repos/Nodeclipse/nodeclipse-1/downloads",
      "issues_url": "https://api.github.com/repos/Nodeclipse/nodeclipse-1/issues{/number}",
      "pulls_url": "https://api.github.com/repos/Nodeclipse/nodeclipse-1/pulls{/number}",
      "milestones_url": "https://api.github.com/repos/Nodeclipse/nodeclipse-1/milestones{/number}",
      "notifications_url": "https://api.github.com/repos/Nodeclipse/nodeclipse-1/notifications{?since,all,participating}",
      "labels_url": "https://api.github.com/repos/Nodeclipse/nodeclipse-1/labels{/name}",
      "releases_url": "https://api.github.com/repos/Nodeclipse/nodeclipse-1/releases{/id}",
      "deployments_url": "https://api.github.com/repos/Nodeclipse/nodeclipse-1/deployments",
      "created_at": "2013-04-07T05:01:49Z",
      "updated_at": "2018-10-25T10:25:40Z",
      "pushed_at": "2018-03-26T15:17:22Z",
      "git_url": "git://github.com/Nodeclipse/nodeclipse-1.git",
      "ssh_url": "git@github.com:Nodeclipse/nodeclipse-1.git",
      "clone_url": "https://github.com/Nodeclipse/nodeclipse-1.git",
      "svn_url": "https://github.com/Nodeclipse/nodeclipse-1",
      "homepage": "https://nodeclipse.github.io/",
      "size": 8995,
      "stargazers_count": 151,
      "watchers_count": 151,
      "language": "Java",
      "has_issues": true,
      "has_projects": true,
      "has_downloads": true,
      "has_wiki": true,
      "has_pages": true,
      "forks_count": 74,
      "mirror_url": null,
      "archived": false,
      "open_issues_count": 67,
      "license": null,
      "forks": 74,
      "open_issues": 67,
      "watchers": 151,
      "default_branch": "master",
      "score": 15.358135
    }
  ]
}
